"id","item","code","name","segment","ncms"
"cest_0100100","1","01.001.00","Catalisadores em colmeia cerâmica ou metálica para conversão catalítica de gases de escape de veículos e outros catalisadores","01","38151210,38151290"
"cest_0100200","2","01.002.00","Tubos e seus acessórios (por exemplo, juntas, cotovelos, flanges, uniões), de plásticos","01","3917"
"cest_0100300","3","01.003.00","Protetores de caçamba","01","39181000"
"cest_0100400","4","01.004.00","Reservatórios de óleo","01","39233000"
"cest_0100500","5","01.005.00","Frisos, decalques, molduras e acabamentos","01","39263000"
"cest_0100600","6","01.006.00","Correias de transmissão de borracha vulcanizada, de matérias têxteis, mesmo impregnadas, revestidas ou recobertas, de plástico, ou estratificadas com plástico ou reforçadas com metal ou com outras matérias","01","40103,59100000"
"cest_0100700","7","01.007.00","Juntas, gaxetas e outros elementos com função semelhante de vedação","01","40169300,4823909"
"cest_0100800","8","01.008.00","Partes de veículos automóveis, tratores e máquinas autopropulsadas","01","40161010"
"cest_0100900","9","01.009.00","Tapetes, revestimentos, mesmo confeccionados, batentes, buchas e coxins","01","40169990,57050000"
"cest_0101000","10","01.010.00","Tecidos impregnados, revestidos, recobertos ou estratificados, com plástico","01","59039000"
"cest_0101100","11","01.011.00","Mangueiras e tubos semelhantes, de matérias têxteis, mesmo com reforço ou acessórios de outras matérias","01","59090000"
"cest_0101200","12","01.012.00","Encerados e toldos","01","63061"
"cest_0101300","13","01.013.00","Capacetes e artefatos de uso semelhante, de proteção, para uso em motocicletas, incluídos ciclomotores","01","65061000"
"cest_0101400","14","01.014.00","Guarnições de fricção (por exemplo, placas, rolos, tiras, segmentos, discos, anéis, pastilhas), não montadas, para freios, embreagens ou qualquer outro mecanismo de fricção, à base de amianto, de outras substâncias minerais ou de celulose, mesmo combinadas com têxteis ou outras matérias","01","6813"
"cest_0101500","15","01.015.00","Vidros de dimensões e formatos que permitam aplicação automotiva","01","70071100,70072100"
"cest_0101600","16","01.016.00","Espelhos retrovisores","01","70091000"
"cest_0101700","17","01.017.00","Lentes de faróis, lanternas e outros utensílios","01","70140000"
"cest_0101800","18","01.018.00","Cilindro de aço para GNV (gás natural veicular)","01","73110000"
"cest_0101900","19","01.019.00","Recipientes para gases comprimidos ou liquefeitos, de ferro fundido, ferro ou aço, exceto o descrito no item 18.0","01","73110000"
"cest_0102000","20","01.020.00","Molas e folhas de molas, de ferro ou aço","01","7320"
"cest_0102100","21","01.021.00","Obras moldadas, de ferro fundido, ferro ou aço, exceto as do código 7325.91.00","01","7325"
"cest_0102200","22","01.022.00","Peso de chumbo para balanceamento de roda","01","7806"
"cest_0102300","23","01.023.00","Peso para balanceamento de roda e outros utensílios de estanho","01","80070090"
"cest_0102400","24","01.024.00","Fechaduras e partes de fechaduras","01","830120,830160"
"cest_0102500","25","01.025.00","Chaves apresentadas isoladamente","01","83017"
"cest_0102600","26","01.026.00","Dobradiças, guarnições, ferragens e artigos semelhantes de metais comuns","01","83021000,83023000"
"cest_0102700","27","01.027.00","Triângulo de segurança","01","8310"
"cest_0102800","28","01.028.00","Motores de pistão alternativo dos tipos utilizados para propulsão de veículos do Capítulo 87","01","84073"
"cest_0102900","29","01.029.00","Motores dos tipos utilizados para propulsão de veículos automotores","01","84082"
"cest_0103000","30","01.030.00","Partes reconhecíveis como exclusiva ou principalmente destinadas aos motores das posições 8407 ou 8408","01","84099"
"cest_0103100","31","01.031.00","Motores hidráulicos","01","84122"
"cest_0103200","32","01.032.00","Bombas para combustíveis, lubrificantes ou líquidos de arrefecimento, próprias para motores de ignição por centelha ou por compressão","01","84133"
"cest_0103300","33","01.033.00","Bombas de vácuo","01","84141000"
"cest_0103400","34","01.034.00","Compressores e turbocompressores de ar","01","8414801,8414802"
"cest_0103500","35","01.035.00","Partes das bombas, compressores e turbocompressores dos CEST 01.032.00, 01.033.00 e 01.034.00","01","84139190,84149010,8414903,84149039"
"cest_0103600","36","01.036.00","Máquinas e aparelhos de ar condicionado","01","84152"
"cest_0103700","37","01.037.00","Aparelhos para filtrar óleos minerais nos motores de ignição por centelha ou por compressão","01","84212300"
"cest_0103800","38","01.038.00","Filtros a vácuo","01","84212990"
"cest_0103900","39","01.039.00","Partes dos aparelhos para filtrar ou depurar líquidos ou gases","01","84219"
"cest_0104000","40","01.040.00","Extintores, mesmo carregados","01","84241000"
"cest_0104100","41","01.041.00","Filtros de entrada de ar para motores de ignição por centelha ou por compressão","01","84213100"
"cest_0104200","42","01.042.00","Depuradores por conversão catalítica de gases de escape","01","84213200"
"cest_0104300","43","01.043.00","Macacos","01","84254200"
"cest_0104400","44","01.044.00","Partes para macacos do CEST 01.043.00","01","84311010"
"cest_0104500","45","01.045.00","Partes reconhecíveis como exclusiva ou principalmente destinadas às máquinas agrícolas ou rodoviárias","01","8431492"
"cest_0104501","45.1","01.045.01","Partes reconhecíveis como exclusiva ou principalmente destinadas às máquinas agrícolas ou rodoviárias","01","84339090"
"cest_0104600","46","01.046.00","Válvulas redutoras de pressão","01","84811000"
"cest_0104700","47","01.047.00","Válvulas para transmissão óleo-hidráulicas ou pneumáticas","01","84812"
"cest_0104800","48","01.048.00","Válvulas solenoides","01","84818092"
"cest_0104900","49","01.049.00","Rolamentos","01","8482"
"cest_0105000","50","01.050.00","Árvores de transmissão (incluídas as árvores de “cames” e virabrequins) e manivelas; mancais e “bronzes”; engrenagens e rodas de fricção; eixos de esferas ou de roletes; redutores, multiplicadores, caixas de transmissão e variadores de velocidade, incluídos os conversores de torque; volantes e polias, incluídas as polias para cadernais; embreagens e dispositivos de acoplamento, incluídas as juntas de articulação","01","8483"
"cest_0105100","51","01.051.00","Juntas metaloplásticas; jogos ou sortidos de juntas de composições diferentes, apresentados em bolsas, envelopes ou embalagens semelhantes; juntas de vedação mecânicas (selos mecânicos)","01","8484"
"cest_0105200","52","01.052.00","Acoplamentos, embreagens, variadores de velocidade e freios, eletromagnéticos","01","85052"
"cest_0105300","53","01.053.00","Acumuladores elétricos de chumbo, do tipo utilizado para o arranque dos motores de pistão, exceto os classificados no CEST 01.053.01","01","85071"
"cest_0105301","53.1","01.053.01","Acumuladores elétricos de chumbo, do tipo utilizado para o arranque dos motores de pistão e de capacidade inferior ou igual a 20 Ah e tensão inferior ou igual a 12 V","01","85071010"
"cest_0105400","54","01.054.00","Aparelhos e dispositivos elétricos de ignição ou de arranque para motores de ignição por centelha ou por compressão (por exemplo, magnetos, dínamos-magnetos, bobinas de ignição, velas de ignição ou de aquecimento, motores de arranque); geradores (dínamos e alternadores, por exemplo) e conjuntores-disjuntores utilizados com estes motores","01","8511"
"cest_0105500","55","01.055.00","Aparelhos elétricos de iluminação ou de sinalização (exceto os da posição 8539), limpadores de para-brisas, degeladores e desembaçadores (desembaciadores) elétricos e suas partes","01","851220,851240,85129000"
"cest_0105600","56","01.056.00","Telefones móveis do tipo dos utilizados em veículos automóveis","01","85171410"
"cest_0105700","57","01.057.00","Alto-falantes, amplificadores elétricos de audiofrequência e partes","01","8518"
"cest_0105800","58","01.058.00","Aparelhos elétricos de amplificação de som para veículos automotores","01","85185000"
"cest_0105900","59","01.059.00","Aparelhos de reprodução de som","01","851981"
"cest_0106000","60","01.060.00","Aparelhos transmissores (emissores) de radiotelefonia ou radiotelegrafia (rádio receptor/transmissor)","01","8525501,85256010"
"cest_0106100","61","01.061.00","Aparelhos receptores de radiodifusão que só funcionem com fonte externa de energia combinados com um aparelho de gravação ou de reprodução de som, do tipo utilizado em veículos automóveis","01","85272100"
"cest_0106200","62","01.062.00","Outros aparelhos receptores de radiodifusão que só funcionem com fonte externa de energia, do tipo utilizado em veículos automóveis","01","85272900"
"cest_0106201","62.1","01.062.01","Outros aparelhos videofônicos de gravação ou de reprodução, mesmo incorporando um receptor de sinais videofônicos, dos tipos utilizados exclusivamente em veículos automotores","01","85219090"
"cest_0106300","63","01.063.00","Antenas","01","85291"
"cest_0106400","64","01.064.00","Circuitos impressos","01","8534"
"cest_0106500","65","01.065.00","Interruptores e seccionadores e comutadores","01","853530,853650"
"cest_0106600","66","01.066.00","Fusíveis e corta-circuitos de fusíveis","01","85361000"
"cest_0106700","67","01.067.00","Disjuntores","01","85362000"
"cest_0106800","68","01.068.00","Relés","01","85364"
"cest_0106900","69","01.069.00","Partes reconhecíveis como exclusivas ou principalmente destinados aos aparelhos dos CEST 01.065.00, 01.066.00, 01.067.00 e 01.068.00","01","8538"
"cest_0107000","70","01.070.00","Faróis e projetores, em unidades seladas","01","85391"
"cest_0107100","71","01.071.00","Lâmpadas e tubos de incandescência, exceto de raios ultravioleta ou infravermelhos","01","85392"
"cest_0107200","72","01.072.00","Cabos coaxiais e outros condutores elétricos coaxiais","01","85442000"
"cest_0107300","73","01.073.00","Jogos de fios para velas de ignição e outros jogos de fios","01","85443000"
"cest_0107400","74","01.074.00","Carroçarias para os veículos automóveis das posições 8701 a 8705, incluídas as cabinas","01","8707"
"cest_0107500","75","01.075.00","Partes e acessórios dos veículos automóveis das posições 8701 a 8705","01","8708"
"cest_0107600","76","01.076.00","Parte e acessórios de motocicletas (incluídos os ciclomotores)","01","87141"
"cest_0107700","77","01.077.00","Engates para reboques e semirreboques","01","87169090"
"cest_0107800","78","01.078.00","Medidores de nível; Medidores de vazão","01","90261"
"cest_0107900","79","01.079.00","Aparelhos para medida ou controle da pressão","01","90262"
"cest_0108000","80","01.080.00","Contadores, indicadores de velocidade e tacômetros, suas partes e acessórios","01","9029"
"cest_0108100","81","01.081.00","Amperímetros","01","90303321"
"cest_0108200","82","01.082.00","Aparelhos digitais, de uso em veículos automóveis, para medida e indicação de múltiplas grandezas tais como: velocidade média, consumos instantâneo e médio e autonomia (computador de bordo)","01","90318040"
"cest_0108300","83","01.083.00","Controladores eletrônicos","01","9032892"
"cest_0108400","84","01.084.00","Relógios para painéis de instrumentos e relógios semelhantes","01","91040000"
"cest_0108500","85","01.085.00","Assentos e partes de assentos","01","94012000,94019900"
"cest_0108600","86","01.086.00","Acendedores","01","96138000"
"cest_0108700","87","01.087.00","Tubos de borracha vulcanizada não endurecida, mesmo providos de seus acessórios","01","4009"
"cest_0108800","88","01.088.00","Juntas de vedação de cortiça natural e de amianto","01","45049000,68129910"
"cest_0108900","89","01.089.00","Papel-diagrama para tacógrafo, em disco","01","48234000"
"cest_0109000","90","01.090.00","Fitas, tiras, adesivos, autocolantes, de plástico, refletores, mesmo em rolos; placas metálicas com película de plástico refletora, próprias para colocação em carrocerias, para-choques de veículos de carga, motocicletas, ciclomotores, capacetes, bonés de agentes de trânsito e de condutores de veículos, atuando como dispositivos refletivos de segurança rodoviários","01","391910,391990,87082999"
"cest_0109100","91","01.091.00","Cilindros pneumáticos","01","84123110"
"cest_0109200","92","01.092.00","Bomba elétrica de lavador de para-brisa","01","84131900,84135090,84138100"
"cest_0109300","93","01.093.00","Bomba de assistência de direção hidráulica","01","84136019,84137010"
"cest_0109400","94","01.094.00","Motoventiladores","01","84145910,84145990"
"cest_0109500","95","01.095.00","Filtros de pólen do ar-condicionado","01","84213990"
"cest_0109600","96","01.096.00","“Máquina” de vidro elétrico de porta","01","85011019"
"cest_0109700","97","01.097.00","Motor de limpador de para-brisa","01","85013110"
"cest_0109800","98","01.098.00","Bobinas de reatância e de autoindução","01","85045000"
"cest_0109900","99","01.099.00","Baterias de chumbo e de níquel-cádmio","01","850720,850730"
"cest_0110000","100","01.100.00","Aparelhos de sinalização acústica (buzina)","01","85123000"
"cest_0110100","101","01.101.00","Instrumentos para regulação de grandezas não elétricas","01","9032898,9032899"
"cest_0110200","102","01.102.00","Analisadores de gases ou de fumaça (sonda lambda)","01","90271000"
"cest_0110300","103","01.103.00","Perfilados de borracha vulcanizada não endurecida","01","40081100"
"cest_0110400","104","01.104.00","Artefatos de pasta de fibra de uso automotivo","01","56012219"
"cest_0110500","105","01.105.00","Tapetes/carpetes – náilon","01","57032900"
"cest_0110600","106","01.106.00","Tapetes de matérias têxteis sintéticas","01","57033900"
"cest_0110700","107","01.107.00","Forração interior capacete","01","59119000"
"cest_0110800","108","01.108.00","Outros para-brisas","01","69039099"
"cest_0110900","109","01.109.00","Moldura com espelho","01","70072900"
"cest_0111000","110","01.110.00","REVOGADO","01","73145000"
"cest_0111100","111","01.111.00","Corrente transmissão","01","73151100"
"cest_0111200","112","01.112.00","Outras correntes de transmissão","01","73151210"
"cest_0111300","113","01.113.00","Condensador tubular metálico","01","84189900"
"cest_0111400","114","01.114.00","Trocadores de calor","01","84195"
"cest_0111500","115","01.115.00","Partes de aparelhos mecânicos de pulverizar ou dispersar","01","84249090"
"cest_0111600","116","01.116.00","Macacos manuais para veículos","01","84254910"
"cest_0111700","117","01.117.00","Caçambas, pás, ganchos e tenazes para máquinas rodoviárias","01","84314100"
"cest_0111800","118","01.118.00","Geradores de corrente alternada de potência não superior a 75 kva","01","85016100"
"cest_0111900","119","01.119.00","Aparelhos elétricos para alarme de uso automotivo","01","85311090"
"cest_0112000","120","01.120.00","Bússolas","01","90141000"
"cest_0112100","121","01.121.00","Indicadores de temperatura","01","90251990"
"cest_0112200","122","01.122.00","Partes de indicadores de temperatura","01","90259010"
"cest_0112300","123","01.123.00","Partes de aparelhos de medida ou controle","01","90269"
"cest_0112400","124","01.124.00","Termostatos","01","90321010"
"cest_0112500","125","01.125.00","Instrumentos e aparelhos para regulação","01","90321090"
"cest_0112600","126","01.126.00","Pressostatos","01","90322000"
"cest_0112700","127","01.127.00","Peças para reboques e semirreboques, exceto os itens classificados no CEST 01.077.00","01","87169"
"cest_0112800","128","01.128.00","Geradores de ar quente a combustível líquido, com capacidade superior ou igual a 1.500 kcal/h, mas inferior ou igual a 10.400 kcal/h, do tipo dos utilizados em veículos automóveis","01","73229010"
"cest_0199900","999","01.999.00","Outras peças, partes e acessórios para veículos automotores não relacionados nos demais itens deste anexo","01",""
"cest_0200100","1","02.001.00","Aperitivos, amargos, bitter e similares","02","2205,22089000"
"cest_0200200","2","02.002.00","Batida e similares","02","22089000"
"cest_0200300","3","02.003.00","Bebida ice","02","22089000"
"cest_0200400","4","02.004.00","Cachaça e aguardentes","02","220720,22084000"
"cest_0200500","5","02.005.00","Catuaba e similares","02","2205,22060090,22089000"
"cest_0200600","6","02.006.00","Conhaque, brandy e similares","02","22082000"
"cest_0200700","7","02.007.00","Cooler","02","22060090,22089000"
"cest_0200800","8","02.008.00","Gim (gin) e genebra","02","22085000"
"cest_0200900","9","02.009.00","Jurubeba e similares","02","2205,22060090,22089000"
"cest_0201000","10","02.010.00","Licores e similares","02","22087000"
"cest_0201100","11","02.011.00","Pisco","02","22082000"
"cest_0201200","12","02.012.00","Rum","02","22084000"
"cest_0201300","13","02.013.00","Saquê","02","22060090"
"cest_0201400","14","02.014.00","Steinhaeger","02","22089000"
"cest_0201500","15","02.015.00","Tequila","02","22089000"
"cest_0201600","16","02.016.00","Uísque","02","22083"
"cest_0201700","17","02.017.00","Vermute e similares","02","2205"
"cest_0201800","18","02.018.00","Vodka","02","22086000"
"cest_0201900","19","02.019.00","Derivados de vodka","02","22089000"
"cest_0202000","20","02.020.00","Arak","02","22089000"
"cest_0202100","21","02.021.00","Aguardente vínica / grappa","02","22082000"
"cest_0202200","22","02.022.00","Sidra e similares","02","22060010"
"cest_0202300","23","02.023.00","Sangrias e coquetéis","02","2205,22060090,22089000"
"cest_0202400","24","02.024.00","Vinhos de uvas frescas, incluindo os vinhos enriquecidos com álcool; mostos de uvas.","02","2204"
"cest_0299900","999","02.999.00","Outras bebidas alcoólicas não especificadas nos itens anteriores","02","2205,2206,2207,2208"
"cest_0300100","1","03.001.00","REVOGADO","03","22011000"
"cest_0300200","2","03.002.00","REVOGADO","03","22011000"
"cest_0300300","3","03.003.00","Água mineral, gasosa ou não, ou potável, naturais, em embalagem de vidro descartável","03","22011000,22019000"
"cest_0300301","3.1","03.003.01","Água mineral, gasosa ou não, ou potável, naturais, adicionadas de sais, em embalagem de vidro descartável","03","22011000,22019000"
"cest_0300400","4","03.004.00","REVOGADO","03","22011000"
"cest_0300500","5","03.005.00","Água mineral, gasosa ou não, ou potável, naturais, em copo plástico descartável","03","22011000,22019000"
"cest_0300501","5.1","03.005.01","Água mineral, gasosa ou não, ou potável, naturais, adicionadas de sais, em copo plástico descartável","03","22011000,22019000"
"cest_0300502","5.2","03.005.02","Água mineral, gasosa ou não, ou potável, naturais, em jarra descartável","03","22011000,22019000"
"cest_0300503","5.3","03.005.03","Água mineral, gasosa ou não, ou potável, naturais, adicionadas de sais, em jarra descartável","03","22011000,22019000"
"cest_0300504","5.4","03.005.04","Água mineral, gasosa ou não, ou potável, naturais, em demais embalagens descartáveis","03","22011000,22019000"
"cest_0300505","5.5","03.005.05","Água mineral, gasosa ou não, ou potável, naturais, adicionadas de sais, em demais embalagens descartáveis","03","22011000,22019000"
"cest_0300600","6","03.006.00","Outras águas minerais, gasosa ou não, ou potável, naturais; exceto as classificadas no CEST 03.003.00, 03.003.01, 03.005.00, 03.005.01 a 03.005.05, 03.024.00 e 03.025.00","03","2201"
"cest_0300700","7","03.007.00","Água aromatizada artificialmente, exceto os refrescos e refrigerantes","03","22021000"
"cest_0300800","8","03.008.00","Outras águas minerais, gasosa ou não, ou potável, naturais, inclusive gaseificadas ou aromatizadas artificialmente, exceto os refrescos e refrigerantes","03","22029900"
"cest_0301000","10","03.010.00","Refrigerante em vidro descartável","03","22021000,22029900"
"cest_0301001","10.1","03.010.01","Refrigerante em embalagem pet","03","22021000,22029900"
"cest_0301002","10.2","03.010.02","Refrigerante em lata","03","22021000,22029900"
"cest_0301003","10.3","03.010.03","REVOGADO","03","22021000,22029900"
"cest_0301100","11","03.011.00","Demais refrigerantes, exceto os classificados no CEST 03.010.00, 03.010.01, 03.010.02 e 03.011.01","03","22021000,22029900"
"cest_0301101","11.1","03.011.01","Espumantes sem álcool","03","2202"
"cest_0301200","12","03.012.00","Xarope ou extrato concentrado destinados ao preparo de refrigerante em máquina “pré-mix” ou “post-mix”, exceto o classificado no CEST 03.012.01","03","21069010"
"cest_0301201","12.1","03.012.01","Cápsula de refrigerante","03","21069010"
"cest_0301300","13","03.013.00","Bebidas energéticas em lata","03","210690,22029900"
"cest_0301301","13.1","03.013.01","Bebidas energéticas em embalagem PET","03","210690,22029900"
"cest_0301302","13.2","03.013.02","Bebidas energéticas em vidro","03","210690,22029900"
"cest_0301400","14","03.014.00","REVOGADO","03","210690,22029900"
"cest_0301500","15","03.015.00","Bebidas hidroeletrolíticas","03","210690,22029900"
"cest_0301600","16","03.016.00","REVOGADO","03","210690,22029900"
"cest_0302100","21","03.021.00","Cerveja em garrafa de vidro retornável","03","22030000"
"cest_0302101","21.1","03.021.01","Cerveja em garrafa de vidro descartável","03","22030000"
"cest_0302102","21.2","03.021.02","Cerveja em garrafa de alumínio","03","22030000"
"cest_0302103","21.3","03.021.03","Cerveja em lata","03","22030000"
"cest_0302104","21.4","03.021.04","Cerveja em barril","03","22030000"
"cest_0302105","21.5","03.021.05","Cerveja em embalagem PET","03","22030000"
"cest_0302106","21.6","03.021.06","Cerveja em outras embalagens","03","22030000"
"cest_0302200","22","03.022.00","Cerveja sem álcool em garrafa de vidro retornável","03","22029100"
"cest_0302201","22.1","03.022.01","Cerveja sem álcool em garrafa de vidro descartável","03","22029100"
"cest_0302202","22.2","03.022.02","Cerveja sem álcool em garrafa de alumínio","03","22029100"
"cest_0302203","22.3","03.022.03","Cerveja sem álcool em lata","03","22029100"
"cest_0302204","22.4","03.022.04","Cerveja sem álcool em barril","03","22029100"
"cest_0302205","22.5","03.022.05","Cerveja sem álcool em embalagem PET","03","22029100"
"cest_0302206","22.6","03.022.06","Cerveja sem álcool em outras embalagens","03","22029100"
"cest_0302300","23","03.023.00","Chope","03","22030000"
"cest_0302400","24","03.024.00","Água mineral em embalagens retornáveis com capacidade igual ou superior a 10 (dez) e inferior a 20 (vinte) litros","03","22011000"
"cest_0302500","25","03.025.00","Água mineral em embalagens retornáveis com capacidade igual ou superior a 20 (vinte) litros","03","22011000"
"cest_0400100","1","04.001.00","Charutos, cigarrilhas e cigarros, de tabaco ou dos seus sucedâneos","04","2402"
"cest_0400200","2","04.002.00","Tabaco para fumar, mesmo contendo sucedâneos de tabaco em qualquer proporção","04","24031"
"cest_0500100","1","05.001.00","Cimento","05","2523"
"cest_0600100","1","06.001.00","Álcool etílico não desnaturado, com um teor alcoólico em volume igual ou superior a 80% vol - Com um teor de água igual ou inferior a 1 % vol (álcool etílico anidro combustível)","06","22071010"
"cest_0600101","1.1","06.001.01","Álcool etílico não desnaturado, com um teor alcoólico em volume igual ou superior a 80% vol - Outros (álcool etílico hidratado combustível)","06","22071090"
"cest_0600200","2","06.002.00","Gasolina automotiva A, exceto Premium","06","27101259"
"cest_0600201","2.1","06.002.01","Gasolina automotiva C, exceto Premium","06","27101259"
"cest_0600202","2.2","06.002.02","Gasolina automotiva A Premium","06","27101259"
"cest_0600203","2.3","06.002.03","Gasolina automotiva C Premium","06","27101259"
"cest_0600300","3","06.003.00","Gasolina de aviação","06","27101251"
"cest_0600400","4","06.004.00","Querosenes, exceto de aviação","06","27101919"
"cest_0600500","5","06.005.00","Querosene de aviação","06","27101911"
"cest_0600600","6","06.006.00","Óleo diesel A, exceto S10 e Marítimo","06","2710192"
"cest_0600601","6.1","06.006.01","Óleo diesel B, exceto S10 (mistura obrigatória)","06","2710192"
"cest_0600602","6.2","06.006.02","Óleo diesel B, exceto S10 (misturas autorizativas)","06","2710192"
"cest_0600603","6.3","06.006.03","Óleo diesel B, exceto S10 (misturas experimentais)","06","2710192"
"cest_0600604","6.4","06.006.04","Óleo diesel A S10","06","2710192"
"cest_0600605","6.5","06.006.05","Óleo diesel B S10 (mistura obrigatória)","06","2710192"
"cest_0600606","6.6","06.006.06","Óleo diesel B S10 (misturas autorizativas)","06","2710192"
"cest_0600607","6.7","06.006.07","Óleo diesel B S10 (misturas experimentais)","06","2710192"
"cest_0600608","6.8","06.006.08","Óleo Diesel Marítimo","06","2710192"
"cest_0600609","6.9","06.006.09","Outros óleos combustíveis, exceto os classificados no CEST 06.006.10 e 06.006.11","06","2710192"
"cest_0600610","6.1","06.006.10","Óleo combustível derivado de xisto","06","2710192"
"cest_0600611","6.11","06.006.11","Óleo combustível pesado","06","27101922"
"cest_0600700","7","06.007.00","Óleos lubrificantes","06","2710193"
"cest_0600800","8","06.008.00","Outros óleos de petróleo ou de minerais betuminosos (exceto óleos brutos) e preparações não especificadas nem compreendidas noutras posições, que contenham, como constituintes básicos, 70% ou mais, em peso, de óleos de petróleo ou de minerais betuminosos, exceto os que contenham biodiesel, exceto os resíduos de óleos e exceto as graxas lubrificantes","06","2710199"
"cest_0600801","8.1","06.008.01","Graxa lubrificante","06","2710199"
"cest_0600900","9","06.009.00","Resíduos de óleos","06","27109"
"cest_0601000","10","06.010.00","Gás de petróleo e outros hidrocarbonetos gasosos, exceto GLP, GLGN, Gás Natural e Gás de xisto.","06","2711"
"cest_0601100","11","06.011.00","Gás liquefeito de petróleo em botijão de 13 Kg (GLP)","06","27111910"
"cest_0601101","11.1","06.011.01","Gás liquefeito de petróleo (GLP), exceto em botijão de 13 Kg","06","27111910"
"cest_0601102","11.2","06.011.02","Gás liquefeito de petróleo em botijão de 13 Kg (GLGNn)","06","27111910"
"cest_0601103","11.3","06.011.03","Gás liquefeito de petróleo (GLGNn), exceto em botijão de 13 Kg","06","27111910"
"cest_0601104","11.4","06.011.04","Gás liquefeito de petróleo em botijão de 13 Kg (GLGNi)","06","27111910"
"cest_0601105","11.5","06.011.05","Gás liquefeito de petróleo (GLGNi), exceto em botijão de 13 Kg","06","27111910"
"cest_0601106","11.6","06.011.06","Gás liquefeito de petróleo em botijão de 13 kg (Misturas)","06","27111910"
"cest_0601107","11.7","06.011.07","Gás liquefeito de petróleo (Misturas), exceto em botijão de 13 Kg","06","27111910"
"cest_0601200","12","06.012.00","Gás Natural Liquefeito","06","27111100"
"cest_0601300","13","06.013.00","Gás Natural Gasoso","06","27112100"
"cest_0601400","14","06.014.00","Gás de xisto","06","27112990"
"cest_0601500","15","06.015.00","Coque de petróleo e outros resíduos de óleo de petróleo ou de minerais betuminosos","06","2713"
"cest_0601600","16","06.016.00","Biodiesel e suas misturas, que não contenham ou que contenham menos de 70%, em peso, de óleos de petróleo ou de óleos minerais betuminosos","06","38260000"
"cest_0601700","17","06.017.00","Preparações lubrificantes, exceto as contendo, como constituintes de base, 70% ou mais, em peso, de óleos de petróleo ou de minerais betuminosos","06","3403"
"cest_0601800","18","06.018.00","Óleos de petróleo ou de minerais betuminosos (exceto óleos brutos) e preparações não especificadas nem compreendidas noutras posições, que contenham, como constituintes básicos, 70% ou mais, em peso, de óleos de petróleo ou de minerais betuminosos, que contenham biodiesel, exceto os resíduos de óleos","06","27102000"
"cest_0601900","19","06.019.00","Naftas, exceto a Nafta petroquímica.","06","2710"
"cest_0700100","1","07.001.00","Energia elétrica","07","27160000"
"cest_0800100","1","08.001.00","Ferramentas de borracha vulcanizada não endurecida","08","40169990"
"cest_0800200","2","08.002.00","Ferramentas, armações e cabos de ferramentas, de madeira","08","44170010,44170090"
"cest_0800300","3","08.003.00","Mós e artefatos semelhantes, sem armação, para moer, desfibrar, triturar, amolar, polir, retificar ou cortar; pedras para amolar ou para polir, manualmente, e suas partes, de pedras naturais, de abrasivos naturais ou artificiais aglomerados ou de cerâmica, mesmo com partes de outras matérias","08","6804"
"cest_0800400","4","08.004.00","Pás, alviões, picaretas, enxadas, sachos, forcados e forquilhas, ancinhos e raspadeiras; machados, podões e ferramentas semelhantes com gume; tesouras de podar de todos os tipos; foices e foicinhas, facas para feno ou para palha, tesouras para sebes, cunhas e outras ferramentas manuais para agricultura, horticultura ou silvicultura","08","8201"
"cest_0800500","5","08.005.00","Folhas de serras de fita","08","82022000"
"cest_0800600","6","08.006.00","Lâminas de serras máquinas","08","82029100"
"cest_0800700","7","08.007.00","Serras manuais e outras folhas de serras (incluídas as fresas-serras e as folhas não dentadas para serrar), exceto as classificadas nos CEST 08.005.00 e 08.006.00","08","8202"
"cest_0800800","8","08.008.00","Limas, grosas, alicates (mesmo cortantes), tenazes, pinças, cisalhas para metais, corta-tubos, corta-pinos, saca-bocados e ferramentas semelhantes, manuais, exceto as pinças para sobrancelhas classificadas na posição 8203.20.90","08","8203"
"cest_0800900","9","08.009.00","Chaves de porcas, manuais (incluídas as chaves dinamométricas); chaves de caixa intercambiáveis, mesmo com cabos","08","8204"
"cest_0801000","10","08.010.00","Ferramentas manuais (incluídos os diamantes de vidraceiro) não especificadas nem compreendidas em outras posições, lamparinas ou lâmpadas de soldar (maçaricos) e semelhantes; tornos de apertar, sargentos e semelhantes, exceto os acessórios ou partes de máquinas-ferramentas; bigornas; forjas-portáteis; mós com armação, manuais ou de pedal","08","8205"
"cest_0801100","11","08.011.00","Ferramentas de pelo menos duas das posições 8202 a 8205, acondicionadas em sortidos para venda a retalho","08","82060000"
"cest_0801200","12","08.012.00","Ferramentas de roscar interior ou exteriormente; de mandrilar ou de brochar; e de fresar","08","820740,820760,820770"
"cest_0801300","13","08.013.00","Outras ferramentas intercambiáveis para ferramentas manuais, mesmo mecânicas, ou para máquinas-ferramentas (por exemplo, de embutir, estampar, puncionar, furar, tornear, aparafusar), incluídas as fieiras de estiragem ou de extrusão, para metais, e as ferramentas de perfuração ou de sondagem, exceto forma ou gabarito de produtos em epoxy e as classificadas no CEST 08.012.00","08","8207"
"cest_0801400","14","08.014.00","Facas e lâminas cortantes, para máquinas ou para aparelhos mecânicos","08","8208"
"cest_0801500","15","08.015.00","Plaquetas ou pastilhas intercambiáveis","08","82090011"
"cest_0801600","16","08.016.00","Outras plaquetas, varetas, pontas e objetos semelhantes para ferramentas, não montados, de ceramais (“cermets”), exceto as classificadas no CEST 08.015.00","08","8209"
"cest_0801700","17","08.017.00","Facas de lâmina cortante ou serrilhada, incluídas as podadeiras de lâmina móvel, e suas lâminas, exceto as de uso doméstico","08","8211"
"cest_0801800","18","08.018.00","Tesouras e suas lâminas","08","8213"
"cest_0801900","19","08.019.00","Ferramentas pneumáticas, hidráulicas ou com motor (elétrico ou não elétrico) incorporado, de uso manual, exceto o descrito no CEST 08.019.01","08","8467"
"cest_0801901","19.1","08.019.01","Moto-serras portáteis de corrente, com motor incorporado, não elétrico, de uso agrícola","08","84678100"
"cest_0802000","20","08.020.00","Instrumentos e aparelhos de geodesia, topografia, agrimensura, nivelamento, fotogrametria, hidrografia, oceanografia, hidrologia, meteorologia ou de geofísica, exceto bussolas; telêmetros","08","9015"
"cest_0802100","21","08.021.00","Instrumentos de desenho, de traçado ou de cálculo; metros, micrômetros, paquímetros, calibres e semelhantes; partes e acessórios","08","90172000,901730,901780,90179090"
"cest_0802200","22","08.022.00","Termômetros, suas partes e acessórios","08","90251190,90259010"
"cest_0802300","23","08.023.00","Pirômetros, suas partes e acessórios","08","902519,90259090"
"cest_0900100","1","09.001.00","Lâmpadas elétricas","09","8539"
"cest_0900200","2","09.002.00","Lâmpadas eletrônicas","09","8540"
"cest_0900300","3","09.003.00","Reatores para lâmpadas ou tubos de descargas","09","85041000"
"cest_0900400","4","09.004.00","“Starter”","09","85365"
"cest_0900500","5","09.005.00","Lâmpadas de LED (diodos emissores de luz)","09","85395200"
"cest_1000100","1","10.001.00","Cal","10","2522"
"cest_1000200","2","10.002.00","Argamassas","10","3816001,38245000"
"cest_1000300","3","10.003.00","Outras argamassas","10","32149000"
"cest_1000400","4","10.004.00","Silicones em formas primárias, para uso na construção","10","3910"
"cest_1000500","5","10.005.00","Revestimentos de PVC e outros plásticos; forro, sancas e afins de PVC, para uso na construção","10","3916"
"cest_1000600","6","10.006.00","Tubos, e seus acessórios (por exemplo, juntas, cotovelos, flanges, uniões), de plásticos, para uso na construção","10","3917"
"cest_1000700","7","10.007.00","Revestimento de pavimento de PVC e outros plásticos","10","3918"
"cest_1000800","8","10.008.00","Chapas, folhas, tiras, fitas, películas e outras formas planas, autoadesivas, de plásticos, mesmo em rolos, para uso na construção","10","3919"
"cest_1000900","9","10.009.00","Veda rosca, lona plástica para uso na construção, fitas isolantes e afins","10","3919,3920,3921"
"cest_1001000","10","10.010.00","Telha de plástico, mesmo reforçada com fibra de vidro","10","3921"
"cest_1001100","11","10.011.00","Cumeeira de plástico, mesmo reforçada com fibra de vidro","10","3921"
"cest_1001200","12","10.012.00","Chapas, laminados plásticos em bobina, para uso na construção, exceto os descritos no CEST 10.010.00 e 10.011.00","10","3921"
"cest_1001300","13","10.013.00","Banheiras, boxes para chuveiros, pias, lavatórios, bidês, sanitários e seus assentos e tampas, caixas de descarga e artigos semelhantes para usos sanitários ou higiênicos, de plásticos","10","3922"
"cest_1001400","14","10.014.00","Artefatos de higiene/toucador de plástico, para uso na construção","10","3924"
"cest_1001500","15","10.015.00","Caixa d’água, inclusive sua tampa, de plástico, mesmo reforçadas com fibra de vidro","10","39251000"
"cest_1001600","16","10.016.00","Outras telhas, cumeeira e caixa d’água, inclusive sua tampa, de plástico, mesmo reforçadas com fibra de vidro","10","39259"
"cest_1001700","17","10.017.00","Artefatos para apetrechamento de construções, de plásticos, não especificados nem compreendidos em outras posições, incluindo persianas, sancas, molduras, apliques e rosetas, caixilhos de polietileno e outros plásticos, exceto os descritos nos CEST 10.015.00 e 10.016.00","10","39251000,392590"
"cest_1001800","18","10.018.00","Portas, janelas e seus caixilhos, alizares e soleiras","10","39252000"
"cest_1001900","19","10.019.00","Postigos, estores (incluídas as venezianas) e artefatos semelhantes e suas partes","10","39253000"
"cest_1002000","20","10.020.00","Outras obras de plástico, para uso na construção","10","39269"
"cest_1002100","21","10.021.00","Papel de parede e revestimentos de parede semelhantes; papel para vitrais","10","4814"
"cest_1002200","22","10.022.00","Telhas de concreto","10","68101900"
"cest_1002300","23","10.023.00","REVOGADO","10","6811"
"cest_1002400","24","10.024.00","Caixas d’água, tanques e reservatórios e suas tampas, telhas, calhas, cumeeiras e afins, de fibrocimento, cimento-celulose ou semelhantes, contendo ou não amianto.","10","6811"
"cest_1002500","25","10.025.00","Tijolos, placas (lajes), ladrilhos e outras peças cerâmicas de farinhas siliciosas fósseis (“kieselghur”, tripolita, diatomita, por exemplo) ou de terras siliciosas semelhantes","10","69010000"
"cest_1002600","26","10.026.00","Tijolos, placas (lajes), ladrilhos e peças cerâmicas semelhantes, para uso na construção, refratários, que não sejam de farinhas siliciosas fósseis nem de terras siliciosas semelhantes","10","6902"
"cest_1002700","27","10.027.00","Tijolos para construção, tijoleiras, tapa-vigas e produtos semelhantes, de cerâmica","10","6904"
"cest_1002800","28","10.028.00","Telhas, elementos de chaminés, condutores de fumaça, ornamentos arquitetônicos, de cerâmica, e outros produtos cerâmicos para uso na construção","10","6905"
"cest_1002900","29","10.029.00","Tubos, calhas ou algerozes e acessórios para canalizações, de cerâmica","10","69060000"
"cest_1003000","30","10.030.00","Ladrilhos e placas de cerâmica, exclusivamente para pavimentação ou revestimento","10","6907"
"cest_1003001","30.1","10.030.01","Cubos, pastilhas e artigos semelhantes de cerâmica, mesmo com suporte, exceto os descritos CEST 10.030.00","10","6907"
"cest_1003100","31","10.031.00","Pias, lavatórios, colunas para lavatórios, banheiras, bidês, sanitários, caixas de descarga, mictórios e aparelhos fixos semelhantes para usos sanitários, de cerâmica","10","6910"
"cest_1003200","32","10.032.00","Artefatos de higiene/toucador de cerâmica","10","69120000"
"cest_1003300","33","10.033.00","Vidro vazado ou laminado, em chapas, folhas ou perfis, mesmo com camada absorvente, refletora ou não, mas sem qualquer outro trabalho","10","7003"
"cest_1003400","34","10.034.00","Vidro estirado ou soprado, em folhas, mesmo com camada absorvente, refletora ou não, mas sem qualquer outro trabalho","10","7004"
"cest_1003500","35","10.035.00","Vidro flotado e vidro desbastado ou polido em uma ou em ambas as faces, em chapas ou em folhas, mesmo com camada absorvente, refletora ou não, mas sem qualquer outro trabalho","10","7005"
"cest_1003600","36","10.036.00","Vidros temperados","10","70071900"
"cest_1003700","37","10.037.00","Vidros laminados","10","70072900"
"cest_1003800","38","10.038.00","Vidros isolantes de paredes múltiplas","10","7008"
"cest_1003900","39","10.039.00","Blocos, placas, tijolos, ladrilhos, telhas e outros artefatos, de vidro prensado ou moldado, mesmo armado, para uso na construção; cubos, pastilhas e outros artigos semelhantes","10","7016"
"cest_1004000","40","10.040.00","Barras próprias para construções, exceto vergalhões","10","72142000"
"cest_1004100","41","10.041.00","Outras barras próprias para construções, exceto vergalhões","10","73089010"
"cest_1004101","41.1","10.041.01","Outros vergalhões","10","73089010"
"cest_1004200","42","10.042.00","Vergalhões","10","72142000"
"cest_1004300","43","10.043.00","Outros vergalhões","10","7213"
"cest_1004400","44","10.044.00","Fios de ferro ou aço não ligados, não revestidos, mesmo polidos; cordas, cabos, tranças (entrançados), lingas e artefatos semelhantes, de ferro ou aço, não isolados para usos elétricos","10","72171090,7312"
"cest_1004500","45","10.045.00","Outros fios de ferro ou aço, não ligados, galvanizados com teor de carbono superior ou igual a 0,6%, em peso","10","72172010"
"cest_1004501","45.1","10.045.01","Outros fios de ferro ou aço, não ligados, galvanizados","10","72172090"
"cest_1004600","46","10.046.00","Acessórios para tubos (inclusive uniões, cotovelos, luvas ou mangas), de ferro fundido, ferro ou aço","10","7307"
"cest_1004700","47","10.047.00","Portas e janelas, e seus caixilhos, alizares e soleiras de ferro fundido, ferro ou aço","10","73083000"
"cest_1004800","48","10.048.00","Material para andaimes, para armações (cofragens) e para escoramentos, (inclusive armações prontas, para estruturas de concreto armado ou argamassa armada), eletrocalhas e perfilados de ferro fundido, ferro ou aço, próprios para construção, exceto treliças de aço","10","73084000,730890"
"cest_1004900","49","10.049.00","Treliças de aço","10","73084000"
"cest_1005000","50","10.050.00","Telhas metálicas","10","73089090"
"cest_1005100","51","10.051.00","Caixas diversas (tais como caixa de correio, de entrada de água, de energia, de instalação) de ferro fundido, ferro ou aço; próprias para a construção","10","7310"
"cest_1005200","52","10.052.00","Arame farpado, de ferro ou aço, arames ou tiras, retorcidos, mesmo farpados, de ferro ou aço, dos tipos utilizados em cercas","10","73130000"
"cest_1005300","53","10.053.00","Telas metálicas, grades e redes, de fios de ferro ou aço","10","7314"
"cest_1005400","54","10.054.00","Correntes de rolos, de ferro fundido, ferro ou aço","10","73151100"
"cest_1005500","55","10.055.00","Outras correntes de elos articulados, de ferro fundido, ferro ou aço","10","73151290"
"cest_1005600","56","10.056.00","Correntes de elos soldados, de ferro fundido, de ferro ou aço","10","73158200"
"cest_1005700","57","10.057.00","Tachas, pregos, percevejos, escápulas, grampos ondulados ou biselados e artefatos semelhantes, de ferro fundido, ferro ou aço, mesmo com a cabeça de outra matéria, exceto cobre","10","7317"
"cest_1005800","58","10.058.00","Parafusos, pinos ou pernos, roscados, porcas, tira-fundos, ganchos roscados, rebites, chavetas, contrapinos ou troços, arruelas (anilhas) (incluindo as de pressão) e artigos semelhantes, de ferro fundido, ferro ou aço","10","7318"
"cest_1005900","59","10.059.00","Palha de ferro ou aço, exceto os de uso doméstico classificados na posição NCM 7323.10.00","10","7323"
"cest_1005901","59.1","10.059.01","Esponjas, esfregões, luvas e artefatos semelhantes para limpeza, polimento e usos semelhantes, de ferro ou aço, exceto os de uso doméstico classificados na posição NCM 7323.10.00","10","7323"
"cest_1006000","60","10.060.00","Artefatos de higiene ou de toucador, e suas partes, de ferro fundido, ferro ou aço, incluídas as pias, banheiras, lavatórios, cubas, mictórios, tanques e afins de ferro fundido, ferro ou aço, para uso na construção","10","7324"
"cest_1006100","61","10.061.00","Outras obras moldadas, de ferro fundido, ferro ou aço, para uso na construção","10","7325"
"cest_1006200","62","10.062.00","Abraçadeiras","10","7326"
"cest_1006300","63","10.063.00","Barras de cobre","10","7407"
"cest_1006400","64","10.064.00","Tubos de cobre e suas ligas, para instalações de água quente e gás, para uso na construção","10","74111010"
"cest_1006500","65","10.065.00","Acessórios para tubos (por exemplo, uniões, cotovelos, luvas ou mangas) de cobre e suas ligas, para uso na construção","10","7412"
"cest_1006600","66","10.066.00","Tachas, pregos, percevejos, escápulas e artefatos semelhantes, de cobre, ou de ferro ou aço com cabeça de cobre, parafusos, pinos ou pernos, roscados, porcas, ganchos roscados, rebites, chavetas, cavilhas, contrapinos, arruelas (incluídas as de pressão), e artefatos semelhantes, de cobre","10","7415"
"cest_1006700","67","10.067.00","Artefatos de higiene/toucador de cobre, para uso na construção","10","74182000"
"cest_1006800","68","10.068.00","Manta de subcobertura aluminizada","10","76071990"
"cest_1006900","69","10.069.00","Tubos de alumínio e suas ligas, para refrigeração e ar condicionado, para uso na construção","10","7608"
"cest_1007000","70","10.070.00","Acessórios para tubos (por exemplo, uniões, cotovelos, luvas ou mangas), de alumínio, para uso na construção","10","76090000"
"cest_1007100","71","10.071.00","Construções e suas partes (por exemplo, pontes e elementos de pontes, torres, pórticos ou pilones, pilares, colunas, armações, estruturas para telhados, portas e janelas, e seus caixilhos, alizares e soleiras, balaustradas), de alumínio, exceto as construções pré-fabricadas da posição 9406; chapas, barras, perfis, tubos e semelhantes, de alumínio, próprios para construções","10","7610"
"cest_1007200","72","10.072.00","Artefatos de higiene/toucador de alumínio, para uso na construção","10","76152000"
"cest_1007300","73","10.073.00","Outras obras de alumínio, próprias para construções, incluídas as persianas","10","7616"
"cest_1007400","74","10.074.00","Outras guarnições, ferragens e artigos semelhantes de metais comuns, para construções, inclusive puxadores.","10","83024100"
"cest_1007500","75","10.075.00","Fechaduras e ferrolhos (de chave, de segredo ou elétricos), de metais comuns, incluídas as suas partes fechos e armações com fecho, com fechadura, de metais comuns chaves para estes artigos, de metais comuns; exceto os de uso automotivo","10","8301"
"cest_1007600","76","10.076.00","Dobradiças de metais comuns, de qualquer tipo","10","83021000"
"cest_1007700","77","10.077.00","Tubos flexíveis de metais comuns, mesmo com acessórios, para uso na construção","10","8307"
"cest_1007800","78","10.078.00","Fios, varetas, tubos, chapas, eletrodos e artefatos semelhantes, de metais comuns ou de carbonetos metálicos, revestidos exterior ou interiormente de decapantes ou de fundentes, para soldagem (soldadura) ou depósito de metal ou de carbonetos metálicos fios e varetas de pós de metais comuns aglomerados, para metalização por projeção","10","8311"
"cest_1007900","79","10.079.00","Torneiras, válvulas (incluídas as redutoras de pressão e as termostáticas) e dispositivos semelhantes, para canalizações, caldeiras, reservatórios, cubas e outros recipientes","10","8481"
"cest_1008000","80","10.080.00","Espelhos de vidro, mesmo emoldurados, exceto os de uso automotivo","10","7009"
"cest_1100100","1","11.001.00","Água sanitária, branqueador e outros alvejantes","11","28289011,28289019,32064100,34025000,38089419"
"cest_1100200","2","11.002.00","Sabões, desinfetantes e sanitizantes, todos em pó, flocos, palhetas, grânulos ou outras formas semelhantes, para lavar roupas","11","34012090,38089419"
"cest_1100300","3","11.003.00","Sabões, desinfetantes e sanitizantes, todos líquidos para lavar roupas","11","34012090,38089419"
"cest_1100400","4","11.004.00","Detergentes em pó, flocos, palhetas, grânulos ou outras formas semelhantes, inclusive adicionados de propriedades desinfetantes ou sanitizantes.","11","34025000"
"cest_1100500","5","11.005.00","Detergentes líquidos, exceto para lavar roupa","11","34025000"
"cest_1100600","6","11.006.00","Detergente líquido para lavar roupa, inclusive adicionados de propriedades desinfetantes ou sanitizantes.","11","34025000"
"cest_1100700","7","11.007.00","Outros agentes orgânicos de superfície (exceto sabões); preparações tensoativas, preparações para lavagem (incluídas as preparações auxiliares para lavagem) e preparações para limpeza (inclusive multiuso e limpadores), mesmo contendo sabão, exceto os produtos descritos nos CEST 11.001.00, 11.004.00, 11.005.00 e 11.006.00; em embalagem de conteúdo inferior ou igual a 50 litros ou 50 kg","11","3402"
"cest_1100800","8","11.008.00","Amaciante/suavizante","11","38099190"
"cest_1100900","9","11.009.00","Esponjas para limpeza","11","39241000,39249000,68053010,68053090"
"cest_1101000","10","11.010.00","Álcool etílico para limpeza","11","2207,22089000"
"cest_1101100","11","11.011.00","Esponjas e palhas de aço; esponjas para limpeza, polimento ou uso semelhantes; todas de uso doméstico","11","73231000"
"cest_1101200","12","11.012.00","Sacos de lixo de conteúdo igual ou inferior a 100 litros","11","39232"
"cest_1200100","1","12.001.00","Transformadores, bobinas de reatância e de auto indução, inclusive os transformadores de potência superior a 16 KVA, classificados nas posições 8504.33.00 e 8504.34.00; exceto os demais transformadores da subposição 8504.3, os reatores para lâmpadas elétricas de descarga classificados no código 8504.10.00, os carregadores de acumuladores do código 8504.40.10, os equipamentos de alimentação ininterrupta de energia (UPS ou “no break”), no código 8504.40.40 e os de uso automotivo","12","8504"
"cest_1200200","2","12.002.00","Aquecedores elétricos de água, incluídos os de imersão, chuveiros ou duchas elétricos, torneiras elétricas, resistências de aquecimento, inclusive as de duchas e chuveiros elétricos e suas partes; exceto outros fornos, fogareiros (incluídas as chapas de cocção), grelhas e assadeiras, classificados na posição 8516.60.00","12","8516"
"cest_1200300","3","12.003.00","Aparelhos para interrupção, seccionamento, proteção, derivação, ligação ou conexão de circuitos elétricos (por exemplo, interruptores, comutadores, corta-circuitos, para-raios, limitadores de tensão, eliminadores de onda, tomadas de corrente e outros conectores, caixas de junção), para tensão superior a 1.000V, exceto os de uso automotivo","12","8535"
"cest_1200400","4","12.004.00","Aparelhos para interrupção, seccionamento, proteção, derivação, ligação ou conexão de circuitos elétricos (por exemplo, interruptores, comutadores, relés, corta-circuitos, eliminadores de onda, plugues e tomadas de corrente, suportes para lâmpadas e outros conectores, caixas de junção), para uma tensão não superior a 1.000V; conectores para fibras ópticas, feixes ou cabos de fibras ópticas; exceto “starter” classificado na subposição 8536.50 e os de uso automotivo","12","8536"
"cest_1200500","5","12.005.00","Partes reconhecíveis como exclusiva ou principalmente destinadas aos aparelhos das posições 8535 e 8536","12","8538"
"cest_1200600","6","12.006.00","Cabos, tranças e semelhantes, de cobre, não isolados para usos elétricos, exceto os de uso automotivo","12","74130000"
"cest_1200700","7","12.007.00","Fios, cabos (incluídos os cabos coaxiais) e outros condutores, isolados ou não, para usos elétricos (incluídos os de cobre ou alumínio, envernizados ou oxidados anodicamente), mesmo com peças de conexão, inclusive fios e cabos elétricos, para tensão não superior a 1000V, para uso na construção; fios e cabos telefônicos e para transmissão de dados; cabos de fibras ópticas, constituídos de fibras embainhadas individualmente, mesmo com condutores elétricos ou munidos de peças de conexão; cordas, cabos, tranças e semelhantes, de alumínio, não isolados para uso elétricos; exceto os de uso automotivo","12","8544,7605,7614"
"cest_1200800","8","12.008.00","Isoladores de qualquer matéria, para usos elétricos","12","8546"
"cest_1200900","9","12.009.00","Peças isolantes inteiramente de matérias isolantes, ou com simples peças metálicas de montagem (suportes roscados, por exemplo) incorporadas na massa, para máquinas, aparelhos e instalações elétricas; tubos isoladores e suas peças de ligação, de metais comuns, isolados interiormente","12","8547"
"cest_1300100","1","13.001.00","Medicamentos de referência - positiva, exceto para uso veterinário","13","3003,3004"
"cest_1300101","1.1","13.001.01","Medicamentos de referência - negativa, exceto para uso veterinário","13","3003,3004"
"cest_1300102","1.2","13.001.02","Medicamentos de referência - neutra, exceto para uso veterinário","13","3003,3004"
"cest_1300200","2","13.002.00","Medicamentos genérico - positiva, exceto para uso veterinário","13","3003,3004"
"cest_1300201","2.1","13.002.01","Medicamentos genérico - negativa, exceto para uso veterinário","13","3003,3004"
"cest_1300202","2.2","13.002.02","Medicamentos genérico - neutra, exceto para uso veterinário","13","3003,3004"
"cest_1300300","3","13.003.00","Medicamentos similar - positiva, exceto para uso veterinário","13","3003,3004"
"cest_1300301","3.1","13.003.01","Medicamentos similar - negativa, exceto para uso veterinário","13","3003,3004"
"cest_1300302","3.2","13.003.02","Medicamentos similar - neutra, exceto para uso veterinário","13","3003,3004"
"cest_1300400","4","13.004.00","Outros tipos de medicamentos - positiva, exceto para uso veterinário","13","3003,3004"
"cest_1300401","4.1","13.004.01","Outros tipos de medicamentos - negativa, exceto para uso veterinário","13","3003,3004"
"cest_1300402","4.2","13.004.02","Outros tipos de medicamentos - neutra, exceto para uso veterinário","13","3003,3004"
"cest_1300500","5","13.005.00","Preparações químicas contraceptivas de referência, à base de hormônios, de outros produtos da posição 29.37 ou de espermicidas - positiva.","13","30066000"
"cest_1300501","5.1","13.005.01","Preparações químicas contraceptivas de referência, à base de hormônios, de outros produtos da posição 29.37 ou de espermicidas - negativa.","13","30066000"
"cest_1300502","5.2","13.005.02","Preparações químicas contraceptivas genérico, à base de hormônios, de outros produtos da posição 29.37 ou de espermicidas – positiva.","13","30066000"
"cest_1300503","5.3","13.005.03","Preparações químicas contraceptivas genérico, à base de hormônios, de outros produtos da posição 29.37 ou de espermicidas – negativa.","13","30066000"
"cest_1300504","5.4","13.005.04","Preparações químicas contraceptivas similar, à base de hormônios, de outros produtos da posição 29.37 ou de espermicidas – positiva.","13","30066000"
"cest_1300505","5.5","13.005.05","Preparações químicas contraceptivas similar, à base de hormônios, de outros produtos da posição 29.37 ou de espermicidas – negativa.","13","30066000"
"cest_1300600","6","13.006.00","Provitaminas e vitaminas, naturais ou reproduzidas por síntese (incluídos os concentrados naturais), bem como os seus derivados utilizados principalmente como vitaminas, misturados ou não entre si, mesmo em quaisquer soluções - neutra","13","2936"
"cest_1300700","7","13.007.00","Preparações opacificantes (contrastantes) para exames radiográficos e reagentes de diagnóstico concebidos para serem administrados ao paciente - positiva","13","30063"
"cest_1300701","7.1","13.007.01","Preparações opacificantes (contrastantes) para exames radiográficos e reagentes de diagnóstico concebidos para serem administrados ao paciente - negativa","13","30063"
"cest_1300800","8","13.008.00","Antissoro, outras frações do sangue, produtos imunológicos modificados, mesmo obtidos por via biotecnológica, exceto para uso veterinário - positiva","13","3002"
"cest_1300801","8.1","13.008.01","Antissoro, outras frações do sangue, produtos imunológicos modificados, mesmo obtidos por via biotecnológica, exceto para uso veterinário - negativa","13","3002"
"cest_1300900","9","13.009.00","Vacinas e produtos semelhantes, exceto para uso veterinário - positiva;","13","3002"
"cest_1300901","9.1","13.009.01","Vacinas e produtos semelhantes, exceto para uso veterinário - negativa;","13","3002"
"cest_1301000","10","13.010.00","Curativos (pensos) adesivos e outros artigos com uma camada adesiva, impregnados ou recobertos de substâncias farmacêuticas - Lista Positiva","13","30051010"
"cest_1301001","10.1","13.010.01","Curativos (pensos) adesivos e outros artigos com uma camada adesiva, impregnados ou recobertos de substâncias farmacêuticas - Lista Negativa","13","30051010"
"cest_1301100","11","13.011.00","Algodão, atadura, esparadrapo, gazes, pensos, sinapismos, e outros, acondicionados para venda a retalho para usos medicinais, cirúrgicos ou dentários, não impregnados ou recobertos de substâncias farmacêuticas - Lista Neutra","13","3005"
"cest_1301200","12","13.012.00","Luvas cirúrgicas e luvas de procedimento - neutra","13","40151200,40151900"
"cest_1301300","13","13.013.00","Preservativo – neutra","13","40141000"
"cest_1301400","14","13.014.00","Seringas, mesmo com agulhas - neutra","13","901831"
"cest_1301500","15","13.015.00","Agulhas para seringas - neutra","13","9018321"
"cest_1301600","16","13.016.00","Contraceptivos (dispositivos intrauterinos - DIU) - neutra","13","39269090,90189099"
"cest_1400100","1","14.001.00","Objetos de vidro para serviço de mesa ou de cozinha","14","7013"
"cest_1400200","2","14.002.00","Outros copos, exceto de vitrocerâmica","14","70133700"
"cest_1400300","3","14.003.00","Objetos para serviço de mesa (exceto copos) ou de cozinha, exceto de vitrocerâmica","14","70134290"
"cest_1400400","4","14.004.00","Lonas plásticas, exceto as para uso na construção","14","3919,3920,3921"
"cest_1400500","5","14.005.00","Artefatos de higiene/toucador de plástico, exceto os para uso na construção","14","3924"
"cest_1400600","6","14.006.00","Serviços de mesa e outros utensílios de mesa ou de cozinha, de plástico, não descartáveis","14","39241000"
"cest_1400601","6.1","14.006.01","Serviços de mesa e outros utensílios de mesa ou de cozinha, de plástico, descartáveis","14","39241000"
"cest_1400700","7","14.007.00","Artigos para serviço de mesa ou de cozinha, de porcelana, inclusive os descartáveis - estojos","14","69111010"
"cest_1400800","8","14.008.00","Artigos para serviço de mesa ou de cozinha, de porcelana, inclusive os descartáveis - avulsos","14","69111090"
"cest_1400900","9","14.009.00","Artigos para serviço de mesa ou de cozinha, de cerâmica","14","69120000"
"cest_1401000","10","14.010.00","Velas para filtros","14","69120000"
"cest_1401100","11","14.011.00","Filtros descartáveis para coar café ou chá","14","4823209"
"cest_1401200","12","14.012.00","Bandejas, travessas, pratos, xícaras ou chávenas, taças, copos e artigos semelhantes, de papel ou cartão","14","48236"
"cest_1401300","13","14.013.00","Papel para cigarro","14","48131000"
"cest_1600100","1","16.001.00","Pneus novos, dos tipos utilizados em automóveis de passageiros (incluídos os veículos de uso misto - camionetas e os automóveis de corrida)","15","40111000"
"cest_1600200","2","16.002.00","Pneus novos, dos tipos utilizados em caminhões (inclusive para os fora-de-estrada), ônibus, aviões, máquinas de terraplenagem, de construção e conservação de estradas, máquinas e tratores agrícolas, pá-carregadeira","15","4011"
"cest_1600300","3","16.003.00","Pneus novos para motocicletas","15","40114000"
"cest_1600400","4","16.004.00","Outros tipos de pneus novos, exceto os itens classificados no CEST 16.005.00","15","4011"
"cest_1600500","5","16.005.00","Pneus novos de borracha dos tipos utilizados em bicicletas","15","40115000"
"cest_1600600","6","16.006.00","Pneus recauchutados","15","40121"
"cest_1600700","7","16.007.00","Protetores de borracha, exceto os itens classificados no CEST 16.007.01","15","40129"
"cest_1600701","7.1","16.007.01","Protetores de borracha para bicicletas","15","40129"
"cest_1600800","8","16.008.00","Câmaras de ar de borracha, exceto os itens classificados no CEST 16.009.00","15","4013"
"cest_1600900","9","16.009.00","Câmaras de ar de borracha dos tipos utilizados em bicicletas","15","40132000"
"cest_1700100","1","17.001.00","Chocolate branco, em embalagens de conteúdo inferior ou igual a 1 kg, exceto os classificados no CEST 17.005.00","16","17049010"
"cest_1700101","1.1","17.001.01","Chocolate branco, em embalagens de conteúdo superior a 1 kg e inferior ou igual a 2 kg, exceto os classificados no CEST 17.005.00","16","17049010"
"cest_1700102","1.2","17.001.02","Coberturas de chocolate branco e outros produtos de confeitaria com manteiga de cacau, em embalagens de conteúdo inferior ou igual a 1 kg, exceto os classificados no CEST 17.008.00","16","17049090"
"cest_1700103","1.3","17.001.03","Coberturas de chocolate branco e outros produtos de confeitaria com manteiga de cacau, em embalagens de conteúdo superior a 1 kg e inferior ou igual a 2 kg, exceto os classificados no CEST 17.008.00","16","17049090"
"cest_1700200","2","17.002.00","Chocolates, em tabletes, barras ou paus, recheados, em recipientes ou embalagens imediatas de conteúdo inferior ou igual a 1 kg","16","18063110"
"cest_1700201","2.1","17.002.01","Chocolates, em tabletes, barras ou paus, recheados, em recipientes ou embalagens de conteúdo superior a 1 kg e inferior ou igual a 2 kg","16","18063110"
"cest_1700201","2.1","17.002.01","Chocolates ou outras preparações alimentícias que contenham cacau, em tabletes, barras ou paus, recheados, em recipientes ou embalagens imediatas de conteúdo superior a 1 kg e inferior ou igual a 2 kg","16","18063110,18063120"
"cest_1700202","2.2","17.002.02","Outras preparações alimentícias que contenham cacau, em tabletes, barras ou paus, recheados, em recipientes ou embalagens imediatas de conteúdo inferior ou igual a 1 kg","16","18063120"
"cest_1700203","2.3","17.002.03","Outras preparações alimentícias que contenham cacau, em tabletes, barras ou paus, recheados, em recipientes ou embalagens de conteúdo superior a 1 kg e inferior ou igual a 2 kg","16","18063120"
"cest_1700203","2.3","17.002.03","Outras preparações alimentícias que contenham cacau, em tabletes, barras ou paus, recheados, em recipientes ou embalagens de conteúdo superior a 1 kg e inferior ou igual a 2 kg","16","18063110,18063120"
"cest_1700300","3","17.003.00","Chocolates, em tabletes, barras ou paus, não recheados, em recipientes ou embalagens imediatas de conteúdo inferior ou igual a 2 kg","16","18063210"
"cest_1700301","3.1","17.003.01","Outras preparações alimentícias que contenham cacau, em tabletes, barras ou paus, não recheados, em recipientes ou embalagens imediatas de conteúdo inferior ou igual a 2 kg","16","18063220"
"cest_1700400","4","17.004.00","Chocolates e outras preparações alimentícias contendo cacau, em embalagens de conteúdo inferior ou igual a 1 kg, exceto os classificados nos CEST 17.005.01, 17.006.00, 17.006.02, 17.007.00 e 17.109.00","16","18069000"
"cest_1700401","4.1","17.004.01","Chocolates e outras preparações alimentícias contendo cacau, em embalagens de conteúdo superior a 1 kg e inferior ou igual a 2 kg, exceto os classificados nos CEST 17.005.01, 17.006.00, 17.006.02 e 17.007.00","16","18069000"
"cest_1700500","5","17.005.00","Ovos de páscoa de chocolate branco","16","17049010"
"cest_1700501","5.1","17.005.01","Ovos de páscoa de chocolate","16","18069000"
"cest_1700600","6","17.006.00","Achocolatados em pó, em embalagens de conteúdo inferior ou igual a 1 kg, exceto os classificados no CEST 17.006.02","16","18069000"
"cest_1700601","6.1","17.006.01","Cacau em pó, com adição de açúcar ou de outros edulcorantes, em embalagens de conteúdo inferior ou igual a 1kg","16","18061000"
"cest_1700602","6.2","17.006.02","Achocolatados em pó, em cápsulas","16","18069000"
"cest_1700700","7","17.007.00","Caixas de bombons contendo cacau, em embalagens de conteúdo inferior ou igual a 1 kg","16","18069000"
"cest_1700800","8","17.008.00","Bombons, inclusive à base de chocolate branco sem cacau","16","17049090"
"cest_1700900","9","17.009.00","Bombons, balas, caramelos, confeitos, pastilhas e outros produtos de confeitaria, contendo cacau","16","18069000"
"cest_1701000","10","17.010.00","Sucos de frutas ou de produtos hortícolas; mistura de sucos","16","2009"
"cest_1701100","11","17.011.00","Água de coco","16","2009892"
"cest_1701100","11","17.011.00","Água de coco","16","20098"
"cest_1701200","12","17.012.00","Leite em pó, blocos ou grânulos, exceto creme de leite","16","04021,04022,04029"
"cest_1701300","13","17.013.00","Farinha láctea","16","19011020"
"cest_1701400","14","17.014.00","Leite modificado para alimentação de crianças","16","19011010"
"cest_1701500","15","17.015.00","Preparações para alimentação infantil à base de farinhas, grumos, sêmolas ou amidos e outros","16","19011090,19011030"
"cest_1701600","16","17.016.00","Leite “longa vida” (UHT - “Ultra High Temperature”), em recipiente de conteúdo inferior ou igual a 2 litros","16","04011010,04012010"
"cest_1701601","16.1","17.016.01","Leite “longa vida” (UHT - “Ultra High Temperature”), em recipiente de conteúdo superior a 2 litros e inferior ou igual a 5 litros","16","04011010,04012010"
"cest_1701700","17","17.017.00","Leite em recipiente de conteúdo inferior ou igual a 1 litro","16","04014010,04015010"
"cest_1701701","17.1","17.017.01","Leite em recipiente de conteúdo superior a 1 litro e inferior ou igual a 5 litros","16","04014010,04015010"
"cest_1701800","18","17.018.00","Leite do tipo pasteurizado em recipiente de conteúdo inferior ou igual a 1 litro","16","04011090,04012090"
"cest_1701801","18.1","17.018.01","Leite do tipo pasteurizado em recipiente de conteúdo superior a 1 litro e inferior ou igual a 5 litros","16","04011090,04012090"
"cest_1701900","19","17.019.00","Creme de leite, em recipiente de conteúdo inferior ou igual a 1 kg","16","0401402,04022130,04022930,04029"
"cest_1701901","19.1","17.019.01","Creme de leite, em recipiente de conteúdo superior a 1 kg","16","0401402,04022130,04022930,04029"
"cest_1701902","19.2","17.019.02","Outros cremes de leite, em recipiente de conteúdo inferior ou igual a 1kg","16","040110,040120,040150,040210,04022920"
"cest_1701903","19.3","17.019.03","Outros cremes de leite, em recipiente de conteúdo superior a 1kg","16","040110,040120,040150,040210,04022920"
"cest_1702000","20","17.020.00","Leite condensado, em recipiente de conteúdo inferior ou igual a 1 kg","16","4029"
"cest_1702001","20.1","17.020.01","Leite condensado, em recipiente de conteúdo superior a 1 kg","16","4029"
"cest_1702100","21","17.021.00","Iogurte e leite fermentado em recipiente de conteúdo inferior ou igual a 2 litros, exceto o item classificado no CEST 17.022.00","16","403"
"cest_1702101","21.1","17.021.01","Iogurte e leite fermentado em recipiente de conteúdo superior a 2 litros, exceto o item classificado no CEST 17.022.00","16","403"
"cest_1702200","22","17.022.00","Coalhada","16","04039000"
"cest_1702300","23","17.023.00","Requeijão e similares, em recipiente de conteúdo inferior ou igual a 1 kg, exceto as embalagens individuais de conteúdo inferior ou igual a 10 g","16","406"
"cest_1702301","23.1","17.023.01","Requeijão e similares, em recipiente de conteúdo superior a 1 kg","16","406"
"cest_1702400","24","17.024.00","Queijos, exceto os dos CEST 17.024.01, 17.024.02, 17.024.03, 17.024.04 e 17.024.05","16","406"
"cest_1702400","24","17.024.00","Queijos, exceto os dos CEST 17.024.01, 17.024.02, 17.024.03 e 17.024.04","16","406"
"cest_1702401","24.1","17.024.01","Queijo muçarela","16","04061010"
"cest_1702402","24.2","17.024.02","Queijo minas frescal","16","04061090"
"cest_1702403","24.3","17.024.03","Queijo ricota","16","04061090"
"cest_1702404","24.4","17.024.04","Queijo petitsuisse","16","04061090"
"cest_1702405","24.5","17.024.05","Queijo cremoso (“cream cheese”)","16","04061090"
"cest_1702500","25","17.025.00","Manteiga, em embalagem de conteúdo inferior ou igual a 1 kg, exceto as embalagens individuais de conteúdo inferior ou igual a 10 g","16","04051000"
"cest_1702501","25.1","17.025.01","Manteiga, em embalagem de conteúdo superior a 1 kg","16","04051000"
"cest_1702502","25.2","17.025.02","Manteiga de garrafa","16","04059090"
"cest_1702600","26","17.026.00","Margarina e creme vegetal em recipiente de conteúdo inferior ou igual a 500 g, exceto as embalagens individuais de conteúdo inferior ou igual a 10 g","16","15171000"
"cest_1702700","27","17.027.00","Margarina e creme vegetal, em recipiente de conteúdo superior a 500 g e inferior ou igual a 1 kg, exceto as embalagens individuais de conteúdo inferior ou igual a 10 g","16","15171000"
"cest_1702701","27.1","17.027.01","Margarina e creme vegetal, em recipiente de conteúdo superior a 1 kg","16","15171000"
"cest_1702702","27.2","17.027.02","Outras margarinas e cremes vegetais em recipiente de conteúdo inferior a 1 kg, exceto as embalagens individuais de conteúdo inferior ou igual a 10 g","16","15179"
"cest_1702800","28","17.028.00","Gorduras e óleos vegetais e respectivas frações, parcial ou totalmente hidrogenados, interesterificados, reesterificados ou elaidinizados, mesmo refinados, mas não preparados de outro modo, em recipiente de conteúdo inferior ou igual a 1 kg, exceto as embalagens individuais de conteúdo inferior ou igual a 10 g","16","15162000"
"cest_1702801","28.1","17.028.01","Gorduras e óleos vegetais e respectivas frações, parcial ou totalmente hidrogenados, interesterificados, reesterificados ou elaidinizados, mesmo refinados, mas não preparados de outro modo, em recipiente de conteúdo superior a 1 kg, exceto as embalagens individuais de conteúdo inferior ou igual a 10 g","16","15162000"
"cest_1702900","29","17.029.00","Doces de leite","16","19019020"
"cest_1703000","30","17.030.00","Produtos à base de cereais, obtidos por expansão ou torrefação","16","19041000,19049000"
"cest_1703100","31","17.031.00","Salgadinhos diversos, exceto os classificados no CEST 17.031.01 e 17.031.02","16","19059090"
"cest_1703101","31.1","17.031.01","Salgadinhos diversos, derivados de farinha de trigo","16","19059090"
"cest_1703102","31.2","17.031.02","Biscoitos de polvilho","16","19059090"
"cest_1703200","32","17.032.00","Batata frita, inhame e mandioca fritos","16","20052000,20059"
"cest_1703300","33","17.033.00","Amendoim e castanhas tipo aperitivo, em embalagem de conteúdo inferior ou igual a 1 kg","16","20081"
"cest_1703301","33.1","17.033.01","Amendoim e castanhas tipo aperitivo, em embalagem de conteúdo superior a 1 kg","16","20081"
"cest_1703400","34","17.034.00","Catchup em embalagens imediatas de conteúdo inferior ou igual a 650 g, exceto as embalagens contendo envelopes individualizados (sachês) de conteúdo inferior ou igual a 10 g","16","21032010"
"cest_1703500","35","17.035.00","Condimentos e temperos compostos, incluindo molho de pimenta e outros molhos, em embalagens imediatas de conteúdo inferior ou igual a 1 kg, exceto as embalagens contendo envelopes individualizados (sachês) de conteúdo inferior ou igual a 3 g","16","21039021,21039091"
"cest_1703600","36","17.036.00","Molhos de soja preparados em embalagens imediatas de conteúdo inferior ou igual a 650 g, exceto as embalagens contendo envelopes individualizados (sachês) de conteúdo inferior ou igual a 10 g","16","21031010"
"cest_1703700","37","17.037.00","Farinha de mostarda em embalagens de conteúdo inferior ou igual a 1 kg","16","21033010"
"cest_1703800","38","17.038.00","Mostarda preparada em embalagens imediatas de conteúdo inferior ou igual a 650 g, exceto as embalagens contendo envelopes individualizados (sachês) de conteúdo inferior ou igual a 10 g","16","21033021"
"cest_1703900","39","17.039.00","Maionese em embalagens imediatas de conteúdo inferior ou igual a 650 g, exceto as embalagens contendo envelopes individualizados (sachês) de conteúdo inferior ou igual a 10 g","16","21039011"
"cest_1704000","40","17.040.00","Tomates preparados ou conservados, exceto em vinagre ou em ácido acético, em embalagens de conteúdo inferior ou igual a 1 kg","16","2002"
"cest_1704100","41","17.041.00","Molhos de tomate em embalagens imediatas de conteúdo inferior ou igual a 1 kg","16","21032010"
"cest_1704200","42","17.042.00","Barra de cereais","16","17049090,19042000,19049000"
"cest_1704300","43","17.043.00","Barra de cereais contendo cacau","16","18063120,18063220,18069000"
"cest_1704400","44","17.044.00","Farinha de trigo especial, em embalagem inferior ou igual a 1 kg","16","11010010"
"cest_1704401","44.1","17.044.01","Farinha de trigo especial, em embalagem superior a 1 kg e inferior a 5 kg","16","11010010"
"cest_1704402","44.2","17.044.02","Farinha de trigo especial, em embalagem igual a 5 kg","16","11010010"
"cest_1704403","44.3","17.044.03","Farinha de trigo especial, em embalagem superior a 5 kg e inferior ou igual a 25 kg","16","11010010"
"cest_1704404","44.4","17.044.04","Farinha de trigo especial, em embalagem superior a 25 kg e inferior ou igual a 50 kg","16","11010010"
"cest_1704405","44.5","17.044.05","Farinha de trigo comum, em embalagem igual a 5 kg","16","11010010"
"cest_1704406","44.6","17.044.06","Farinha de trigo comum, em embalagem superior a 5 kg e inferior ou igual a 25 kg","16","11010010"
"cest_1704407","44.7","17.044.07","Farinha de trigo comum, em embalagem superior a 25 kg e inferior ou igual a 50 kg","16","11010010"
"cest_1704408","44.8","17.044.08","Farinha de trigo doméstica especial, em embalagem superior a 5 kg e inferior e igual a 10 kg","16","11010010"
"cest_1704409","44.9","17.044.09","Farinha de trigo doméstica com fermento, em embalagem superior a 5 kg e inferior e igual a 10 kg","16","11010010"
"cest_1704410","44.1","17.044.10","Farinha de trigo especial, em embalagem superior a 50 Kg","16","11010010"
"cest_1704411","44.11","17.044.11","Farinha de trigo comum, em embalagem inferior ou igual a 1 kg","16","11010010"
"cest_1704412","44.12","17.044.12","Farinha de trigo comum, em embalagem superior a 1 kg e inferior a 5 Kg","16","11010010"
"cest_1704413","44.13","17.044.13","Farinha de trigo comum, em embalagem superior a 50 kg","16","11010010"
"cest_1704414","44.14","17.044.14","Farinha de trigo doméstica especial, em embalagem inferior ou igual a 1 kg","16","11010010"
"cest_1704415","44.15","17.044.15","Farinha de trigo doméstica especial, em embalagem superior a 1 kg e inferior a 5 Kg","16","11010010"
"cest_1704416","44.16","17.044.16","Farinha de trigo doméstica especial, em embalagem igual a 5 Kg","16","11010010"
"cest_1704417","44.17","17.044.17","Farinha de trigo doméstica especial, em embalagem superior a 10 Kg","16","11010010"
"cest_1704418","44.18","17.044.18","Farinha de trigo doméstica com fermento, em embalagem inferior ou igual a 1 kg","16","11010010"
"cest_1704419","44.19","17.044.19","Farinha de trigo doméstica com fermento, em embalagem superior a 1 kg e inferior a 5 Kg","16","11010010"
"cest_1704420","44.2","17.044.20","Farinha de trigo doméstica com fermento, em embalagem igual a 5 Kg","16","11010010"
"cest_1704421","44.21","17.044.21","Farinha de trigo doméstica com fermento, em embalagem superior a 10 Kg","16","11010010"
"cest_1704422","44.22","17.044.22","Outras farinhas de trigo, em embalagem inferior ou igual a 1 kg","16","11010010"
"cest_1704423","44.23","17.044.23","Outras farinhas de trigo, em embalagem superior a 1 kg e inferior a 5 Kg","16","11010010"
"cest_1704424","44.24","17.044.24","Outras farinhas de trigo, em embalagem igual a 5 Kg","16","11010010"
"cest_1704425","44.25","17.044.25","Outras farinhas de trigo, em embalagem superior a 5 Kg e inferior ou igual a 25 kg","16","11010010"
"cest_1704426","44.26","17.044.26","Outras farinhas de trigo, em embalagem superior a 25 Kg e inferior ou igual a 50 kg","16","11010010"
"cest_1704427","44.27","17.044.27","Outras farinhas de trigo, em embalagem superior a 50 Kg","16","11010010"
"cest_1704500","45","17.045.00","Farinha de mistura de trigo com centeio (méteil)","16","11010020"
"cest_1704600","46","17.046.00","Misturas e preparações para bolos, em embalagem inferior 5 kg","16","190120,19019090"
"cest_1704601","46.1","17.046.01","Misturas e preparações para bolos, em embalagem igual a 5 kg","16","190120,19019090"
"cest_1704602","46.2","17.046.02","Misturas e preparações para bolos, em embalagem superior a 5 kg e inferior ou igual a 25 Kg","16","190120,19019090"
"cest_1704603","46.3","17.046.03","Misturas e preparações para bolos, em embalagem superior a 25 kg e inferior ou igual a 50 Kg","16","190120,19019090"
"cest_1704604","46.4","17.046.04","Misturas e preparações para bolos, em embalagem superior a 50 Kg","16","190120,19019090"
"cest_1704605","46.5","17.046.05","Misturas e preparações para pães com menos de 80% de farinha de trigo na sua composição final, em embalagem inferior a 5 kg","16","190120,19019090"
"cest_1704606","46.6","17.046.06","Misturas e preparações para pães com menos de 80% de farinha de trigo na sua composição final, em embalagem igual a 5 kg","16","190120,19019090"
"cest_1704607","46.7","17.046.07","Misturas e preparações para pães com menos de 80% de farinha de trigo na sua composição final, em embalagem superior a 5 kg e inferior ou igual a 25 Kg","16","190120,19019090"
"cest_1704608","46.8","17.046.08","Misturas e preparações para pães com menos de 80% de farinha de trigo na sua composição final, em embalagem superior a 25 kg e inferior ou igual a 50 Kg","16","190120,19019090"
"cest_1704609","46.9","17.046.09","Misturas e preparações para pães com menos de 80% de farinha de trigo na sua composição final, em embalagem superior a 50 Kg","16","190120,19019090"
"cest_1704610","46.1","17.046.10","Misturas e preparações para pães com, no mínimo, 80% de farinha de trigo na sua composição final, em embalagem inferior a 5 kg","16","190120,19019090"
"cest_1704611","46.11","17.046.11","Misturas e preparações para pães com, no mínimo, 80% de farinha de trigo na sua composição final, em embalagem igual a 5 kg","16","190120,19019090"
"cest_1704612","46.12","17.046.12","Misturas e preparações para pães com, no mínimo, 80% de farinha de trigo na sua composição final, em embalagem superior a 5 kg e inferior ou igual a 25 Kg","16","190120,19019090"
"cest_1704613","46.13","17.046.13","Misturas e preparações para pães com, no mínimo, 80% de farinha de trigo na sua composição final, em embalagem superior a 25 kg e inferior ou igual a 50 Kg","16","190120,19019090"
"cest_1704614","46.14","17.046.14","Misturas e preparações para pães com, no mínimo, 80% de farinha de trigo na sua composição final, em embalagem superior a 50 Kg","16","190120,19019090"
"cest_1704615","46.15","17.046.15","Misturas e pastas para a preparação de produtos de padaria, pastelaria e da indústria de bolachas e biscoitos, da posição 19.05, exceto os previstos nos CEST 17.046.00 a 17.046.14 e 17.046.16.","16","190120,19019090"
"cest_1704616","46.16","17.046.16","Misturas e preparações com, no mínimo, 80% de farinha de trigo na sua composição final, exceto as descritas nos CEST 17.046.10 a 17.046.15.","16","190120,19019090"
"cest_1704700","47","17.047.00","Massas alimentícias tipo instantânea, exceto as descritas no CEST 17047.01.","16","19023000"
"cest_1704701","47.1","17.047.01","Massas alimentícias tipo instantânea, derivadas de farinha de trigo.","16","19023000"
"cest_1704800","48","17.048.00","Massas alimentícias, cozidas ou recheadas (de carne ou de outras substâncias) ou preparadas de outro modo, exceto as descritas nos CEST 17.047.00, 17.048.01, e 17.048.02","16","1902"
"cest_1704801","48.1","17.048.01","Cuscuz","16","19024000"
"cest_1704802","48.2","17.048.02","Massas alimentícias recheadas (mesmo cozidas ou preparadas de outro modo)","16","19022000"
"cest_1704900","49","17.049.00","Massas alimentícias do tipo comum, não cozidas, nem recheadas, nem preparadas de outro modo, não derivadas do trigo","16","19021"
"cest_1704901","49.1","17.049.01","Massas alimentícias do tipo sêmola, não cozidas, nem recheadas, nem preparadas de outro modo, não derivadas do trigo","16","19021"
"cest_1704902","49.2","17.049.02","Massas alimentícias do tipo grano duro, não cozidas, nem recheadas, nem preparadas de outro modo, que contenham ovos","16","19021100"
"cest_1704903","49.3","17.049.03","Outras massas alimentícias do tipo comum, não cozidas, nem recheadas, nem preparadas de outro modo, que não contenham ovos, derivadas de farinha de trigo","16","19021900"
"cest_1704904","49.4","17.049.04","Outras massas alimentícias do tipo sêmola, não cozidas, nem recheadas, nem preparadas de outro modo, que não contenham ovos, derivadas do trigo","16","19021900"
"cest_1704905","49.5","17.049.05","Outras massas alimentícias do tipo grano duro, não cozidas, nem recheadas, nem preparadas de outro modo, que não contenham ovos","16","19021900"
"cest_1704906","49.6","17.049.06","Massas alimentícias do tipo comum, não cozidas, nem recheadas, nem preparadas de outro modo, que contenham ovos, derivadas de farinha de trigo","16","19021100"
"cest_1704907","49.7","17.049.07","Massas alimentícias do tipo sêmola, não cozidas, nem recheadas, nem preparadas de outro modo, que contenham ovos, derivadas do trigo","16","19021100"
"cest_1705000","50","17.050.00","Pães industrializados, inclusive de especiarias, exceto panetones e bolo de forma","16","19052"
"cest_1705100","51","17.051.00","Bolo de forma, inclusive de especiarias","16","19052090"
"cest_1705200","52","17.052.00","Panetones","16","19052010"
"cest_1705300","53","17.053.00","Biscoitos e bolachas derivados de farinha de trigo; (exceto dos tipos “cream cracker”, “água e sal”, “maisena”, “maria” e outros de consumo popular que não sejam adicionados de cacau, nem recheados, cobertos ou amanteigados, independentemente de sua denominação comercial)","16","19053100"
"cest_1705301","53.1","17.053.01","Biscoitos e bolachas derivados de farinha de trigo dos tipos “maisena” e “maria” e outros de consumo popular que não sejam adicionados de cacau, nem recheados, cobertos ou amanteigados, independentemente de sua denominação comercial, exceto o CEST 17.053.02","16","19053100"
"cest_1705302","53.2","17.053.02","Biscoitos e bolachas derivados de farinha de trigo dos tipos ""cream cracker"" e ""água e sal"" de consumo popular","16","19053100"
"cest_1705400","54","17.054.00","Biscoitos e bolachas não derivados de farinha de trigo; (exceto dos tipos ""cream cracker"", ""água e sal"", ""maisena"" e ""maria"" e outros de consumo popular que não sejam adicionados de cacau, nem recheados, cobertos ou amanteigados, independentemente de sua denominação comercial)","16","19053100"
"cest_1705401","54.1","17.054.01","Biscoitos e bolachas não derivados de farinha de trigo dos tipos ""maisena"" e ""maria"" e outros de consumo popular que não sejam adicionados de cacau, nem recheados, cobertos ou amanteigados, independentemente de sua denominação comercial, exceto o CEST 17.054.02","16","19053100"
"cest_1705402","54.2","17.054.02","Biscoitos e bolachas não derivados de farinha de trigo dos tipos ""cream cracker"" e ""água e sal"" de consumo popular","16","19053100"
"cest_1705600","56","17.056.00","Biscoitos e bolachas derivados de farinha de trigo dos tipos “cream cracker” e “água e sal”","16","19059020"
"cest_1705601","56.1","17.056.01","Biscoitos e bolachas não derivados de farinha de trigo dos tipos “cream cracker” e “água e sal”","16","19059020"
"cest_1705602","56.2","17.056.02","Outras bolachas, exceto casquinhas para sorvete e os biscoitos e bolachas relacionados nos CEST 17.056.00 e 17.056.01","16","19059020"
"cest_1705700","57","17.057.00","“Waffles” e “wafers” - sem cobertura","16","19053200"
"cest_1705800","58","17.058.00","“Waffles” e “wafers” - com cobertura","16","19053200"
"cest_1705900","59","17.059.00","Torradas, pão torrado e produtos semelhantes torrados","16","19054000"
"cest_1706000","60","17.060.00","Outros pães de forma","16","19059010"
"cest_1706200","62","17.062.00","Outros pães, exceto o classificado no CEST 17.062.03","16","19059090"
"cest_1706201","62.1","17.062.01","Outros bolos industrializados e produtos de panificação não especificados anteriormente, incluindo as pizzas; exceto os classificados nos CEST 17.062.02 e 17.062.03","16","19059090"
"cest_1706202","62.2","17.062.02","Casquinhas para sorvete","16","19059020,19059090"
"cest_1706203","62.3","17.062.03","Pão francês até 200g","16","19059090"
"cest_1706300","63","17.063.00","Pão denominado knackebrot","16","19051000"
"cest_1706400","64","17.064.00","Demais pães industrializados","16","19059"
"cest_1706500","65","17.065.00","Óleo de soja refinado, em recipientes com capacidade inferior ou igual a 5 litros, exceto as embalagens individuais de conteúdo inferior ou igual a 15 mililitros","16","15079011"
"cest_1706600","66","17.066.00","Óleo de amendoim refinado, em recipientes com capacidade inferior ou igual a 5 litros, exceto as embalagens individuais de conteúdo inferior ou igual a 15 mililitros","16","1508"
"cest_1706700","67","17.067.00","Azeites de oliva, em recipientes com capacidade inferior a 2 litros, exceto as embalagens individuais de conteúdo inferior ou igual a 20 mililitros","16","1509"
"cest_1706701","67.1","17.067.01","Azeites de oliva, em recipientes com capacidade igual ou superior a 2 litros e inferior ou igual a 5 litros","16","1509"
"cest_1706702","67.2","17.067.02","Azeites de oliva, em recipientes com capacidade superior a 5 litros","16","1509"
"cest_1706800","68","17.068.00","Outros óleos e respectivas frações, obtidos exclusivamente a partir de azeitonas, mesmo refinados, mas não quimicamente modificados, e misturas desses óleos ou frações com óleos ou frações da posição 15.09, em recipientes com capacidade inferior ou igual a 5 litros, exceto as embalagens individuais de conteúdo inferior ou igual a 15 mililitros","16","1510"
"cest_1706900","69","17.069.00","Óleo de girassol em recipientes com capacidade inferior ou igual a 5 litros, exceto as embalagens individuais de conteúdo inferior ou igual a 15 mililitros","16","15121911"
"cest_1706901","69.1","17.069.01","Óleo de algodão refinado em recipientes com capacidade inferior ou igual a 5 litros, exceto as embalagens individuais de conteúdo inferior ou igual a 15 mililitros","16","15122910"
"cest_1707000","70","17.070.00","Óleo de canola, em recipientes com capacidade inferior ou igual a 5 litros, exceto as embalagens individuais de conteúdo inferior ou igual a 15 mililitros","16","15141"
"cest_1707100","71","17.071.00","Óleo de linhaça refinado, em recipientes com capacidade inferior ou igual a 5 litros, exceto as embalagens individuais de conteúdo inferior ou igual a 15 mililitros","16","15151900"
"cest_1707200","72","17.072.00","Óleo de milho refinado, em recipientes com capacidade inferior ou igual a 5 litros, exceto as embalagens individuais de conteúdo inferior ou igual a 15 mililitros","16","15152910"
"cest_1707300","73","17.073.00","Outros óleos refinados, em recipientes com capacidade inferior ou igual a 5 litros, exceto as embalagens individuais de conteúdo inferior ou igual a 15 mililitros","16","15122990"
"cest_1707400","74","17.074.00","Misturas de óleos refinados, para consumo humano, em recipientes com capacidade inferior ou igual a 5 litros, exceto as embalagens individuais de conteúdo inferior ou igual a 15 mililitros","16","15179010"
"cest_1707500","75","17.075.00","Outros óleos vegetais comestíveis não especificados anteriormente","16","1511,1513,1514,1515,1516,1518"
"cest_1707600","76","17.076.00","Enchidos (embutidos) e produtos semelhantes, de carne, miudezas ou sangue; exceto salsicha, linguiça e mortadela","16","16010000"
"cest_1707700","77","17.077.00","Salsicha e linguiça, exceto as descritas nos CEST 17.077.01","16","16010000"
"cest_1707701","77.1","17.077.01","Salsicha em lata","16","16010000"
"cest_1707800","78","17.078.00","Mortadela","16","16010000"
"cest_1707900","79","17.079.00","Outras preparações e conservas de carne, miudezas ou de sangue, exceto as descritas nos CEST 17.079.01, 17.079.02, 17.079.03, 17.079.04, 17.079.05, 17.079.06, 17.079.07 e 17.079.08","16","1602"
"cest_1707901","79.1","17.079.01","Outras preparações e conservas de carne, de miudezas ou de sangue, de aves da posição 01.05: de peruas e de perus, exceto as descritas no CEST 17.079.08","16","16023100"
"cest_1707902","79.2","17.079.02","Outras preparações e conservas de carne, de miudezas ou de sangue, de aves da posição 01.05: de galos e de galinhas, com conteúdo de carne ou de miudezas superior ou igual a 57 %, em peso, não cozidas, exceto as descritas no CEST 17.079.08","16","16023210"
"cest_1707903","79.3","17.079.03","Outras preparações e conservas de carne, de miudezas ou de sangue, de aves da posição 01.05: de galos e de galinhas, com conteúdo de carne ou de miudezas superior ou igual a 57 %, em peso, cozidas, exceto as descritas no CEST 17.079.08","16","16023220"
"cest_1707904","79.4","17.079.04","Outras preparações e conservas de carne, de miudezas ou de sangue, da espécie suína: pernas e respectivos pedaços","16","16024100"
"cest_1707905","79.5","17.079.05","Outras preparações e conservas de carne, de miudezas ou de sangue, da espécie suína: outras, incluindo as misturas, exceto os descritos no CEST 17.079.07","16","16024900"
"cest_1707906","79.6","17.079.06","Outras preparações e conservas de carne, de miudezas ou de sangue, da espécie bovina","16","16025000"
"cest_1707907","79.7","17.079.07","Apresuntado","16","16024900"
"cest_1707908","79.8","17.079.08","Carnes de aves inteiras e com peso unitário superior a 3 kg, temperadas","16","160231,160232"
"cest_1708000","80","17.080.00","Preparações e conservas de peixes; caviar e seus sucedâneos preparados a partir de ovas de peixe; exceto os descritos nos CEST 17.080.01 e 17.081.00","16","1604"
"cest_1708001","80.1","17.080.01","Outras preparações e conservas de atuns","16","16042010"
"cest_1708100","81","17.081.00","Sardinha em conserva","16","1604"
"cest_1708200","82","17.082.00","Crustáceos, moluscos e outros invertebrados aquáticos, preparados ou em conservas","16","1605"
"cest_1708300","83","17.083.00","Carne de gado bovino, ovino e bufalino e produtos comestíveis resultantes da matança desse gado submetidos à salga, secagem ou desidratação, exceto os descritos no CEST 17.083.01","16","02102000,02109900,1502"
"cest_1708301","83.1","17.083.01","Charque e jerkedbeef","16","02102000"
"cest_1708400","84","17.084.00","Carne de gado bovino, ovino e bufalino e demais produtos comestíveis resultantes da matança desse gado frescos, refrigerados ou congelados","16","0201,0202,0204,0206"
"cest_1708500","85","17.085.00","Carnes de animais das espécies caprina, frescas, refrigeradas ou congeladas","16","204"
"cest_1708600","86","17.086.00","Carnes e demais produtos comestíveis frescos, resfriados, congelados, salgados ou salmourados resultantes do abate de caprinos","16","02109900,15021019,15029000"
"cest_1708700","87","17.087.00","Carnes e demais produtos comestíveis frescos, resfriados, congelados, salgados, em salmoura, simplesmente temperados, secos ou defumados, resultantes do abate de aves, exceto os descritos no CEST 17.087.02","16","0207,0209,02109900,1501"
"cest_1708701","87.1","17.087.01","Carnes e demais produtos comestíveis frescos, resfriados, congelados, salgados, em salmoura, simplesmente temperados, secos ou defumados, resultantes do abate de suínos","16","0203,0206,0209,02101,02109900,1501"
"cest_1708702","87.2","17.087.02","Carnes de aves inteiras e com peso unitário superior a 3 kg","16","02071,02072"
"cest_1708800","88","17.088.00","Produtos hortícolas, cozidos em água ou vapor, congelados, em embalagens de conteúdo inferior ou igual a 1 kg","16","710"
"cest_1708801","88.1","17.088.01","Produtos hortícolas, cozidos em água ou vapor, congelados, em embalagens de conteúdo superior a 1 kg","16","710"
"cest_1708900","89","17.089.00","Frutas, não cozidas ou cozidas em água ou vapor, congeladas, mesmo adicionadas de açúcar ou de outros edulcorantes, em embalagens de conteúdo inferior ou igual a 1 kg","16","811"
"cest_1708901","89.1","17.089.01","Frutas, não cozidas ou cozidas em água ou vapor, congeladas, mesmo adicionadas de açúcar ou de outros edulcorantes, em embalagens de conteúdo superior a 1 kg","16","811"
"cest_1709000","90","17.090.00","Produtos hortícolas, frutas e outras partes comestíveis de plantas, preparados ou conservados em vinagre ou em ácido acético, em embalagens de conteúdo inferior ou igual a 1 kg","16","2001"
"cest_1709001","90.1","17.090.01","Produtos hortícolas, frutas e outras partes comestíveis de plantas, preparados ou conservados em vinagre ou em ácido acético, em embalagens de conteúdo superior a 1 kg","16","2001"
"cest_1709100","91","17.091.00","Outros produtos hortícolas preparados ou conservados, exceto em vinagre ou em ácido acético, congelados, com exceção dos produtos da posição 20.06, em embalagens de conteúdo inferior ou igual a 1 kg","16","2004"
"cest_1709101","91.1","17.091.01","Outros produtos hortícolas preparados ou conservados, exceto em vinagre ou em ácido acético, congelados, com exceção dos produtos da posição 20.06, em embalagens de conteúdo superior a 1 kg","16","2004"
"cest_1709200","92","17.092.00","Outros produtos hortícolas preparados ou conservados, exceto em vinagre ou em ácido acético, não congelados, com exceção dos produtos da posição 20.06, excluídos batata, inhame e mandioca fritos, em embalagens de conteúdo inferior ou igual a 1 kg","16","2005"
"cest_1709201","92.1","17.092.01","Outros produtos hortícolas preparados ou conservados, exceto em vinagre ou em ácido acético, não congelados, com exceção dos produtos da posição 20.06, excluídos batata, inhame e mandioca fritos, em embalagens de conteúdo superior a 1 kg","16","2005"
"cest_1709300","93","17.093.00","Produtos hortícolas, frutas, cascas de frutas e outras partes de plantas, conservados com açúcar (passados por calda, glaceados ou cristalizados), em embalagens de conteúdo inferior ou igual a 1 kg","16","20060000"
"cest_1709301","93.1","17.093.01","Produtos hortícolas, frutas, cascas de frutas e outras partes de plantas, conservados com açúcar (passados por calda, glaceados ou cristalizados), em embalagens de conteúdo superior a 1 kg","16","20060000"
"cest_1709400","94","17.094.00","Doces, geleias, “marmelades”, purês e pastas de frutas, obtidos por cozimento, com ou sem adição de açúcar ou de outros edulcorantes, em embalagens de conteúdo inferior ou igual a 1 kg, exceto as embalagens individuais de conteúdo inferior ou igual a 10 g","16","2007"
"cest_1709401","94.1","17.094.01","Doces, geleias, “marmelades”, purês e pastas de frutas, obtidos por cozimento, com ou sem adição de açúcar ou de outros edulcorantes, em embalagens de conteúdo superior a 1 kg","16","2007"
"cest_1709500","95","17.095.00","Frutas e outras partes comestíveis de plantas, preparadas ou conservadas de outro modo, com ou sem adição de açúcar ou de outros edulcorantes ou de álcool, não especificadas nem compreendidas em outras posições, excluídos os amendoins e castanhas tipo aperitivo, da posição 2008.1, em embalagens de conteúdo inferior ou igual a 1 kg","16","2008"
"cest_1709501","95.1","17.095.01","Frutas e outras partes comestíveis de plantas, preparadas ou conservadas de outro modo, com ou sem adição de açúcar ou de outros edulcorantes ou de álcool, não especificadas nem compreendidas em outras posições, excluídos os amendoins e castanhas tipo aperitivo, da posição 2008.1, em embalagens superior a 1 kg","16","2008"
"cest_1709600","96","17.096.00","Café torrado e moído, em embalagens de conteúdo inferior ou igual a 2 kg, exceto os classificados nos CEST 17.096.04 e 17.096.05","16","901"
"cest_1709601","96.1","17.096.01","Café torrado e moído, em embalagens de conteúdo superior a 2 kg","16","901"
"cest_1709602","96.2","17.096.02","Café torrado em grão, em embalagens de conteúdo inferior ou igual a 2 kg","16","901"
"cest_1709603","96.3","17.096.03","Café torrado em grão, em embalagens de conteúdo superior a 2 kg","16","901"
"cest_1709604","96.4","17.096.04","Café torrado e moído, em cápsulas, exceto os descritos no CEST 17.096.05","16","901"
"cest_1709605","96.5","17.096.05","Café descafeinado torrado e moído, em cápsulas","16","901"
"cest_1709700","97","17.097.00","Chá, mesmo aromatizado","16","0902,12119090,21069090"
"cest_1709800","98","17.098.00","Mate","16","903"
"cest_1709900","99","17.099.00","Açúcar refinado, em embalagens de conteúdo inferior ou igual a 2 kg, exceto as embalagens contendo envelopes individualizados (sachês) de conteúdo inferior ou igual a 10 g","16","17011,17019900"
"cest_1709901","99.1","17.099.01","Açúcar refinado, em embalagens de conteúdo superior a 2 kg e inferior ou igual a 5 kg","16","17011,17019900"
"cest_1709902","99.2","17.099.02","Açúcar refinado, em embalagens de conteúdo superior a 5 kg","16","17011,17019900"
"cest_1710000","100","17.100.00","Açúcar refinado adicionado de aromatizante ou de corante em embalagens de conteúdo inferior ou igual a 2 kg, exceto as embalagens contendo envelopes individualizados (sachês) de conteúdo inferior ou igual a 10 g","16","17019100"
"cest_1710001","100.1","17.100.01","Açúcar refinado adicionado de aromatizante ou de corante em embalagens de conteúdo superior a 2 kg e inferior ou igual a 5 kg","16","17019100"
"cest_1710002","100.2","17.100.02","Açúcar refinado adicionado de aromatizante ou de corante em embalagens de conteúdo superior a 5 kg","16","17019100"
"cest_1710100","101","17.101.00","Açúcar cristal, em embalagens de conteúdo inferior ou igual a 2 kg, exceto as embalagens contendo envelopes individualizados (sachês) de conteúdo inferior ou igual a 10 g","16","17011,17019900"
"cest_1710101","101.1","17.101.01","Açúcar cristal, em embalagens de conteúdo superior a 2 kg e inferior ou igual a 5 kg","16","17011,17019900"
"cest_1710102","101.2","17.101.02","Açúcar cristal, em embalagens de conteúdo superior a 5 kg","16","17011,17019900"
"cest_1710200","102","17.102.00","Açúcar cristal adicionado de aromatizante ou de corante, em embalagens de conteúdo inferior ou igual a 2 kg, exceto as embalagens contendo envelopes individualizados (sachês) de conteúdo inferior ou igual a 10 g","16","17019100"
"cest_1710201","102.1","17.102.01","Açúcar cristal adicionado de aromatizante ou de corante, em embalagens de conteúdo superior a 2 kg e inferior ou igual a 5 kg","16","17019100"
"cest_1710202","102.2","17.102.02","Açúcar cristal adicionado de aromatizante ou de corante, em embalagens de conteúdo superior a 5 kg","16","170191"
"cest_1710300","103","17.103.00","Outros tipos de açúcar, em embalagens de conteúdo inferior ou igual a 2 kg, exceto as embalagens contendo envelopes individualizados (sachês) de conteúdo inferior ou igual a 10 g","16","17011,17019900"
"cest_1710301","103.1","17.103.01","Outros tipos de açúcar, em embalagens de conteúdo superior a 2 kg e inferior ou igual a 5 kg","16","17011,17019900"
"cest_1710302","103.2","17.103.02","Outros tipos de açúcar, em embalagens de conteúdo superior a 5 kg","16","17011,17019900"
"cest_1710400","104","17.104.00","Outros tipos de açúcar adicionado de aromatizante ou de corante, em embalagens de conteúdo inferior ou igual a 2 kg, exceto as embalagens contendo envelopes individualizados (sachês) de conteúdo inferior ou igual a 10 g","16","17019100"
"cest_1710401","104.1","17.104.01","Outros tipos de açúcar adicionado de aromatizante ou de corante, em embalagens de conteúdo superior a 2 kg e inferior ou igual a 5 kg","16","17019100"
"cest_1710402","104.2","17.104.02","Outros tipos de açúcar adicionado de aromatizante ou de corante, em embalagens de conteúdo superior a 5 kg","16","17019100"
"cest_1710500","105","17.105.00","Outros açúcares em embalagens de conteúdo inferior ou igual a 2 kg, exceto as embalagens contendo envelopes individualizados (sachês) de conteúdo inferior ou igual a 10 g","16","1702"
"cest_1710501","105.1","17.105.01","Outros açúcares, em embalagens de conteúdo superior a 2 kg e inferior ou igual a 5 kg","16","1702"
"cest_1710502","105.2","17.105.02","Outros açúcares, em embalagens de conteúdo superior a 5 kg","16","1702"
"cest_1710600","106","17.106.00","Milho para pipoca (micro-ondas)","16","20081900"
"cest_1710700","107","17.107.00","Extratos, essências e concentrados de café e preparações à base destes extratos, essências ou concentrados ou à base de café, em embalagens de conteúdo inferior ou igual a 500 g, exceto os classificados no CEST 17.107.01","16","21011"
"cest_1710701","107.1","17.107.01","Extratos, essências e concentrados de café e preparações à base destes extratos, essências ou concentrados ou à base de café, em cápsulas","16","21011"
"cest_1710800","108","17.108.00","Extratos, essências e concentrados de chá ou de mate e preparações à base destes extratos, essências ou concentrados ou à base de chá ou de mate, em embalagens de conteúdo inferior ou igual a 500 g, exceto as bebidas prontas à base de mate ou chá e os itens classificados no CEST 17.108.01","16","21012"
"cest_1710801","108.1","17.108.01","Extratos, essências e concentrados de chá ou de mate e preparações à base destes extratos, essências ou concentrados ou à base de chá ou de mate, em cápsulas","16","21012"
"cest_1710900","109","17.109.00","Preparações em pó para cappuccino e similares, em embalagens de conteúdo inferior ou igual a 500 g","16","18069000,19019090,21011190,21011200"
"cest_1711000","110","17.110.00","Refrescos e outras bebidas prontas para beber, à base de chá e mate","16","22021000"
"cest_1711100","111","17.111.00","Refrescos e outras bebidas não alcoólicas, exceto os refrigerantes e as demais bebidas nos CEST 03.007.00 e 17.110.00","16","22021000"
"cest_1711200","112","17.112.00","Néctares de frutas e outras bebidas não alcoólicas prontas para beber, exceto bebidas hidroeletrolíticas e energéticos","16","22029900"
"cest_1711300","113","17.113.00","Bebidas prontas à base de mate ou chá","16","210120,22029900"
"cest_1711400","114","17.114.00","Bebidas prontas à base de café","16","22029900"
"cest_1711500","115","17.115.00","Bebidas alimentares prontas à base de soja, leite ou cacau, inclusive os produtos denominados bebidas lácteas","16","22029900"
"cest_1711600","116","17.116.00","Sementes de anis (erva-doce), badiana (anis-estrelado), funcho, coentro, cominho ou alcaravia; bagas de zimbro; fruta seca, misturas de fruta seca ou de fruta de casa rija; quando acondicionadas em saquinhos, especialmente, para a preparação de infusões ou de tisanas (“chás”)","16","00813,00909"
"cest_1711700","117","17.117.00","Outras preparações em blocos ou em barras, com peso superior a 2kg, ou no estado líquido, em pasta, em pó, grânulos ou formas semelhantes, em recipientes ou embalagens imediatas de conteúdo superior a 2kg","16","18062000"
"cest_1900100","1","19.001.00","Tinta guache","17","32131000"
"cest_1900200","2","19.002.00","Espiral - perfil para encadernação, de plástico e outros materiais classificados nas posições 3901 a 3914","17","39162000"
"cest_1900300","3","19.003.00","Outros espirais - perfil para encadernação, de plástico e outros materiais classificados nas posições 3901 a 3914","17","39161000,391690"
"cest_1900400","4","19.004.00","Artigos de escritório e artigos escolares de plástico e outros materiais classificados nas posições 3901 a 3914, exceto estojos","17","39261000"
"cest_1900500","5","19.005.00","Maletas e pastas para documentos e de estudante, e artefatos semelhantes","17","42021,42029"
"cest_1900501","5.1","19.005.01","Baús, malas e maletas para viagem","17","42021,42029"
"cest_1900600","6","19.006.00","Prancheta de plástico","17","39269090"
"cest_1900700","7","19.007.00","Bobina para fax","17","48022090,48119090"
"cest_1900800","8","19.008.00","Papel seda","17","4802549"
"cest_1900900","9","19.009.00","Bobina para máquina de calcular, PDV ou equipamentos similares","17","48025499,48025799,48162000"
"cest_1901000","10","19.010.00","Cartolina escolar e papel cartão, brancos e coloridos, cortados em folhas em que um lado seja inferior ou igual a 500 mm e o outro inferior ou igual a 700 mm, quando não dobradas, e peso igual ou superior a 120g/m²; recados autoadesivos (LP note); papéis de presente; todos cortados em tamanho pronto para uso escolar e doméstico","17","4802569,4802579,4802589"
"cest_1901100","11","19.011.00","Papel fotográfico, exceto: (i) os papéis fotográficos emulsionados com haleto de prata tipo brilhante, matte ou lustre, em rolo e, com largura igual ou superior a 102 mm e comprimento inferior ou igual a 350 m, (ii) os papéis fotográficos emulsionados com haleto de prata tipo brilhante ou fosco, em folha e com largura igual ou superior a 152 mm e comprimento inferior ou igual a 307 mm, (iii) papel de qualidade fotográfica com tecnologia “Thermo-autochrome”, que submetido a um processo de aquecimento seja capaz de formar imagens por reação química e combinação das camadas cyan, magenta e amarela","17","37031010,37031029,37032000,37039010,37040000,48022000"
"cest_1901200","12","19.012.00","Papel almaço","17","48101390"
"cest_1901300","13","19.013.00","Papel hectográfico","17","48169010"
"cest_1901400","14","19.014.00","Papel celofane e tipo celofane","17","39202019"
"cest_1901500","15","19.015.00","Papel impermeável","17","48062000"
"cest_1901600","16","19.016.00","Papel crepon","17","48081000"
"cest_1901700","17","19.017.00","Papel fantasia","17","48102290"
"cest_1901800","18","19.018.00","Papel-carbono, papel autocopiativo (exceto os vendidos em rolos de diâmetro igual ou superior a 60 cm e os vendidos em folhas de formato igual ou superior a 60 cm de altura e igual ou superior a 90 cm de largura) e outros papéis para cópia ou duplicação (incluídos os papéis para estênceis ou para chapas ofsete), estênceis completos e chapas ofsete, de papel, em folhas, mesmo acondicionados em caixas","17","4809,4816"
"cest_1901900","19","19.019.00","Envelopes, aerogramas, bilhetes-postais não ilustrados e cartões para correspondência, de papel ou cartão, caixas, sacos e semelhantes, de papel ou cartão, contendo um sortido de artigos para correspondência","17","4817"
"cest_1902000","20","19.020.00","Livros de registro e de contabilidade, blocos de notas, de encomendas, de recibos, de apontamentos, de papel para cartas, agendas e artigos semelhantes","17","48201000"
"cest_1902100","21","19.021.00","Cadernos","17","48202000"
"cest_1902200","22","19.022.00","Classificadores, capas para encadernação (exceto as capas para livros) e capas de processos","17","48203000"
"cest_1902300","23","19.023.00","Formulários em blocos tipo “manifold”, mesmo com folhas intercaladas de papel-carbono","17","48204000"
"cest_1902400","24","19.024.00","Álbuns para amostras ou para coleções","17","48205000"
"cest_1902500","25","19.025.00","Pastas para documentos, outros artigos escolares, de escritório ou de papelaria, de papel ou cartão e capas para livros, de papel ou cartão","17","48209000"
"cest_1902600","26","19.026.00","Cartões postais impressos ou ilustrados, cartões impressos com votos ou mensagens pessoais, mesmo ilustrados, com ou sem envelopes, guarnições ou aplicações (conhecidos como cartões de expressão social - de época/sentimento)","17","49090000"
"cest_1902700","27","19.027.00","Canetas esferográficas","17","96081000"
"cest_1902800","28","19.028.00","Canetas e marcadores, com ponta de feltro ou com outras pontas porosas","17","96082000"
"cest_1902900","29","19.029.00","Canetas tinteiro","17","96083000"
"cest_1903000","30","19.030.00","Outras canetas; sortidos de canetas","17","9608"
"cest_1903100","31","19.031.00","Papel cortado “cutsize” (tipo A3, A4, ofício I e II, carta e outros)","17","480256"
"cest_1903200","32","19.032.00","Papel camurça","17","52105990"
"cest_1903300","33","19.033.00","Papel laminado e papel espelho","17","76071190"
"cest_2000100","1","20.001.00","Henna (embalagens de conteúdo inferior ou igual a 200 g)","18","12119090"
"cest_2000101","1.1","20.001.01","Henna (embalagens de conteúdo superior a 200 g)","18","12119090"
"cest_2000200","2","20.002.00","Vaselina","18","27121000"
"cest_2000300","3","20.003.00","Amoníaco em solução aquosa (amônia)","18","28142000"
"cest_2000400","4","20.004.00","Peróxido de hidrogênio, em embalagens de conteúdo inferior ou igual a 500 ml","18","28470000"
"cest_2000500","5","20.005.00","Lubrificação íntima","18","30067000"
"cest_2000600","6","20.006.00","Óleos essenciais (desterpenados ou não), incluídos os chamados “concretos” ou “absolutos”; resinoides; oleorresinas de extração; soluções concentradas de óleos essenciais em gorduras, em óleos fixos, em ceras ou em matérias análogas, obtidas por tratamento de flores através de substâncias gordas ou por maceração; subprodutos terpênicos residuais da desterpenação dos óleos essenciais; águas destiladas aromáticas e soluções aquosas de óleos essenciais, em embalagens de conteúdo inferior ou igual a 500 ml","18","3301"
"cest_2000700","7","20.007.00","Perfumes (extratos)","18","33030010"
"cest_2000800","8","20.008.00","Águas-de-colônia","18","33030020"
"cest_2000900","9","20.009.00","Produtos de maquilagem para os lábios","18","33041000"
"cest_2001000","10","20.010.00","Sombra, delineador, lápis para sobrancelhas e rímel","18","33042010"
"cest_2001100","11","20.011.00","Outros produtos de maquilagem para os olhos","18","33042090"
"cest_2001200","12","20.012.00","Preparações para manicuros e pedicuros, incluindo removedores de esmalte à base de acetona","18","33043000"
"cest_2001300","13","20.013.00","Pós, incluídos os compactos","18","33049100"
"cest_2001400","14","20.014.00","Cremes de beleza, cremes nutritivos e loções tônicas","18","33049910"
"cest_2001500","15","20.015.00","Outros produtos de beleza ou de maquilagem preparados e preparações para conservação ou cuidados da pele, exceto as preparações solares e antissolares","18","33049990"
"cest_2001600","16","20.016.00","Preparações solares e antissolares","18","33049990"
"cest_2001700","17","20.017.00","Xampus para o cabelo","18","33051000"
"cest_2001800","18","20.018.00","Preparações para ondulação ou alisamento, permanentes, dos cabelos","18","33052000"
"cest_2001900","19","20.019.00","Laquês para o cabelo","18","33053000"
"cest_2002000","20","20.020.00","Outras preparações capilares, incluindo máscaras e finalizadores","18","33059000"
"cest_2002100","21","20.021.00","Condicionadores","18","33059000"
"cest_2002200","22","20.022.00","Tintura para o cabelo","18","33059000"
"cest_2002300","23","20.023.00","Dentifrícios","18","33061000"
"cest_2002400","24","20.024.00","Fios utilizados para limpar os espaços interdentais (fios dentais)","18","33062000"
"cest_2002500","25","20.025.00","Outras preparações para higiene bucal ou dentária","18","33069000"
"cest_2002600","26","20.026.00","Preparações para barbear (antes, durante ou após)","18","33071000"
"cest_2002700","27","20.027.00","Desodorantes (desodorizantes) corporais líquidos, exceto os classificados no CEST 20.027.01","18","33072010"
"cest_2002701","27.1","20.027.01","Loções e óleos desodorantes hidratantes líquidos","18","33072010"
"cest_2002800","28","20.028.00","Antiperspirantes líquidos","18","33072010"
"cest_2002900","29","20.029.00","Outros desodorantes (desodorizantes) corporais, exceto os classificados no CEST 20.029.01","18","33072090"
"cest_2002901","29.1","20.029.01","Outras loções e óleos desodorantes hidratantes","18","33072090"
"cest_2003000","30","20.030.00","Outros antiperspirantes","18","33072090"
"cest_2003100","31","20.031.00","Sais perfumados e outras preparações para banhos","18","33073000"
"cest_2003200","32","20.032.00","Outros produtos de perfumaria preparados","18","33079000"
"cest_2003201","32.1","20.032.01","Outros produtos de toucador preparados","18","33079000"
"cest_2003300","33","20.033.00","Soluções para lentes de contato ou para olhos artificiais","18","33079000"
"cest_2003400","34","20.034.00","Sabões de toucador em barras, pedaços ou figuras moldados, exceto CEST 20.034.01","18","34011190"
"cest_2003401","34.1","20.034.01","Lenços umedecidos","18","34011190"
"cest_2003500","35","20.035.00","Outros sabões, produtos e preparações, em barras, pedaços ou figuras moldados","18","34011900"
"cest_2003600","36","20.036.00","Sabões de toucador sob outras formas","18","34012010"
"cest_2003700","37","20.037.00","Produtos e preparações orgânicos tensoativos para lavagem da pele, na forma de líquido ou de creme, acondicionados para venda a retalho, mesmo contendo sabão","18","34013000"
"cest_2003800","38","20.038.00","Bolsa para gelo ou para água quente","18","40149010"
"cest_2003900","39","20.039.00","Chupetas e bicos para mamadeiras e para chupetas, de borracha","18","40149090"
"cest_2004000","40","20.040.00","Chupetas e bicos para mamadeiras e para chupetas, de silicone","18","39249000,39269040,9269090"
"cest_2004100","41","20.041.00","Malas e maletas de toucador","18","42021"
"cest_2004200","42","20.042.00","Papel higiênico - folha simples","18","48181000"
"cest_2004300","43","20.043.00","Papel higiênico - folha dupla, tripla e quádrupla","18","48181000"
"cest_2004400","44","20.044.00","Lenços (incluídos os de maquilagem) e toalhas de mão","18","48182000"
"cest_2004500","45","20.045.00","Papel toalha de uso institucional do tipo comercializado em rolos igual ou superior a 80 metros e do tipo comercializado em folhas intercaladas","18","48182000"
"cest_2004600","46","20.046.00","Toalhas e guardanapos de mesa","18","48183000"
"cest_2004700","47","20.047.00","Toalhas de cozinha (papel toalha de uso doméstico)","18","48189090"
"cest_2004800","48","20.048.00","Fraldas, exceto os descritos no CEST 20.048.01","18","96190000"
"cest_2004801","48.1","20.048.01","Fraldas de fibras têxteis","18","96190000"
"cest_2004900","49","20.049.00","Tampões higiênicos","18","96190000"
"cest_2005000","50","20.050.00","Absorventes higiênicos externos","18","96190000"
"cest_2005100","51","20.051.00","Hastes flexíveis (uso não medicinal)","18","56012190"
"cest_2005200","52","20.052.00","Sutiã descartável, assemelhados e papel para depilação","18","56039290"
"cest_2005300","53","20.053.00","Pinças para sobrancelhas","18","82032090"
"cest_2005400","54","20.054.00","Espátulas (artigos de cutelaria)","18","82141000"
"cest_2005500","55","20.055.00","Utensílios e sortidos de utensílios de manicuros ou de pedicuros (incluídas as limas para unhas)","18","82142000"
"cest_2005600","56","20.056.00","Termômetros, inclusive o digital","18","90251110,90251990"
"cest_2005700","57","20.057.00","Escovas e pincéis de barba, escovas para cabelos, para cílios ou para unhas e outras escovas de toucador de pessoas, incluídas as que sejam partes de aparelhos, exceto escovas de dentes","18","96032"
"cest_2005800","58","20.058.00","Escovas de dentes, incluídas as escovas para dentaduras","18","96032100"
"cest_2005900","59","20.059.00","Pincéis para aplicação de produtos cosméticos","18","96033000"
"cest_2006000","60","20.060.00","Sortidos de viagem, para toucador de pessoas para costura ou para limpeza de calçado ou de roupas","18","96050000"
"cest_2006100","61","20.061.00","Pentes, travessas para cabelo e artigos semelhantes; grampos (alfinetes) para cabelo; pinças (pinceguiches), onduladores, bobes (rolos) e artefatos semelhantes para penteados, e suas partes, exceto os classificados na posição 8516 e suas partes","18","9615"
"cest_2006200","62","20.062.00","Borlas ou esponjas para pós ou para aplicação de outros cosméticos ou de produtos de toucador","18","96162000"
"cest_2006300","63","20.063.00","Mamadeiras","18","39233090,39241000,39249000,40149090,7013"
"cest_2006400","64","20.064.00","Aparelhos e lâminas de barbear","18","82121020,82122010"
"cest_2006500","65","20.065.00","Algodão hidrófilo, não estéril, destinado à higiene pessoal.","18","56012110"
"cest_2100100","1","21.001.00","Fogões de cozinha de uso doméstico e suas partes","19","73211100,73218100,73219000"
"cest_2100200","2","21.002.00","Combinações de refrigeradores e congeladores (“freezers”), munidos de portas exteriores separadas","19","84181000"
"cest_2100300","3","21.003.00","Refrigeradores do tipo doméstico, de compressão","19","84182100"
"cest_2100400","4","21.004.00","Outros refrigeradores do tipo doméstico","19","84182900"
"cest_2100500","5","21.005.00","Congeladores (“freezers”) horizontais tipo arca, de capacidade não superior a 800 litros","19","84183000"
"cest_2100600","6","21.006.00","Congeladores (“freezers”) verticais tipo armário, de capacidade não superior a 900 litros","19","84184000"
"cest_2100700","7","21.007.00","Outros móveis (arcas, armários, vitrines, balcões e móveis semelhantes) para a conservação e exposição de produtos, que incorporem um equipamento para a produção de frio","19","84185"
"cest_2100800","8","21.008.00","Mini adega e similares","19","8418699"
"cest_2100900","9","21.009.00","Máquinas para produção de gelo","19","84186999"
"cest_2101000","10","21.010.00","Partes dos refrigeradores, congeladores, mini adegas e similares, máquinas para produção de gelo e bebedouros descritos nos CEST 21.002.00, 21.003.00, 21.004.00, 21.005.00, 21.006.00, 21.007.00, 21.008.00, 21.009.00 e 21.013.00","19","84189900"
"cest_2101100","11","21.011.00","Secadoras de roupa de uso doméstico","19","842112"
"cest_2101200","12","21.012.00","Outras secadoras de roupas e centrífugas de uso doméstico","19","84211990"
"cest_2101300","13","21.013.00","Bebedouros refrigerados para água","19","84186931"
"cest_2101400","14","21.014.00","Partes das secadoras de roupas e centrífugas de uso doméstico e dos aparelhos para filtrar ou depurar água, descritos nos CEST 21.011.00 e 21.012.00 e 21.098.00","19","84219"
"cest_2101500","15","21.015.00","Máquinas de lavar louça do tipo doméstico e suas partes","19","84221100,84229010"
"cest_2101600","16","21.016.00","Máquinas que executem pelo menos duas das seguintes funções: impressão, cópia ou transmissão de telecópia (fax), capazes de ser conectadas a uma máquina automática para processamento de dados ou a uma rede","19","844331"
"cest_2101700","17","21.017.00","Outras impressoras, máquinas copiadoras e telecopiadores (fax), mesmo combinados entre si, capazes de ser conectados a uma máquina automática para processamento de dados ou a uma rede","19","844332"
"cest_2101800","18","21.018.00","Partes e acessórios de máquinas e aparelhos de impressão por meio de blocos, cilindros e outros elementos de impressão da posição 8442; e de outras impressoras, máquinas copiadoras e telecopiadores (fax), mesmo combinados entre si","19","84439"
"cest_2101900","19","21.019.00","Máquinas de lavar roupa, mesmo com dispositivos de secagem, de uso doméstico, de capacidade não superior a 10 kg, em peso de roupa seca, inteiramente automáticas","19","84501100"
"cest_2102000","20","21.020.00","Outras máquinas de lavar roupa, mesmo com dispositivos de secagem, de uso doméstico, com secador centrífugo incorporado","19","84501200"
"cest_2102100","21","21.021.00","Outras máquinas de lavar roupa, mesmo com dispositivos de secagem, de uso doméstico","19","84501900"
"cest_2102200","22","21.022.00","Máquinas de lavar roupa, mesmo com dispositivos de secagem, de uso doméstico, de capacidade superior a 10 kg, em peso de roupa seca","19","84502"
"cest_2102300","23","21.023.00","Partes de máquinas de lavar roupa, mesmo com dispositivos de secagem, de uso doméstico","19","84509"
"cest_2102400","24","21.024.00","Máquinas de secar de uso doméstico de capacidade não superior a 10 kg, em peso de roupa seca","19","84512100"
"cest_2102500","25","21.025.00","Outras máquinas de secar de uso doméstico","19","84512990"
"cest_2102600","26","21.026.00","Partes de máquinas de secar de uso doméstico","19","84519"
"cest_2102700","27","21.027.00","Máquinas de costura de uso doméstico","19","84521000"
"cest_2102800","28","21.028.00","Máquinas automáticas para processamento de dados, portáteis, de peso não superior a 10 kg, contendo pelo menos uma unidade central de processamento, um teclado e uma tela","19","84713"
"cest_2102900","29","21.029.00","Outras máquinas automáticas para processamento de dados","19","84714"
"cest_2103000","30","21.030.00","Unidades de processamento, de pequena capacidade, exceto as das subposições 8471.41 ou 8471.49, podendo conter, no mesmo corpo, um ou dois dos seguintes tipos de unidades: unidade de memória, unidade de entrada e unidade de saída; baseadas em microprocessadores, com capacidade de instalação, dentro do mesmo gabinete, de unidades de memória da subposição 8471.70, podendo conter múltiplos conectores de expansão (“slots”), e valor FOB inferior ou igual a US$ 12.500,00, por unidade","19","84715010"
"cest_2103100","31","21.031.00","Unidades de entrada, exceto as classificadas no código 8471.60.54","19","8471605"
"cest_2103200","32","21.032.00","Outras unidades de entrada ou de saída, podendo conter, no mesmo corpo, unidades de memória","19","84716090"
"cest_2103300","33","21.033.00","Unidades de memória","19","84717"
"cest_2103400","34","21.034.00","Outras máquinas automáticas para processamento de dados e suas unidades; leitores magnéticos ou ópticos, máquinas para registrar dados em suporte sob forma codificada, e máquinas para processamento desses dados, não especificadas nem compreendidas em outras posições","19","84719"
"cest_2103500","35","21.035.00","Partes e acessórios das máquinas da posição 84.71","19","84733"
"cest_2103600","36","21.036.00","Outros transformadores, exceto os classificados nos códigos 8504.33.00 e 8504.34.00","19","85043"
"cest_2103700","37","21.037.00","Carregadores de acumuladores","19","85044010"
"cest_2103800","38","21.038.00","Equipamentos de alimentação ininterrupta de energia (UPS ou “no break”)","19","85044040"
"cest_2103900","39","21.039.00","Outros acumuladores","19","85078000"
"cest_2104000","40","21.040.00","Aspiradores","19","8508"
"cest_2104100","41","21.041.00","Aparelhos eletromecânicos de motor elétrico incorporado, de uso doméstico e suas partes","19","8509"
"cest_2104200","42","21.042.00","Enceradeiras","19","85098010"
"cest_2104300","43","21.043.00","Chaleiras elétricas","19","85161000"
"cest_2104400","44","21.044.00","Ferros elétricos de passar","19","85164000"
"cest_2104500","45","21.045.00","Fornos de micro-ondas","19","85165000"
"cest_2104600","46","21.046.00","Outros fornos; fogareiros (incluídas as chapas de cocção), grelhas e assadeiras, exceto os portáteis","19","85166000"
"cest_2104700","47","21.047.00","Outros fornos; fogareiros (incluídas as chapas de cocção), grelhas e assadeiras, portáteis","19","85166000"
"cest_2104800","48","21.048.00","Outros aparelhos eletrotérmicos de uso doméstico - Cafeteiras","19","85167100"
"cest_2104900","49","21.049.00","Outros aparelhos eletrotérmicos de uso doméstico - Torradeiras","19","85167200"
"cest_2105000","50","21.050.00","Outros aparelhos eletrotérmicos de uso doméstico","19","851679"
"cest_2105100","51","21.051.00","Partes das chaleiras, ferros, fornos e outros aparelhos eletrotérmicos da posição 85.16, descritos nos CEST 21.043.00, 21.044.00, 21.045.00, 21.046.00, 21.047.00, 21.048.00, 21.049.00 e 21.050.00","19","85169000"
"cest_2105200","52","21.052.00","Aparelhos telefônicos por fio com unidade auscultador - microfone sem fio","19","85171100"
"cest_2105300","53","21.053.00","Telefones inteligentes (“smartphones”) e para redes celulares, excetos por satélite, os de uso automotivo e os classificados nos CEST 21.053.01","19","85171300,8517143"
"cest_2105301","53.1","21.053.01","Telefones inteligentes (“smartphones”) e para redes celulares portáteis, excetos por satélite","19","85171300,85171431"
"cest_2105400","54","21.054.00","Outros telefones para outras redes sem fio, excetos os de uso automotivo e os classificados nos CEST 21.053.00 e 21.053.01","19","851714"
"cest_2105500","55","21.055.00","Outros aparelhos telefônicos não combinados com outros aparelhos","19","85171830"
"cest_2105501","55.1","21.055.01","Outros aparelhos telefônicos","19","85171890"
"cest_2105600","56","21.056.00","Outros aparelhos para transmissão ou recepção de voz, imagem ou outros dados em rede com fio.","19","85176259"
"cest_2105601","56.1","21.056.01","Distribuidores de conexões para rede (“hubs”) e moduladores/demoduladores (“modens”).","19","85176254,85176255"
"cest_2105700","57","21.057.00","Microfones e seus suportes; alto-falantes, mesmo montados nos seus receptáculos, fones de ouvido (auscultadores), mesmo combinados com microfone e conjuntos ou sortidos constituídos por um microfone e um ou mais alto-falantes, amplificadores elétricos de audiofrequência, aparelhos elétricos de amplificação de som; suas partes e acessórios; exceto os de uso automotivo","19","8518"
"cest_2105800","58","21.058.00","Aparelhos de radiodifusão suscetíveis de funcionarem sem fonte externa de energia. Aparelhos de gravação de som; aparelhos de reprodução de som; aparelhos de gravação e de reprodução de som; partes e acessórios; exceto os de uso automotivo","19","8519,8522,85271"
"cest_2105900","59","21.059.00","Outros aparelhos de gravação de som; aparelhos de reprodução de som; aparelhos de gravação e de reprodução de som; partes e acessórios; exceto os de uso automotivo","19","85198190"
"cest_2106000","60","21.060.00","Gravador-reprodutor e editor de imagem e som, em discos, por meio magnético, óptico ou optomagnético, exceto de uso automotivo","19","85219010"
"cest_2106100","61","21.061.00","Outros aparelhos videofônicos de gravação ou reprodução, mesmo incorporando um receptor de sinais videofônicos, exceto os de uso automotivo","19","85219090"
"cest_2106200","62","21.062.00","Cartões de memória (""memorycards"")","19","85235110"
"cest_2106300","63","21.063.00","Cartões inteligentes (""smartcards""), exceto o item classificado no CEST 21.064.00","19","852352"
"cest_2106400","64","21.064.00","Cartões inteligentes (""sim cards"")","19","852352"
"cest_2106500","65","21.065.00","Câmeras fotográficas digitais e câmeras de vídeo","19","8525892"
"cest_2106600","66","21.066.00","Outros aparelhos receptores para radiodifusão, mesmo combinados num invólucro, com um aparelho de gravação ou de reprodução de som, ou com um relógio, inclusive caixa acústica para Home Theaters classificados na posição 8518","19","85279"
"cest_2106700","67","21.067.00","Monitores e projetores que não incorporem aparelhos receptores de televisão, policromáticos","19","85284990,85285900,852869"
"cest_2106701","67.1","21.067.01","Projetores capazes de serem conectados diretamente a uma máquina automática para processamento de dados da posição 84.71 e concebidos para serem utilizados com esta máquina","19","85286200"
"cest_2106800","68","21.068.00","Outros monitores capazes de serem conectados diretamente a uma máquina automática para processamento de dados da posição 84.71 e concebidos para serem utilizados com esta máquina, policromáticos","19","85285200"
"cest_2106900","69","21.069.00","Aparelhos receptores de televisão, mesmo que incorporem um aparelho receptor de radiodifusão ou um aparelho de gravação ou reprodução de som ou de imagens - Televisores de CRT (tubo de raios catódicos)","19","85287"
"cest_2107000","70","21.070.00","Aparelhos receptores de televisão, mesmo que incorporem um aparelho receptor de radiodifusão ou um aparelho de gravação ou reprodução de som ou de imagens - Televisores de LCD (Display de Cristal Líquido)","19","85287"
"cest_2107100","71","21.071.00","Aparelhos receptores de televisão, mesmo que incorporem um aparelho receptor de radiodifusão ou um aparelho de gravação ou reprodução de som ou de imagens - Televisores de Plasma","19","85287"
"cest_2107200","72","21.072.00","Outros aparelhos receptores de televisão não dotados de monitores ou display de vídeo","19","85287"
"cest_2107300","73","21.073.00","Outros aparelhos receptores de televisão não relacionados nos CEST 21.069.00, 21.070.00, 21.071.00 e 21.072.00","19","85287"
"cest_2107400","74","21.074.00","Câmeras fotográficas dos tipos utilizadas para preparação de clichês ou cilindros de impressão","19","900659"
"cest_2107500","75","21.075.00","Câmeras fotográficas para filmes de revelação e copiagem instantâneas","19","90064000"
"cest_2107600","76","21.076.00","Aparelhos de diatermia","19","90189050"
"cest_2107700","77","21.077.00","Aparelhos de massagem","19","90191000"
"cest_2107800","78","21.078.00","Reguladores de voltagem eletrônicos","19","90328911"
"cest_2107900","79","21.079.00","Consoles e máquinas de jogos de vídeo, exceto os classificados na subposição 9504.30","19","95045000"
"cest_2108000","80","21.080.00","Multiplexadores e concentradores","19","8517621"
"cest_2108100","81","21.081.00","Centrais automáticas privadas, de capacidade inferior ou igual a 25 ramais","19","85176229"
"cest_2108200","82","21.082.00","Outros aparelhos para comutação","19","85176239"
"cest_2108300","83","21.083.00","Roteadores digitais, em redes com ou sem fio","19","8517624"
"cest_2108400","84","21.084.00","Aparelhos emissores com receptor incorporado de tecnologia celular","19","85176262"
"cest_2108500","85","21.085.00","Outros aparelhos de recepção, conversão e transmissão ou regeneração de voz, imagens ou outros dados, incluindo os aparelhos de comutação e roteamento","19","8517629"
"cest_2108600","86","21.086.00","Antenas próprias para telefones celulares portáteis, exceto as telescópicas","19","85177110"
"cest_2108700","87","21.087.00","Aparelhos ou máquinas de barbear, máquinas de cortar o cabelo ou de tosquiar e aparelhos de depilar, e suas partes","19","821490,8510"
"cest_2108800","88","21.088.00","Ventiladores, exceto os de uso agrícola e do CEST 21.088.01","19","84145"
"cest_2108801","88.1","21.088.01","Microventiladores com área de carcaça inferior a 90 cm²","19","84145910"
"cest_2108900","89","21.089.00","Ventiladores de uso agrícola","19","84145990"
"cest_2109000","90","21.090.00","Coifas com dimensão horizontal máxima não superior a 120 cm","19","84146000"
"cest_2109100","91","21.091.00","Partes de ventiladores ou coifas aspirantes","19","84149020"
"cest_2109200","92","21.092.00","Máquinas e aparelhos de ar condicionado contendo um ventilador motorizado e dispositivos próprios para modificar a temperatura e a umidade, incluídos as máquinas e aparelhos em que a umidade não seja regulável separadamente","19","841510,84158"
"cest_2109300","93","21.093.00","Aparelhos de ar-condicionado tipo Split System (sistema com elementos separados) com unidade externa e interna","19","84151011"
"cest_2109400","94","21.094.00","Aparelhos de ar-condicionado com capacidade inferior ou igual a 30.000 frigorias/hora","19","84151019"
"cest_2109500","95","21.095.00","Aparelhos de ar-condicionado com capacidade acima de 30.000 frigorias/hora","19","84151090"
"cest_2109600","96","21.096.00","Unidades evaporadoras (internas) de aparelho de ar-condicionado do tipo Split System (sistema com elementos separados), com capacidade inferior ou igual a 30.000 frigorias/hora","19","84159010"
"cest_2109700","97","21.097.00","Unidades condensadoras (externas) de aparelho de ar-condicionado do tipo Split System (sistema com elementos separados), com capacidade inferior ou igual a 30.000 frigorias/hora","19","84159020"
"cest_2109800","98","21.098.00","Aparelhos elétricos para filtrar ou depurar água (purificadores de água refrigerados), exceto os itens classificados no CEST 21.098.01","19","84212100"
"cest_2109801","98.1","21.098.01","Outros aparelhos elétricos para filtrar ou depurar água","19","84212100"
"cest_2109900","99","21.099.00","Lavadora de alta pressão e suas partes","19","84243010,84243090,84249090"
"cest_2110000","100","21.100.00","Furadeiras elétricas","19","84672100"
"cest_2110100","101","21.101.00","Aparelhos elétricos para aquecimento de ambientes","19","85162"
"cest_2110200","102","21.102.00","Secadores de cabelo","19","85163100"
"cest_2110300","103","21.103.00","Outros aparelhos para arranjos do cabelo","19","85163200"
"cest_2110400","104","21.104.00","Aparelhos receptores para radiodifusão, mesmo combinados num mesmo invólucro, com um aparelho de gravação ou de reprodução de som, ou com um relógio, exceto os classificados na posição 8527.1, 8527.2 e 8527.9 que sejam de uso automotivo","19","8527"
"cest_2110500","105","21.105.00","Climatizadores de ar","19","84796000"
"cest_2110600","106","21.106.00","Outras partes para máquinas e aparelhos de ar-condicionado que contenham um ventilador motorizado e dispositivos próprios para modificar a temperatura e a umidade, incluindo as máquinas e aparelhos em que a umidade não seja regulável separadamente","19","84159090"
"cest_2110700","107","21.107.00","Câmeras de televisão","19","8525891"
"cest_2110800","108","21.108.00","Balanças de uso doméstico","19","84231000"
"cest_2110900","109","21.109.00","Tubos e válvulas, eletrônicos, de cátodo quente, cátodo frio ou fotocátodo (por exemplo, tubos e válvulas, de vácuo, de vapor ou de gás, ampolas retificadoras de vapor de mercúrio, tubos catódicos, tubos e válvulas para câmeras de televisão)","19","8540"
"cest_2111000","110","21.110.00","Aparelhos elétricos para telefonia; outros aparelhos para transmissão ou recepção de voz, imagens ou outros dados, incluídos os aparelhos para comunicação em redes por fio ou redes sem fio, tal como uma rede local (LAN) ou uma rede de área estendida (WAN), incluídas suas partes, exceto os de uso automotivo, os classificados nos códigos NCM/SH 8517.62.51, 8517.62.52 e 8517.62.53 e no código CEST 21.127.00","19","8517"
"cest_2111100","111","21.111.00","Interfones, seus acessórios, tomadas e “plugs”","19","8517"
"cest_2111200","112","21.112.00","Partes reconhecíveis como exclusiva ou principalmente destinadas aos aparelhos das posições 8525 a 8528; exceto as de uso automotivo","19","8529"
"cest_2111300","113","21.113.00","Aparelhos elétricos de sinalização acústica ou visual (por exemplo, campainhas, sirenes, quadros indicadores, aparelhos de alarme para proteção contra roubo ou incêndio); exceto os de uso automotivo e os classificados nas posições 8531.10 e 8531.80.00.","19","8531"
"cest_2111400","114","21.114.00","Aparelhos elétricos de alarme, para proteção contra roubo ou incêndio e aparelhos semelhantes, exceto os de uso automotivo","19","85311"
"cest_2111500","115","21.115.00","Outros aparelhos de sinalização acústica ou visual, exceto os de uso automotivo","19","85318000"
"cest_2111600","116","21.116.00","Circuitos impressos, exceto os de uso automotivo","19","8534"
"cest_2111700","117","21.117.00","Diodos emissores de luz (LED), exceto diodos “laser”","19","85414111,85414121"
"cest_2111800","118","21.118.00","Eletrificadores de cercas eletrônicos","19","85437092"
"cest_2111900","119","21.119.00","Aparelhos e instrumentos para medida ou controle da tensão, intensidade, resistência ou da potência, sem dispositivo registrador; exceto os de uso automotivo","19","90303"
"cest_2112000","120","21.120.00","Analisadores lógicos de circuitos digitais, de espectro de frequência, frequencímetros, fasímetros, e outros instrumentos e aparelhos de controle de grandezas elétricas e detecção","19","903089"
"cest_2112100","121","21.121.00","Interruptores horários e outros aparelhos que permitam acionar um mecanismo em tempo determinado, munidos de maquinismo de aparelhos de relojoaria ou de motor síncrono","19","9107"
"cest_2112200","122","21.122.00","Aparelhos de iluminação (incluídos os projetores) e suas partes, não especificados nem compreendidos em outras posições; anúncios, cartazes ou tabuletas e placas indicadoras luminosos, e artigos semelhantes, contendo uma fonte luminosa fixa permanente, e suas partes não especificadas nem compreendidas em outras posições, com exceção dos itens classificados nos CEST 21.123.00, 21.124.00 e 21.125.00","19","9405"
"cest_2112300","123","21.123.00","Lustres e outros aparelhos elétricos de iluminação, próprios para serem suspensos ou fixados no teto ou na parede, exceto os dos tipos utilizados na iluminação pública; e suas partes","19","94051,94059"
"cest_2112400","124","21.124.00","Abajures de cabeceiras, de escritório e lampadários de interior, elétricos e suas partes","19","94052,94059"
"cest_2112500","125","21.125.00","Outras luminárias e aparelhos de iluminação, elétricos, e suas partes","19","94054,94059"
"cest_2112600","126","21.126.00","Microprocessador","19","85423190"
"cest_2112700","127","21.127.00","Aparelho emissor com receptor incorporado, digital, com tecnologias de transmissão/recepção sem fio, tela sensível ao toque “smartwatch”","19","85176277"
"cest_2200100","1","22.001.00","Ração tipo “pet” para animais domésticos","20","2309"
"cest_2300100","1","23.001.00","Sorvetes de qualquer espécie","21","2105"
"cest_2300200","2","23.002.00","Preparados para fabricação de sorvete em máquina","21","1806,1901,2106,0404"
"cest_2400100","1","24.001.00","Tintas, vernizes","22","3208,3209,321000"
"cest_2400200","2","24.002.00","Xadrez e pós assemelhados, em embalagem de conteúdo inferior ou igual a 1 kg, exceto pigmentos à base de dióxido de titânio classificados no código NCM 3206.11.10","22","2821,32041700,3206"
"cest_2400201","2.1","24.002.01","Xadrez e pós assemelhados, em embalagem de conteúdo superior a 1 kg, exceto pigmentos à base de dióxido de titânio classificados no código NCM 3206.11.10","22","2821,32041700,3206"
"cest_2400300","3","24.003.00","Corantes para aplicação em bases, tintas e vernizes","22","3204,32050000,3206,3212"
"cest_2500100","1","25.001.00","Veículos automóveis para transporte de 10 pessoas ou mais, incluindo o motorista, unicamente com motor de pistão, de ignição por compressão (diesel ou semidiesel), com volume interno de habitáculo, destinado a passageiros e motorista, superior a 6 m³, mas inferior a 9 m³","23","87021000"
"cest_2500200","2","25.002.00","Veículos automóveis para transporte de 10 pessoas ou mais, incluindo o motorista, unicamente com motor elétrico para propulsão, com volume interno de habitáculo, destinado a passageiros e motorista, superior a 6 m³, mas inferior a 9 m³","23","87024090"
"cest_2500300","3","25.003.00","Automóveis unicamente com motor de pistão alternativo de ignição por centelha (faísca*), de cilindrada não superior a 1000 cm³","23","87032100"
"cest_2500400","4","25.004.00","Automóveis unicamente com motor de pistão alternativo de ignição por centelha (faísca*), de cilindrada superior a 1000 cm³, mas não superior a 1500 cm³, com capacidade de transporte de pessoas sentadas inferior ou igual a 6, incluído o condutor, exceto carro celular","23","87032210"
"cest_2500500","5","25.005.00","Outros automóveis unicamente com motor de pistão alternativo de ignição por centelha (faísca*), de cilindrada superior a 1000 cm³, mas não superior a 1500 cm³, exceto carro celular","23","87032290"
"cest_2500600","6","25.006.00","Automóveis unicamente com motor de pistão alternativo de ignição por centelha (faísca*), de cilindrada superior a 1500 cm³, mas não superior a 3000 cm³, com capacidade de transporte de pessoas sentadas inferior ou igual a 6, incluído o condutor, exceto carro celular, carro funerário e automóveis de corrida","23","87032310"
"cest_2500700","7","25.007.00","Outros automóveis unicamente com motor de pistão alternativo de ignição por centelha (faísca*), de cilindrada superior a 1500 cm³, mas não superior a 3000 cm³, exceto carro celular, carro funerário e automóveis de corrida","23","87032390"
"cest_2500800","8","25.008.00","Automóveis unicamente com motor de pistão alternativo de ignição por centelha (faísca*), de cilindrada superior a 3000 cm³, com capacidade de transporte de pessoas sentadas inferior ou igual a 6, incluído o condutor, exceto carro celular, carro funerário e automóveis de corrida","23","87032410"
"cest_2500900","9","25.009.00","Outros automóveis unicamente com motor de pistão alternativo de ignição por centelha (faísca*), de cilindrada superior a 3000 cm³, exceto carro celular, carro funerário e automóveis de corrida","23","87032490"
"cest_2501000","10","25.010.00","Automóveis unicamente com motor diesel ou semidiesel, de cilindrada superior a 1500 cm³, mas não superior a 2500 cm³, com capacidade de transporte de pessoas sentadas inferior ou igual a 6, incluído o condutor, exceto ambulância, carro celular e carro funerário","23","87033210"
"cest_2501100","11","25.011.00","Outros automóveis unicamente com motor diesel ou semidiesel, de cilindrada superior a 1500 cm³, mas não superior a 2500 cm³, exceto ambulância, carro celular e carro funerário","23","87033290"
"cest_2501200","12","25.012.00","Automóveis unicamente com motor diesel ou semidiesel, de cilindrada superior a 2500 cm³, com capacidade de transporte de pessoas sentadas inferior ou igual a 6, incluído o condutor, exceto carro celular e carro funerário","23","87033310"
"cest_2501300","13","25.013.00","Outros automóveis unicamente com motor diesel ou semidiesel, de cilindrada superior a 2500 cm³, exceto carro celular e carro funerário","23","87033390"
"cest_2501400","14","25.014.00","Veículos automóveis para transporte de mercadorias, de peso em carga máxima não superior a 5 toneladas, chassis com motor diesel ou semidiesel e cabina, exceto caminhão de peso em carga máxima superior a 3,9 toneladas","23","87042110"
"cest_2501500","15","25.015.00","Veículos automóveis para transporte de mercadorias, de peso em carga máxima não superior a 5 toneladas, com motor diesel ou semidiesel, com caixa basculante, exceto caminhão de peso em carga máxima superior a 3,9 toneladas","23","87042120"
"cest_2501600","16","25.016.00","Veículos automóveis para transporte de mercadorias, de peso em carga máxima não superior a 5 toneladas, frigoríficos ou isotérmicos, com motor diesel ou semidiesel, exceto caminhão de peso em carga máxima superior a 3,9 toneladas","23","87042130"
"cest_2501700","17","25.017.00","Outros veículos automóveis para transporte de mercadorias, de peso em carga máxima não superior a 5 toneladas, com motor diesel ou semidiesel, exceto carro-forte para transporte de valores e caminhão de peso em carga máxima superior a 3,9 toneladas","23","87042190"
"cest_2501800","18","25.018.00","Veículos automóveis para transporte de mercadorias, de peso em carga máxima não superior a 5 toneladas, com motor a explosão, chassis e cabina, exceto caminhão de peso em carga máxima superior a 3,9 toneladas","23","87043110"
"cest_2501900","19","25.019.00","Veículos automóveis para transporte de mercadorias, de peso em carga máxima não superior a 5 toneladas, com motor explosão com caixa basculante, exceto caminhão de peso em carga máxima superior a 3,9 toneladas","23","87043120"
"cest_2502000","20","25.020.00","Veículos automóveis para transporte de mercadorias, de peso em carga máxima não superior a 5 toneladas, frigoríficos ou isotérmicos com motor explosão, exceto caminhão de peso em carga máxima superior a 3,9 toneladas","23","87043130"
"cest_2502100","21","25.021.00","Outros veículos automóveis para transporte de mercadorias, de peso em carga máxima não superior a 5 toneladas, com motor a explosão, exceto carro-forte para transporte de valores e caminhão de peso em carga máxima superior a 3,9 toneladas","23","87043190"
"cest_2502200","22","25.022.00","Veículos automóveis para transporte de 10 pessoas ou mais, incluindo o motorista, com motor de pistão, de ignição por compressão (diesel ou semidiesel) e um motor elétrico, com volume interno de habitáculo, destinado a passageiros e motorista, superior a 6 m³, mas inferior a 9 m³","23","87022000"
"cest_2502300","23","25.023.00","Veículos automóveis para transporte de 10 pessoas ou mais, incluindo o motorista, com motor de pistão alternativo, de ignição por centelha (faísca) e um motor elétrico, com volume interno de habitáculo, destinado a passageiros e motorista, superior a 6 m³, mas inferior a 9 m³","23","87023000"
"cest_2502400","24","25.024.00","Outros veículos automóveis para transporte de 10 pessoas ou mais, incluindo o motorista, com volume interno de habitáculo, destinado a passageiros e motorista, superior a 6 m³, mas inferior a 9 m³","23","87029000"
"cest_2502500","25","25.025.00","Automóveis equipados para propulsão, simultaneamente, com um motor de pistão alternativo de ignição por centelha (faísca*) e um motor elétrico, exceto os suscetíveis de serem carregados por conexão a uma fonte externa de energia elétrica, o carro celular e o carro funerário","23","87034000"
"cest_2502600","26","25.026.00","Automóveis equipados para propulsão, simultaneamente, com um motor de pistão por compressão (diesel ou semidiesel) e um motor elétrico, exceto os suscetíveis de serem carregados por conexão a uma fonte externa de energia elétrica, exceto o carro celular e o carro funerário","23","87035000"
"cest_2502700","27","25.027.00","Automóveis equipados para propulsão, simultaneamente, com um motor de pistão alternativo de ignição por centelha (faísca*) e um motor elétrico, suscetíveis de serem carregados por conexão a uma fonte externa de energia elétrica, exceto o carro celular e o carro funerário","23","87036000"
"cest_2502800","28","25.028.00","Automóveis equipados para propulsão, simultaneamente, com um motor de pistão por compressão (diesel ou semidiesel) e um motor elétrico, suscetíveis de serem carregados por conexão a uma fonte externa de energia elétrica, exceto o carro celular e o carro funerário","23","87037000"
"cest_2502900","29","25.029.00","Outros veículos, equipados unicamente com motor elétrico para propulsão","23","87038000"
"cest_2503000","30","25.030.00","Outros veículos para transportes de mercadorias equipados para propulsão, simultaneamente, com motor de pistão de ignição por compressão (diesel ou semidiesel) e motor elétrico de peso em carga máxima (bruto) não superior a 5 toneladas, exceto caminhão de peso em carga máxima superior a 3,9 toneladas","23","87044100"
"cest_2503100","31","25.031.00","Outros veículos para transportes de mercadorias equipados para propulsão, simultaneamente, com motor de pistão de ignição por centelha (faísca) e motor elétrico de peso em carga máxima (bruto) não superior a 5 toneladas, exceto caminhão de peso em carga máxima superior a 3,9 toneladas","23","87045100"
"cest_2503200","32","25.032.00","Outros veículos para transporte de mercadorias, unicamente com motor elétrico para propulsão, exceto veículo de peso em carga máxima superior a 3,9 toneladas","23","87046000"
"cest_2600100","1","26.001.00","Motocicletas (incluídos os ciclomotores) e outros ciclos equipados com motor auxiliar, mesmo com carro lateral, exceto os classificados no CEST 26.001.01; carros laterais.","24","8711"
"cest_2600101","1.1","26.001.01","Bicicletas e outros ciclos (incluídos os triciclos) com propulsão de motor elétrico auxiliar assistido pela força humana.","24","8711"
"cest_2800100","1","28.001.00","Perfumes (extratos)","25","33030010"
"cest_2800200","2","28.002.00","Águas-de-colônia","25","33030020"
"cest_2800300","3","28.003.00","Produtos de maquiagem para os lábios","25","33041000"
"cest_2800400","4","28.004.00","Sombra, delineador, lápis para sobrancelhas e rímel","25","33042010"
"cest_2800500","5","28.005.00","Outros produtos de maquiagem para os olhos","25","33042090"
"cest_2800600","6","28.006.00","Preparações para manicuros e pedicuros","25","33043000"
"cest_2800700","7","28.007.00","Pós para maquiagem, incluindo os compactos","25","33049100"
"cest_2800800","8","28.008.00","Cremes de beleza, cremes nutritivos e loções tônicas","25","33049910"
"cest_2800900","9","28.009.00","Outros produtos de beleza ou de maquiagem preparados e preparações para conservação ou cuidados da pele, exceto as preparações antissolares e os bronzeadores","25","33049990"
"cest_2801000","10","28.010.00","Preparações antissolares e os bronzeadores","25","33049990"
"cest_2801100","11","28.011.00","Xampus para o cabelo","25","33051000"
"cest_2801200","12","28.012.00","Preparações para ondulação ou alisamento, permanentes, dos cabelos","25","33052000"
"cest_2801300","13","28.013.00","Outras preparações capilares","25","33059000"
"cest_2801400","14","28.014.00","Tintura para o cabelo","25","33059000"
"cest_2801500","15","28.015.00","Preparações para barbear (antes, durante ou após)","25","33071000"
"cest_2801600","16","28.016.00","Desodorantes (desodorizantes) corporais líquidos, exceto os classificados no CEST 28.016.01","25","33072010"
"cest_2801601","16.1","28.016.01","Loções e óleos desodorantes hidratantes líquidos","25","33072010"
"cest_2801602","16.2","28.016.02","Antiperspirantes líquidos","25","33072010"
"cest_2801700","17","28.017.00","Outros desodorantes (desodorizantes) corporais, exceto os classificados no CEST 28.017.01","25","33072090"
"cest_2801701","17.1","28.017.01","Outras loções e óleos desodorantes hidratantes","25","33072090"
"cest_2801702","17.2","28.017.02","Outros antiperspirantes","25","33072090"
"cest_2801800","18","28.018.00","Outros produtos de perfumaria ou de toucador preparados","25","33079000"
"cest_2801900","19","28.019.00","Outras preparações cosméticas","25","33079000"
"cest_2802000","20","28.020.00","Sabões de toucador em barras, pedaços ou figuras moldados, exceto CEST 28.020.01","25","34011190"
"cest_2802001","20.1","28.020.01","Lenços umedecidos","25","34011190"
"cest_2802100","21","28.021.00","Outros sabões, produtos e preparações orgânicos tensoativos, inclusive papel, pastas (ouates), feltros e falsos tecidos, impregnados, revestidos ou recobertos de sabão ou de detergentes","25","34011900"
"cest_2802200","22","28.022.00","Sabões de toucador sob outras formas","25","34012010"
"cest_2802300","23","28.023.00","Produtos e preparações orgânicos tensoativos para lavagem da pele, em forma de líquido ou de creme, acondicionados para venda a retalho, mesmo contendo sabão","25","34013000"
"cest_2802400","24","28.024.00","Lenços de papel, incluindo os de desmaquiar","25","48182000"
"cest_2802401","24.1","28.024.01","Toalhas de mão","25","48182000"
"cest_2802500","25","28.025.00","Apontadores de lápis para maquiagem","25","82141000"
"cest_2802501","25.1","28.025.01","Espátulas, abre-cartas e raspadeiras","25","82141000"
"cest_2802502","25.2","28.025.02","Lâminas de espátulas, de abre-cartas, de raspadeiras e de apontadores de lápis","25","82141000"
"cest_2802600","26","28.026.00","Utensílios e sortidos de utensílios de manicuros ou de pedicuros (incluindo as limas para unhas)","25","82142000"
"cest_2802700","27","28.027.00","Escovas e pincéis de barba, escovas para cabelos, para cílios ou para unhas e outras escovas de toucador de pessoas","25","96032900"
"cest_2802701","27.1","28.027.01","Vassouras e escovas, mesmo constituindo partes de máquinas, de aparelhos ou de veículos, vassouras mecânicas de uso manual não motorizadas, pincéis e espanadores; cabeças preparadas para escovas, pincéis e artigos semelhantes; bonecas e rolos para pintura; rodos de borracha ou de matérias flexíveis semelhantes, outros","25","96032900"
"cest_2802800","28","28.028.00","Pincéis para aplicação de produtos cosméticos","25","96033000"
"cest_2802801","28.1","28.028.01","Pincéis e escovas, para artistas e pincéis de escrever","25","96033000"
"cest_2802900","29","28.029.00","Vaporizadores de toucador, suas armações e cabeças de armações","25","96161000"
"cest_2803000","30","28.030.00","Borlas ou esponjas para pós ou para aplicação de outros cosméticos ou de produtos de toucador","25","96162000"
"cest_2803100","31","28.031.00","Malas e maletas de toucador","25","42021"
"cest_2803200","32","28.032.00","Pentes, travessas para cabelo e artigos semelhantes; grampos (alfinetes) para cabelo; pinças (“pinceguiches”), onduladores, bobs (rolos) e artefatos semelhantes para penteados, e suas partes","25","9615"
"cest_2803300","33","28.033.00","Mamadeiras","25","39233090,39241000,39249000,40149090,7013"
"cest_2803400","34","28.034.00","Chupetas e bicos para mamadeiras e para chupetas","25","40149090"
"cest_2803500","35","28.035.00","Outras plantas e partes, para perfumaria, medicina e semelhantes","25","12119090"
"cest_2803600","36","28.036.00","Vestuário e seus acessórios, de plásticos, inclusive luvas","25","39262000"
"cest_2803700","37","28.037.00","Estatuetas e outros objetos de ornamentação, de plásticos","25","39264000"
"cest_2803800","38","28.038.00","Outras obras de plásticos","25","39269090"
"cest_2803900","39","28.039.00","Bolsas de folhas de plástico","25","42022210"
"cest_2804000","40","28.040.00","Bolsas de matérias têxteis","25","42022220"
"cest_2804100","41","28.041.00","Bolsas de outras matérias","25","42022900"
"cest_2804200","42","28.042.00","Artigos de bolsos/bolsas, de outras matérias","25","42023900"
"cest_2804300","43","28.043.00","Outros artefatos, de folhas de plásticos ou matérias têxteis","25","42029200"
"cest_2804400","44","28.044.00","Outros artefatos, de outras matérias","25","42029900"
"cest_2804500","45","28.045.00","Caixas e cartonagens, dobráveis, de papel/cartão, não ondulados","25","48192000"
"cest_2804600","46","28.046.00","Outros sacos, bolsas e cartuchos, de papel ou cartão","25","48194000"
"cest_2804700","47","28.047.00","Etiquetas de papel ou cartão, impressas","25","48211000"
"cest_2804800","48","28.048.00","Outros impressos publicitários, catálogos comerciais e semelhantes","25","49111090"
"cest_2804900","49","28.049.00","Outras meias de malha de outras matérias têxteis","25","61159900"
"cest_2805000","50","28.050.00","Outros acessórios confeccionados, de vestuário","25","62171000"
"cest_2805100","51","28.051.00","Roupas de toucador/cozinha, de tecidos atoalhados de algodão","25","63026000"
"cest_2805200","52","28.052.00","Outros artefatos têxteis confeccionados","25","63079090"
"cest_2805300","53","28.053.00","Chapéus e outros artefatos de outras matérias, exceto de malha","25","65069900"
"cest_2805400","54","28.054.00","Artigos para outras festas, carnaval ou outros divertimentos","25","95059000"
"cest_2805500","55","28.055.00","Produtos destinados à higiene bucal","25","33"
"cest_2805600","56","28.056.00","Outros produtos cosméticos e de higiene pessoal não relacionados em outros itens deste anexo","25","33,34"
"cest_2805700","57","28.057.00","Outros artigos destinados a cuidados pessoais não relacionados em outros itens deste anexo","25","14,39,40,44,48,63,64,65,67,70,82,90,96"
"cest_2805800","58","28.058.00","Acessórios (por exemplo, bijuterias, relógios, óculos de sol, bolsas, mochilas, frasqueiras, carteiras, porta-cartões, porta-documentos, porta-celulares e embalagens presenteáveis (por exemplo, caixinhas de papel), entre outros itens assemelhados)","25","39,42,48,52,61,71,83,90,91"
"cest_2805900","59","28.059.00","Vestuário e seus acessórios; calçados, polainas e artefatos semelhantes, e suas partes","25","61,62,64"
"cest_2806000","60","28.060.00","Outros artigos de vestuário em geral, exceto os relacionados no item anterior","25","42,52,55,58,63,65"
"cest_2806100","61","28.061.00","Artigos de casa","25","39,40,52,56,62,63,66,69,70,73,76,82,83,84,91,94,96"
"cest_2806200","62","28.062.00","Produtos das indústrias alimentares e bebidas","25","13,15,16,17,18,19,20,21,22,23"
"cest_2806300","63","28.063.00","Produtos de limpeza e conservação doméstica","25","22,27,28,29,33,34,35,38,39,63,68,73,84,85,96"
"cest_2806400","64","28.064.00","Artigos infantis","25","39,49,95,96"
"cest_2899900","999","28.999.00","Outros produtos comercializados pelo sistema de marketing direto porta-a-porta a consumidor final não relacionados em outros itens deste anexo","25",""