id,country_id:id,state_id:id,ibge_code,name
city_1100015,base.br,base.state_br_ro,1100015,Alta Floresta D'Oeste
city_1100379,base.br,base.state_br_ro,1100379,Alto Alegre dos Parecis
city_1100403,base.br,base.state_br_ro,1100403,Alto Paraíso
city_1100346,base.br,base.state_br_ro,1100346,Alvorada D'Oeste
city_1100023,base.br,base.state_br_ro,1100023,Ariquemes
city_1100452,base.br,base.state_br_ro,1100452,Buritis
city_1100031,base.br,base.state_br_ro,1100031,Cabixi
city_1100601,base.br,base.state_br_ro,1100601,Cacaulândia
city_1100049,base.br,base.state_br_ro,1100049,Cacoal
city_1100700,base.br,base.state_br_ro,1100700,Campo Novo de Rondônia
city_1100809,base.br,base.state_br_ro,1100809,Candeias do Jamari
city_1100908,base.br,base.state_br_ro,1100908,Castanheiras
city_1100056,base.br,base.state_br_ro,1100056,Cerejeiras
city_1100924,base.br,base.state_br_ro,1100924,Chupinguaia
city_1100064,base.br,base.state_br_ro,1100064,Colorado do Oeste
city_1100072,base.br,base.state_br_ro,1100072,Corumbiara
city_1100080,base.br,base.state_br_ro,1100080,Costa Marques
city_1100940,base.br,base.state_br_ro,1100940,Cujubim
city_1100098,base.br,base.state_br_ro,1100098,Espigão D'Oeste
city_1101005,base.br,base.state_br_ro,1101005,Governador Jorge Teixeira
city_1100106,base.br,base.state_br_ro,1100106,Guajará-Mirim
city_1101104,base.br,base.state_br_ro,1101104,Itapuã do Oeste
city_1100114,base.br,base.state_br_ro,1100114,Jaru
city_1100122,base.br,base.state_br_ro,1100122,Ji-Paraná
city_1100130,base.br,base.state_br_ro,1100130,Machadinho D'Oeste
city_1101203,base.br,base.state_br_ro,1101203,Ministro Andreazza
city_1101302,base.br,base.state_br_ro,1101302,Mirante da Serra
city_1101401,base.br,base.state_br_ro,1101401,Monte Negro
city_1100148,base.br,base.state_br_ro,1100148,Nova Brasilândia D'Oeste
city_1100338,base.br,base.state_br_ro,1100338,Nova Mamoré
city_1101435,base.br,base.state_br_ro,1101435,Nova União
city_1100502,base.br,base.state_br_ro,1100502,Novo Horizonte do Oeste
city_1100155,base.br,base.state_br_ro,1100155,Ouro Preto do Oeste
city_1101450,base.br,base.state_br_ro,1101450,Parecis
city_1100189,base.br,base.state_br_ro,1100189,Pimenta Bueno
city_1101468,base.br,base.state_br_ro,1101468,Pimenteiras do Oeste
city_1100205,base.br,base.state_br_ro,1100205,Porto Velho
city_1100254,base.br,base.state_br_ro,1100254,Presidente Médici
city_1101476,base.br,base.state_br_ro,1101476,Primavera de Rondônia
city_1100262,base.br,base.state_br_ro,1100262,Rio Crespo
city_1100288,base.br,base.state_br_ro,1100288,Rolim de Moura
city_1100296,base.br,base.state_br_ro,1100296,Santa Luzia D'Oeste
city_1101484,base.br,base.state_br_ro,1101484,São Felipe D'Oeste
city_1101492,base.br,base.state_br_ro,1101492,São Francisco do Guaporé
city_1100320,base.br,base.state_br_ro,1100320,São Miguel do Guaporé
city_1101500,base.br,base.state_br_ro,1101500,Seringueiras
city_1101559,base.br,base.state_br_ro,1101559,Teixeirópolis
city_1101609,base.br,base.state_br_ro,1101609,Theobroma
city_1101708,base.br,base.state_br_ro,1101708,Urupá
city_1101757,base.br,base.state_br_ro,1101757,Vale do Anari
city_1101807,base.br,base.state_br_ro,1101807,Vale do Paraíso
city_1100304,base.br,base.state_br_ro,1100304,Vilhena
city_1200013,base.br,base.state_br_ac,1200013,Acrelândia
city_1200054,base.br,base.state_br_ac,1200054,Assis Brasil
city_1200104,base.br,base.state_br_ac,1200104,Brasiléia
city_1200138,base.br,base.state_br_ac,1200138,Bujari
city_1200179,base.br,base.state_br_ac,1200179,Capixaba
city_1200203,base.br,base.state_br_ac,1200203,Cruzeiro do Sul
city_1200252,base.br,base.state_br_ac,1200252,Epitaciolândia
city_1200302,base.br,base.state_br_ac,1200302,Feijó
city_1200328,base.br,base.state_br_ac,1200328,Jordão
city_1200336,base.br,base.state_br_ac,1200336,Mâncio Lima
city_1200344,base.br,base.state_br_ac,1200344,Manoel Urbano
city_1200351,base.br,base.state_br_ac,1200351,Marechal Thaumaturgo
city_1200385,base.br,base.state_br_ac,1200385,Plácido de Castro
city_1200807,base.br,base.state_br_ac,1200807,Porto Acre
city_1200393,base.br,base.state_br_ac,1200393,Porto Walter
city_1200401,base.br,base.state_br_ac,1200401,Rio Branco
city_1200427,base.br,base.state_br_ac,1200427,Rodrigues Alves
city_1200435,base.br,base.state_br_ac,1200435,Santa Rosa do Purus
city_1200500,base.br,base.state_br_ac,1200500,Sena Madureira
city_1200450,base.br,base.state_br_ac,1200450,Senador Guiomard
city_1200609,base.br,base.state_br_ac,1200609,Tarauacá
city_1200708,base.br,base.state_br_ac,1200708,Xapuri
city_1300029,base.br,base.state_br_am,1300029,Alvarães
city_1300060,base.br,base.state_br_am,1300060,Amaturá
city_1300086,base.br,base.state_br_am,1300086,Anamã
city_1300102,base.br,base.state_br_am,1300102,Anori
city_1300144,base.br,base.state_br_am,1300144,Apuí
city_1300201,base.br,base.state_br_am,1300201,Atalaia do Norte
city_1300300,base.br,base.state_br_am,1300300,Autazes
city_1300409,base.br,base.state_br_am,1300409,Barcelos
city_1300508,base.br,base.state_br_am,1300508,Barreirinha
city_1300607,base.br,base.state_br_am,1300607,Benjamin Constant
city_1300631,base.br,base.state_br_am,1300631,Beruri
city_1300680,base.br,base.state_br_am,1300680,Boa Vista do Ramos
city_1300706,base.br,base.state_br_am,1300706,Boca do Acre
city_1300805,base.br,base.state_br_am,1300805,Borba
city_1300839,base.br,base.state_br_am,1300839,Caapiranga
city_1300904,base.br,base.state_br_am,1300904,Canutama
city_1301001,base.br,base.state_br_am,1301001,Carauari
city_1301100,base.br,base.state_br_am,1301100,Careiro
city_1301159,base.br,base.state_br_am,1301159,Careiro da Várzea
city_1301209,base.br,base.state_br_am,1301209,Coari
city_1301308,base.br,base.state_br_am,1301308,Codajás
city_1301407,base.br,base.state_br_am,1301407,Eirunepé
city_1301506,base.br,base.state_br_am,1301506,Envira
city_1301605,base.br,base.state_br_am,1301605,Fonte Boa
city_1301654,base.br,base.state_br_am,1301654,Guajará
city_1301704,base.br,base.state_br_am,1301704,Humaitá
city_1301803,base.br,base.state_br_am,1301803,Ipixuna
city_1301852,base.br,base.state_br_am,1301852,Iranduba
city_1301902,base.br,base.state_br_am,1301902,Itacoatiara
city_1301951,base.br,base.state_br_am,1301951,Itamarati
city_1302009,base.br,base.state_br_am,1302009,Itapiranga
city_1302108,base.br,base.state_br_am,1302108,Japurá
city_1302207,base.br,base.state_br_am,1302207,Juruá
city_1302306,base.br,base.state_br_am,1302306,Jutaí
city_1302405,base.br,base.state_br_am,1302405,Lábrea
city_1302504,base.br,base.state_br_am,1302504,Manacapuru
city_1302553,base.br,base.state_br_am,1302553,Manaquiri
city_1302603,base.br,base.state_br_am,1302603,Manaus
city_1302702,base.br,base.state_br_am,1302702,Manicoré
city_1302801,base.br,base.state_br_am,1302801,Maraã
city_1302900,base.br,base.state_br_am,1302900,Maués
city_1303007,base.br,base.state_br_am,1303007,Nhamundá
city_1303106,base.br,base.state_br_am,1303106,Nova Olinda do Norte
city_1303205,base.br,base.state_br_am,1303205,Novo Airão
city_1303304,base.br,base.state_br_am,1303304,Novo Aripuanã
city_1303403,base.br,base.state_br_am,1303403,Parintins
city_1303502,base.br,base.state_br_am,1303502,Pauini
city_1303536,base.br,base.state_br_am,1303536,Presidente Figueiredo
city_1303569,base.br,base.state_br_am,1303569,Rio Preto da Eva
city_1303601,base.br,base.state_br_am,1303601,Santa Isabel do Rio Negro
city_1303700,base.br,base.state_br_am,1303700,Santo Antônio do Içá
city_1303809,base.br,base.state_br_am,1303809,São Gabriel da Cachoeira
city_1303908,base.br,base.state_br_am,1303908,São Paulo de Olivença
city_1303957,base.br,base.state_br_am,1303957,São Sebastião do Uatumã
city_1304005,base.br,base.state_br_am,1304005,Silves
city_1304062,base.br,base.state_br_am,1304062,Tabatinga
city_1304104,base.br,base.state_br_am,1304104,Tapauá
city_1304203,base.br,base.state_br_am,1304203,Tefé
city_1304237,base.br,base.state_br_am,1304237,Tonantins
city_1304260,base.br,base.state_br_am,1304260,Uarini
city_1304302,base.br,base.state_br_am,1304302,Urucará
city_1304401,base.br,base.state_br_am,1304401,Urucurituba
city_1400050,base.br,base.state_br_rr,1400050,Alto Alegre
city_1400027,base.br,base.state_br_rr,1400027,Amajari
city_1400100,base.br,base.state_br_rr,1400100,Boa Vista
city_1400159,base.br,base.state_br_rr,1400159,Bonfim
city_1400175,base.br,base.state_br_rr,1400175,Cantá
city_1400209,base.br,base.state_br_rr,1400209,Caracaraí
city_1400233,base.br,base.state_br_rr,1400233,Caroebe
city_1400282,base.br,base.state_br_rr,1400282,Iracema
city_1400308,base.br,base.state_br_rr,1400308,Mucajaí
city_1400407,base.br,base.state_br_rr,1400407,Normandia
city_1400456,base.br,base.state_br_rr,1400456,Pacaraima
city_1400472,base.br,base.state_br_rr,1400472,Rorainópolis
city_1400506,base.br,base.state_br_rr,1400506,São João da Baliza
city_1400605,base.br,base.state_br_rr,1400605,São Luiz
city_1400704,base.br,base.state_br_rr,1400704,Uiramutã
city_1500107,base.br,base.state_br_pa,1500107,Abaetetuba
city_1500131,base.br,base.state_br_pa,1500131,Abel Figueiredo
city_1500206,base.br,base.state_br_pa,1500206,Acará
city_1500305,base.br,base.state_br_pa,1500305,Afuá
city_1500347,base.br,base.state_br_pa,1500347,Água Azul do Norte
city_1500404,base.br,base.state_br_pa,1500404,Alenquer
city_1500503,base.br,base.state_br_pa,1500503,Almeirim
city_1500602,base.br,base.state_br_pa,1500602,Altamira
city_1500701,base.br,base.state_br_pa,1500701,Anajás
city_1500800,base.br,base.state_br_pa,1500800,Ananindeua
city_1500859,base.br,base.state_br_pa,1500859,Anapu
city_1500909,base.br,base.state_br_pa,1500909,Augusto Corrêa
city_1500958,base.br,base.state_br_pa,1500958,Aurora do Pará
city_1501006,base.br,base.state_br_pa,1501006,Aveiro
city_1501105,base.br,base.state_br_pa,1501105,Bagre
city_1501204,base.br,base.state_br_pa,1501204,Baião
city_1501253,base.br,base.state_br_pa,1501253,Bannach
city_1501303,base.br,base.state_br_pa,1501303,Barcarena
city_1501402,base.br,base.state_br_pa,1501402,Belém
city_1501451,base.br,base.state_br_pa,1501451,Belterra
city_1501501,base.br,base.state_br_pa,1501501,Benevides
city_1501576,base.br,base.state_br_pa,1501576,Bom Jesus do Tocantins
city_1501600,base.br,base.state_br_pa,1501600,Bonito
city_1501709,base.br,base.state_br_pa,1501709,Bragança
city_1501725,base.br,base.state_br_pa,1501725,Brasil Novo
city_1501758,base.br,base.state_br_pa,1501758,Brejo Grande do Araguaia
city_1501782,base.br,base.state_br_pa,1501782,Breu Branco
city_1501808,base.br,base.state_br_pa,1501808,Breves
city_1501907,base.br,base.state_br_pa,1501907,Bujaru
city_1502004,base.br,base.state_br_pa,1502004,Cachoeira do Arari
city_1501956,base.br,base.state_br_pa,1501956,Cachoeira do Piriá
city_1502103,base.br,base.state_br_pa,1502103,Cametá
city_1502152,base.br,base.state_br_pa,1502152,Canaã dos Carajás
city_1502202,base.br,base.state_br_pa,1502202,Capanema
city_1502301,base.br,base.state_br_pa,1502301,Capitão Poço
city_1502400,base.br,base.state_br_pa,1502400,Castanhal
city_1502509,base.br,base.state_br_pa,1502509,Chaves
city_1502608,base.br,base.state_br_pa,1502608,Colares
city_1502707,base.br,base.state_br_pa,1502707,Conceição do Araguaia
city_1502756,base.br,base.state_br_pa,1502756,Concórdia do Pará
city_1502764,base.br,base.state_br_pa,1502764,Cumaru do Norte
city_1502772,base.br,base.state_br_pa,1502772,Curionópolis
city_1502806,base.br,base.state_br_pa,1502806,Curralinho
city_1502855,base.br,base.state_br_pa,1502855,Curuá
city_1502905,base.br,base.state_br_pa,1502905,Curuçá
city_1502939,base.br,base.state_br_pa,1502939,Dom Eliseu
city_1502954,base.br,base.state_br_pa,1502954,Eldorado do Carajás
city_1503002,base.br,base.state_br_pa,1503002,Faro
city_1503044,base.br,base.state_br_pa,1503044,Floresta do Araguaia
city_1503077,base.br,base.state_br_pa,1503077,Garrafão do Norte
city_1503093,base.br,base.state_br_pa,1503093,Goianésia do Pará
city_1503101,base.br,base.state_br_pa,1503101,Gurupá
city_1503200,base.br,base.state_br_pa,1503200,Igarapé-Açu
city_1503309,base.br,base.state_br_pa,1503309,Igarapé-Miri
city_1503408,base.br,base.state_br_pa,1503408,Inhangapi
city_1503457,base.br,base.state_br_pa,1503457,Ipixuna do Pará
city_1503507,base.br,base.state_br_pa,1503507,Irituia
city_1503606,base.br,base.state_br_pa,1503606,Itaituba
city_1503705,base.br,base.state_br_pa,1503705,Itupiranga
city_1503754,base.br,base.state_br_pa,1503754,Jacareacanga
city_1503804,base.br,base.state_br_pa,1503804,Jacundá
city_1503903,base.br,base.state_br_pa,1503903,Juruti
city_1504000,base.br,base.state_br_pa,1504000,Limoeiro do Ajuru
city_1504059,base.br,base.state_br_pa,1504059,Mãe do Rio
city_1504109,base.br,base.state_br_pa,1504109,Magalhães Barata
city_1504208,base.br,base.state_br_pa,1504208,Marabá
city_1504307,base.br,base.state_br_pa,1504307,Maracanã
city_1504406,base.br,base.state_br_pa,1504406,Marapanim
city_1504422,base.br,base.state_br_pa,1504422,Marituba
city_1504455,base.br,base.state_br_pa,1504455,Medicilândia
city_1504505,base.br,base.state_br_pa,1504505,Melgaço
city_1504604,base.br,base.state_br_pa,1504604,Mocajuba
city_1504703,base.br,base.state_br_pa,1504703,Moju
city_1504752,base.br,base.state_br_pa,1504752,Mojuí dos Campos
city_1504802,base.br,base.state_br_pa,1504802,Monte Alegre
city_1504901,base.br,base.state_br_pa,1504901,Muaná
city_1504950,base.br,base.state_br_pa,1504950,Nova Esperança do Piriá
city_1504976,base.br,base.state_br_pa,1504976,Nova Ipixuna
city_1505007,base.br,base.state_br_pa,1505007,Nova Timboteua
city_1505031,base.br,base.state_br_pa,1505031,Novo Progresso
city_1505064,base.br,base.state_br_pa,1505064,Novo Repartimento
city_1505106,base.br,base.state_br_pa,1505106,Óbidos
city_1505205,base.br,base.state_br_pa,1505205,Oeiras do Pará
city_1505304,base.br,base.state_br_pa,1505304,Oriximiná
city_1505403,base.br,base.state_br_pa,1505403,Ourém
city_1505437,base.br,base.state_br_pa,1505437,Ourilândia do Norte
city_1505486,base.br,base.state_br_pa,1505486,Pacajá
city_1505494,base.br,base.state_br_pa,1505494,Palestina do Pará
city_1505502,base.br,base.state_br_pa,1505502,Paragominas
city_1505536,base.br,base.state_br_pa,1505536,Parauapebas
city_1505551,base.br,base.state_br_pa,1505551,Pau D'Arco
city_1505601,base.br,base.state_br_pa,1505601,Peixe-Boi
city_1505635,base.br,base.state_br_pa,1505635,Piçarra
city_1505650,base.br,base.state_br_pa,1505650,Placas
city_1505700,base.br,base.state_br_pa,1505700,Ponta de Pedras
city_1505809,base.br,base.state_br_pa,1505809,Portel
city_1505908,base.br,base.state_br_pa,1505908,Porto de Moz
city_1506005,base.br,base.state_br_pa,1506005,Prainha
city_1506104,base.br,base.state_br_pa,1506104,Primavera
city_1506112,base.br,base.state_br_pa,1506112,Quatipuru
city_1506138,base.br,base.state_br_pa,1506138,Redenção
city_1506161,base.br,base.state_br_pa,1506161,Rio Maria
city_1506187,base.br,base.state_br_pa,1506187,Rondon do Pará
city_1506195,base.br,base.state_br_pa,1506195,Rurópolis
city_1506203,base.br,base.state_br_pa,1506203,Salinópolis
city_1506302,base.br,base.state_br_pa,1506302,Salvaterra
city_1506351,base.br,base.state_br_pa,1506351,Santa Bárbara do Pará
city_1506401,base.br,base.state_br_pa,1506401,Santa Cruz do Arari
city_1506500,base.br,base.state_br_pa,1506500,Santa Izabel do Pará
city_1506559,base.br,base.state_br_pa,1506559,Santa Luzia do Pará
city_1506583,base.br,base.state_br_pa,1506583,Santa Maria das Barreiras
city_1506609,base.br,base.state_br_pa,1506609,Santa Maria do Pará
city_1506708,base.br,base.state_br_pa,1506708,Santana do Araguaia
city_1506807,base.br,base.state_br_pa,1506807,Santarém
city_1506906,base.br,base.state_br_pa,1506906,Santarém Novo
city_1507003,base.br,base.state_br_pa,1507003,Santo Antônio do Tauá
city_1507102,base.br,base.state_br_pa,1507102,São Caetano de Odivelas
city_1507151,base.br,base.state_br_pa,1507151,São Domingos do Araguaia
city_1507201,base.br,base.state_br_pa,1507201,São Domingos do Capim
city_1507300,base.br,base.state_br_pa,1507300,São Félix do Xingu
city_1507409,base.br,base.state_br_pa,1507409,São Francisco do Pará
city_1507458,base.br,base.state_br_pa,1507458,São Geraldo do Araguaia
city_1507466,base.br,base.state_br_pa,1507466,São João da Ponta
city_1507474,base.br,base.state_br_pa,1507474,São João de Pirabas
city_1507508,base.br,base.state_br_pa,1507508,São João do Araguaia
city_1507607,base.br,base.state_br_pa,1507607,São Miguel do Guamá
city_1507706,base.br,base.state_br_pa,1507706,São Sebastião da Boa Vista
city_1507755,base.br,base.state_br_pa,1507755,Sapucaia
city_1507805,base.br,base.state_br_pa,1507805,Senador José Porfírio
city_1507904,base.br,base.state_br_pa,1507904,Soure
city_1507953,base.br,base.state_br_pa,1507953,Tailândia
city_1507961,base.br,base.state_br_pa,1507961,Terra Alta
city_1507979,base.br,base.state_br_pa,1507979,Terra Santa
city_1508001,base.br,base.state_br_pa,1508001,Tomé-Açu
city_1508035,base.br,base.state_br_pa,1508035,Tracuateua
city_1508050,base.br,base.state_br_pa,1508050,Trairão
city_1508084,base.br,base.state_br_pa,1508084,Tucumã
city_1508100,base.br,base.state_br_pa,1508100,Tucuruí
city_1508126,base.br,base.state_br_pa,1508126,Ulianópolis
city_1508159,base.br,base.state_br_pa,1508159,Uruará
city_1508209,base.br,base.state_br_pa,1508209,Vigia
city_1508308,base.br,base.state_br_pa,1508308,Viseu
city_1508357,base.br,base.state_br_pa,1508357,Vitória do Xingu
city_1508407,base.br,base.state_br_pa,1508407,Xinguara
city_1600105,base.br,base.state_br_ap,1600105,Amapá
city_1600204,base.br,base.state_br_ap,1600204,Calçoene
city_1600212,base.br,base.state_br_ap,1600212,Cutias
city_1600238,base.br,base.state_br_ap,1600238,Ferreira Gomes
city_1600253,base.br,base.state_br_ap,1600253,Itaubal
city_1600279,base.br,base.state_br_ap,1600279,Laranjal do Jari
city_1600303,base.br,base.state_br_ap,1600303,Macapá
city_1600402,base.br,base.state_br_ap,1600402,Mazagão
city_1600501,base.br,base.state_br_ap,1600501,Oiapoque
city_1600154,base.br,base.state_br_ap,1600154,Pedra Branca do Amapari
city_1600535,base.br,base.state_br_ap,1600535,Porto Grande
city_1600550,base.br,base.state_br_ap,1600550,Pracuúba
city_1600600,base.br,base.state_br_ap,1600600,Santana
city_1600055,base.br,base.state_br_ap,1600055,Serra do Navio
city_1600709,base.br,base.state_br_ap,1600709,Tartarugalzinho
city_1600808,base.br,base.state_br_ap,1600808,Vitória do Jari
city_1700251,base.br,base.state_br_to,1700251,Abreulândia
city_1700301,base.br,base.state_br_to,1700301,Aguiarnópolis
city_1700350,base.br,base.state_br_to,1700350,Aliança do Tocantins
city_1700400,base.br,base.state_br_to,1700400,Almas
city_1700707,base.br,base.state_br_to,1700707,Alvorada
city_1701002,base.br,base.state_br_to,1701002,Ananás
city_1701051,base.br,base.state_br_to,1701051,Angico
city_1701101,base.br,base.state_br_to,1701101,Aparecida do Rio Negro
city_1701309,base.br,base.state_br_to,1701309,Aragominas
city_1701903,base.br,base.state_br_to,1701903,Araguacema
city_1702000,base.br,base.state_br_to,1702000,Araguaçu
city_1702109,base.br,base.state_br_to,1702109,Araguaína
city_1702158,base.br,base.state_br_to,1702158,Araguanã
city_1702208,base.br,base.state_br_to,1702208,Araguatins
city_1702307,base.br,base.state_br_to,1702307,Arapoema
city_1702406,base.br,base.state_br_to,1702406,Arraias
city_1702554,base.br,base.state_br_to,1702554,Augustinópolis
city_1702703,base.br,base.state_br_to,1702703,Aurora do Tocantins
city_1702901,base.br,base.state_br_to,1702901,Axixá do Tocantins
city_1703008,base.br,base.state_br_to,1703008,Babaçulândia
city_1703057,base.br,base.state_br_to,1703057,Bandeirantes do Tocantins
city_1703073,base.br,base.state_br_to,1703073,Barra do Ouro
city_1703107,base.br,base.state_br_to,1703107,Barrolândia
city_1703206,base.br,base.state_br_to,1703206,Bernardo Sayão
city_1703305,base.br,base.state_br_to,1703305,Bom Jesus do Tocantins
city_1703602,base.br,base.state_br_to,1703602,Brasilândia do Tocantins
city_1703701,base.br,base.state_br_to,1703701,Brejinho de Nazaré
city_1703800,base.br,base.state_br_to,1703800,Buriti do Tocantins
city_1703826,base.br,base.state_br_to,1703826,Cachoeirinha
city_1703842,base.br,base.state_br_to,1703842,Campos Lindos
city_1703867,base.br,base.state_br_to,1703867,Cariri do Tocantins
city_1703883,base.br,base.state_br_to,1703883,Carmolândia
city_1703891,base.br,base.state_br_to,1703891,Carrasco Bonito
city_1703909,base.br,base.state_br_to,1703909,Caseara
city_1704105,base.br,base.state_br_to,1704105,Centenário
city_1705102,base.br,base.state_br_to,1705102,Chapada da Natividade
city_1704600,base.br,base.state_br_to,1704600,Chapada de Areia
city_1705508,base.br,base.state_br_to,1705508,Colinas do Tocantins
city_1716703,base.br,base.state_br_to,1716703,Colméia
city_1705557,base.br,base.state_br_to,1705557,Combinado
city_1705607,base.br,base.state_br_to,1705607,Conceição do Tocantins
city_1706001,base.br,base.state_br_to,1706001,Couto Magalhães
city_1706100,base.br,base.state_br_to,1706100,Cristalândia
city_1706258,base.br,base.state_br_to,1706258,Crixás do Tocantins
city_1706506,base.br,base.state_br_to,1706506,Darcinópolis
city_1707009,base.br,base.state_br_to,1707009,Dianópolis
city_1707108,base.br,base.state_br_to,1707108,Divinópolis do Tocantins
city_1707207,base.br,base.state_br_to,1707207,Dois Irmãos do Tocantins
city_1707306,base.br,base.state_br_to,1707306,Dueré
city_1707405,base.br,base.state_br_to,1707405,Esperantina
city_1707553,base.br,base.state_br_to,1707553,Fátima
city_1707652,base.br,base.state_br_to,1707652,Figueirópolis
city_1707702,base.br,base.state_br_to,1707702,Filadélfia
city_1708205,base.br,base.state_br_to,1708205,Formoso do Araguaia
city_1708304,base.br,base.state_br_to,1708304,Goianorte
city_1709005,base.br,base.state_br_to,1709005,Goiatins
city_1709302,base.br,base.state_br_to,1709302,Guaraí
city_1709500,base.br,base.state_br_to,1709500,Gurupi
city_1709807,base.br,base.state_br_to,1709807,Ipueiras
city_1710508,base.br,base.state_br_to,1710508,Itacajá
city_1710706,base.br,base.state_br_to,1710706,Itaguatins
city_1710904,base.br,base.state_br_to,1710904,Itapiratins
city_1711100,base.br,base.state_br_to,1711100,Itaporã do Tocantins
city_1711506,base.br,base.state_br_to,1711506,Jaú do Tocantins
city_1711803,base.br,base.state_br_to,1711803,Juarina
city_1711902,base.br,base.state_br_to,1711902,Lagoa da Confusão
city_1711951,base.br,base.state_br_to,1711951,Lagoa do Tocantins
city_1712009,base.br,base.state_br_to,1712009,Lajeado
city_1712157,base.br,base.state_br_to,1712157,Lavandeira
city_1712405,base.br,base.state_br_to,1712405,Lizarda
city_1712454,base.br,base.state_br_to,1712454,Luzinópolis
city_1712504,base.br,base.state_br_to,1712504,Marianópolis do Tocantins
city_1712702,base.br,base.state_br_to,1712702,Mateiros
city_1712801,base.br,base.state_br_to,1712801,Maurilândia do Tocantins
city_1713205,base.br,base.state_br_to,1713205,Miracema do Tocantins
city_1713304,base.br,base.state_br_to,1713304,Miranorte
city_1713601,base.br,base.state_br_to,1713601,Monte do Carmo
city_1713700,base.br,base.state_br_to,1713700,Monte Santo do Tocantins
city_1713957,base.br,base.state_br_to,1713957,Muricilândia
city_1714203,base.br,base.state_br_to,1714203,Natividade
city_1714302,base.br,base.state_br_to,1714302,Nazaré
city_1714880,base.br,base.state_br_to,1714880,Nova Olinda
city_1715002,base.br,base.state_br_to,1715002,Nova Rosalândia
city_1715101,base.br,base.state_br_to,1715101,Novo Acordo
city_1715150,base.br,base.state_br_to,1715150,Novo Alegre
city_1715259,base.br,base.state_br_to,1715259,Novo Jardim
city_1715507,base.br,base.state_br_to,1715507,Oliveira de Fátima
city_1721000,base.br,base.state_br_to,1721000,Palmas
city_1715705,base.br,base.state_br_to,1715705,Palmeirante
city_1713809,base.br,base.state_br_to,1713809,Palmeiras do Tocantins
city_1715754,base.br,base.state_br_to,1715754,Palmeirópolis
city_1716109,base.br,base.state_br_to,1716109,Paraíso do Tocantins
city_1716208,base.br,base.state_br_to,1716208,Paranã
city_1716307,base.br,base.state_br_to,1716307,Pau D'Arco
city_1716505,base.br,base.state_br_to,1716505,Pedro Afonso
city_1716604,base.br,base.state_br_to,1716604,Peixe
city_1716653,base.br,base.state_br_to,1716653,Pequizeiro
city_1717008,base.br,base.state_br_to,1717008,Pindorama do Tocantins
city_1717206,base.br,base.state_br_to,1717206,Piraquê
city_1717503,base.br,base.state_br_to,1717503,Pium
city_1717800,base.br,base.state_br_to,1717800,Ponte Alta do Bom Jesus
city_1717909,base.br,base.state_br_to,1717909,Ponte Alta do Tocantins
city_1718006,base.br,base.state_br_to,1718006,Porto Alegre do Tocantins
city_1718204,base.br,base.state_br_to,1718204,Porto Nacional
city_1718303,base.br,base.state_br_to,1718303,Praia Norte
city_1718402,base.br,base.state_br_to,1718402,Presidente Kennedy
city_1718451,base.br,base.state_br_to,1718451,Pugmil
city_1718501,base.br,base.state_br_to,1718501,Recursolândia
city_1718550,base.br,base.state_br_to,1718550,Riachinho
city_1718659,base.br,base.state_br_to,1718659,Rio da Conceição
city_1718709,base.br,base.state_br_to,1718709,Rio dos Bois
city_1718758,base.br,base.state_br_to,1718758,Rio Sono
city_1718808,base.br,base.state_br_to,1718808,Sampaio
city_1718840,base.br,base.state_br_to,1718840,Sandolândia
city_1718865,base.br,base.state_br_to,1718865,Santa Fé do Araguaia
city_1718881,base.br,base.state_br_to,1718881,Santa Maria do Tocantins
city_1718899,base.br,base.state_br_to,1718899,Santa Rita do Tocantins
city_1718907,base.br,base.state_br_to,1718907,Santa Rosa do Tocantins
city_1719004,base.br,base.state_br_to,1719004,Santa Tereza do Tocantins
city_1720002,base.br,base.state_br_to,1720002,Santa Terezinha do Tocantins
city_1720101,base.br,base.state_br_to,1720101,São Bento do Tocantins
city_1720150,base.br,base.state_br_to,1720150,São Félix do Tocantins
city_1720200,base.br,base.state_br_to,1720200,São Miguel do Tocantins
city_1720259,base.br,base.state_br_to,1720259,São Salvador do Tocantins
city_1720309,base.br,base.state_br_to,1720309,São Sebastião do Tocantins
city_1720499,base.br,base.state_br_to,1720499,São Valério
city_1720655,base.br,base.state_br_to,1720655,Silvanópolis
city_1720804,base.br,base.state_br_to,1720804,Sítio Novo do Tocantins
city_1720853,base.br,base.state_br_to,1720853,Sucupira
city_1708254,base.br,base.state_br_to,1708254,Tabocão
city_1720903,base.br,base.state_br_to,1720903,Taguatinga
city_1720937,base.br,base.state_br_to,1720937,Taipas do Tocantins
city_1720978,base.br,base.state_br_to,1720978,Talismã
city_1721109,base.br,base.state_br_to,1721109,Tocantínia
city_1721208,base.br,base.state_br_to,1721208,Tocantinópolis
city_1721257,base.br,base.state_br_to,1721257,Tupirama
city_1721307,base.br,base.state_br_to,1721307,Tupiratins
city_1722081,base.br,base.state_br_to,1722081,Wanderlândia
city_1722107,base.br,base.state_br_to,1722107,Xambioá
city_2100055,base.br,base.state_br_ma,2100055,Açailândia
city_2100105,base.br,base.state_br_ma,2100105,Afonso Cunha
city_2100154,base.br,base.state_br_ma,2100154,Água Doce do Maranhão
city_2100204,base.br,base.state_br_ma,2100204,Alcântara
city_2100303,base.br,base.state_br_ma,2100303,Aldeias Altas
city_2100402,base.br,base.state_br_ma,2100402,Altamira do Maranhão
city_2100436,base.br,base.state_br_ma,2100436,Alto Alegre do Maranhão
city_2100477,base.br,base.state_br_ma,2100477,Alto Alegre do Pindaré
city_2100501,base.br,base.state_br_ma,2100501,Alto Parnaíba
city_2100550,base.br,base.state_br_ma,2100550,Amapá do Maranhão
city_2100600,base.br,base.state_br_ma,2100600,Amarante do Maranhão
city_2100709,base.br,base.state_br_ma,2100709,Anajatuba
city_2100808,base.br,base.state_br_ma,2100808,Anapurus
city_2100832,base.br,base.state_br_ma,2100832,Apicum-Açu
city_2100873,base.br,base.state_br_ma,2100873,Araguanã
city_2100907,base.br,base.state_br_ma,2100907,Araioses
city_2100956,base.br,base.state_br_ma,2100956,Arame
city_2101004,base.br,base.state_br_ma,2101004,Arari
city_2101103,base.br,base.state_br_ma,2101103,Axixá
city_2101202,base.br,base.state_br_ma,2101202,Bacabal
city_2101251,base.br,base.state_br_ma,2101251,Bacabeira
city_2101301,base.br,base.state_br_ma,2101301,Bacuri
city_2101350,base.br,base.state_br_ma,2101350,Bacurituba
city_2101400,base.br,base.state_br_ma,2101400,Balsas
city_2101509,base.br,base.state_br_ma,2101509,Barão de Grajaú
city_2101608,base.br,base.state_br_ma,2101608,Barra do Corda
city_2101707,base.br,base.state_br_ma,2101707,Barreirinhas
city_2101772,base.br,base.state_br_ma,2101772,Bela Vista do Maranhão
city_2101731,base.br,base.state_br_ma,2101731,Belágua
city_2101806,base.br,base.state_br_ma,2101806,Benedito Leite
city_2101905,base.br,base.state_br_ma,2101905,Bequimão
city_2101939,base.br,base.state_br_ma,2101939,Bernardo do Mearim
city_2101970,base.br,base.state_br_ma,2101970,Boa Vista do Gurupi
city_2102002,base.br,base.state_br_ma,2102002,Bom Jardim
city_2102036,base.br,base.state_br_ma,2102036,Bom Jesus das Selvas
city_2102077,base.br,base.state_br_ma,2102077,Bom Lugar
city_2102101,base.br,base.state_br_ma,2102101,Brejo
city_2102150,base.br,base.state_br_ma,2102150,Brejo de Areia
city_2102200,base.br,base.state_br_ma,2102200,Buriti
city_2102309,base.br,base.state_br_ma,2102309,Buriti Bravo
city_2102325,base.br,base.state_br_ma,2102325,Buriticupu
city_2102358,base.br,base.state_br_ma,2102358,Buritirana
city_2102374,base.br,base.state_br_ma,2102374,Cachoeira Grande
city_2102408,base.br,base.state_br_ma,2102408,Cajapió
city_2102507,base.br,base.state_br_ma,2102507,Cajari
city_2102556,base.br,base.state_br_ma,2102556,Campestre do Maranhão
city_2102606,base.br,base.state_br_ma,2102606,Cândido Mendes
city_2102705,base.br,base.state_br_ma,2102705,Cantanhede
city_2102754,base.br,base.state_br_ma,2102754,Capinzal do Norte
city_2102804,base.br,base.state_br_ma,2102804,Carolina
city_2102903,base.br,base.state_br_ma,2102903,Carutapera
city_2103000,base.br,base.state_br_ma,2103000,Caxias
city_2103109,base.br,base.state_br_ma,2103109,Cedral
city_2103125,base.br,base.state_br_ma,2103125,Central do Maranhão
city_2103158,base.br,base.state_br_ma,2103158,Centro do Guilherme
city_2103174,base.br,base.state_br_ma,2103174,Centro Novo do Maranhão
city_2103208,base.br,base.state_br_ma,2103208,Chapadinha
city_2103257,base.br,base.state_br_ma,2103257,Cidelândia
city_2103307,base.br,base.state_br_ma,2103307,Codó
city_2103406,base.br,base.state_br_ma,2103406,Coelho Neto
city_2103505,base.br,base.state_br_ma,2103505,Colinas
city_2103554,base.br,base.state_br_ma,2103554,Conceição do Lago-Açu
city_2103604,base.br,base.state_br_ma,2103604,Coroatá
city_2103703,base.br,base.state_br_ma,2103703,Cururupu
city_2103752,base.br,base.state_br_ma,2103752,Davinópolis
city_2103802,base.br,base.state_br_ma,2103802,Dom Pedro
city_2103901,base.br,base.state_br_ma,2103901,Duque Bacelar
city_2104008,base.br,base.state_br_ma,2104008,Esperantinópolis
city_2104057,base.br,base.state_br_ma,2104057,Estreito
city_2104073,base.br,base.state_br_ma,2104073,Feira Nova do Maranhão
city_2104081,base.br,base.state_br_ma,2104081,Fernando Falcão
city_2104099,base.br,base.state_br_ma,2104099,Formosa da Serra Negra
city_2104107,base.br,base.state_br_ma,2104107,Fortaleza dos Nogueiras
city_2104206,base.br,base.state_br_ma,2104206,Fortuna
city_2104305,base.br,base.state_br_ma,2104305,Godofredo Viana
city_2104404,base.br,base.state_br_ma,2104404,Gonçalves Dias
city_2104503,base.br,base.state_br_ma,2104503,Governador Archer
city_2104552,base.br,base.state_br_ma,2104552,Governador Edison Lobão
city_2104602,base.br,base.state_br_ma,2104602,Governador Eugênio Barros
city_2104628,base.br,base.state_br_ma,2104628,Governador Luiz Rocha
city_2104651,base.br,base.state_br_ma,2104651,Governador Newton Bello
city_2104677,base.br,base.state_br_ma,2104677,Governador Nunes Freire
city_2104701,base.br,base.state_br_ma,2104701,Graça Aranha
city_2104800,base.br,base.state_br_ma,2104800,Grajaú
city_2104909,base.br,base.state_br_ma,2104909,Guimarães
city_2105005,base.br,base.state_br_ma,2105005,Humberto de Campos
city_2105104,base.br,base.state_br_ma,2105104,Icatu
city_2105153,base.br,base.state_br_ma,2105153,Igarapé do Meio
city_2105203,base.br,base.state_br_ma,2105203,Igarapé Grande
city_2105302,base.br,base.state_br_ma,2105302,Imperatriz
city_2105351,base.br,base.state_br_ma,2105351,Itaipava do Grajaú
city_2105401,base.br,base.state_br_ma,2105401,Itapecuru Mirim
city_2105427,base.br,base.state_br_ma,2105427,Itinga do Maranhão
city_2105450,base.br,base.state_br_ma,2105450,Jatobá
city_2105476,base.br,base.state_br_ma,2105476,Jenipapo dos Vieiras
city_2105500,base.br,base.state_br_ma,2105500,João Lisboa
city_2105609,base.br,base.state_br_ma,2105609,Joselândia
city_2105658,base.br,base.state_br_ma,2105658,Junco do Maranhão
city_2105708,base.br,base.state_br_ma,2105708,Lago da Pedra
city_2105807,base.br,base.state_br_ma,2105807,Lago do Junco
city_2105948,base.br,base.state_br_ma,2105948,Lago dos Rodrigues
city_2105906,base.br,base.state_br_ma,2105906,Lago Verde
city_2105922,base.br,base.state_br_ma,2105922,Lagoa do Mato
city_2105963,base.br,base.state_br_ma,2105963,Lagoa Grande do Maranhão
city_2105989,base.br,base.state_br_ma,2105989,Lajeado Novo
city_2106003,base.br,base.state_br_ma,2106003,Lima Campos
city_2106102,base.br,base.state_br_ma,2106102,Loreto
city_2106201,base.br,base.state_br_ma,2106201,Luís Domingues
city_2106300,base.br,base.state_br_ma,2106300,Magalhães de Almeida
city_2106326,base.br,base.state_br_ma,2106326,Maracaçumé
city_2106359,base.br,base.state_br_ma,2106359,Marajá do Sena
city_2106375,base.br,base.state_br_ma,2106375,Maranhãozinho
city_2106409,base.br,base.state_br_ma,2106409,Mata Roma
city_2106508,base.br,base.state_br_ma,2106508,Matinha
city_2106607,base.br,base.state_br_ma,2106607,Matões
city_2106631,base.br,base.state_br_ma,2106631,Matões do Norte
city_2106672,base.br,base.state_br_ma,2106672,Milagres do Maranhão
city_2106706,base.br,base.state_br_ma,2106706,Mirador
city_2106755,base.br,base.state_br_ma,2106755,Miranda do Norte
city_2106805,base.br,base.state_br_ma,2106805,Mirinzal
city_2106904,base.br,base.state_br_ma,2106904,Monção
city_2107001,base.br,base.state_br_ma,2107001,Montes Altos
city_2107100,base.br,base.state_br_ma,2107100,Morros
city_2107209,base.br,base.state_br_ma,2107209,Nina Rodrigues
city_2107258,base.br,base.state_br_ma,2107258,Nova Colinas
city_2107308,base.br,base.state_br_ma,2107308,Nova Iorque
city_2107357,base.br,base.state_br_ma,2107357,Nova Olinda do Maranhão
city_2107407,base.br,base.state_br_ma,2107407,Olho d'Água das Cunhãs
city_2107456,base.br,base.state_br_ma,2107456,Olinda Nova do Maranhão
city_2107506,base.br,base.state_br_ma,2107506,Paço do Lumiar
city_2107605,base.br,base.state_br_ma,2107605,Palmeirândia
city_2107704,base.br,base.state_br_ma,2107704,Paraibano
city_2107803,base.br,base.state_br_ma,2107803,Parnarama
city_2107902,base.br,base.state_br_ma,2107902,Passagem Franca
city_2108009,base.br,base.state_br_ma,2108009,Pastos Bons
city_2108058,base.br,base.state_br_ma,2108058,Paulino Neves
city_2108108,base.br,base.state_br_ma,2108108,Paulo Ramos
city_2108207,base.br,base.state_br_ma,2108207,Pedreiras
city_2108256,base.br,base.state_br_ma,2108256,Pedro do Rosário
city_2108306,base.br,base.state_br_ma,2108306,Penalva
city_2108405,base.br,base.state_br_ma,2108405,Peri Mirim
city_2108454,base.br,base.state_br_ma,2108454,Peritoró
city_2108504,base.br,base.state_br_ma,2108504,Pindaré-Mirim
city_2108603,base.br,base.state_br_ma,2108603,Pinheiro
city_2108702,base.br,base.state_br_ma,2108702,Pio XII
city_2108801,base.br,base.state_br_ma,2108801,Pirapemas
city_2108900,base.br,base.state_br_ma,2108900,Poção de Pedras
city_2109007,base.br,base.state_br_ma,2109007,Porto Franco
city_2109056,base.br,base.state_br_ma,2109056,Porto Rico do Maranhão
city_2109106,base.br,base.state_br_ma,2109106,Presidente Dutra
city_2109205,base.br,base.state_br_ma,2109205,Presidente Juscelino
city_2109239,base.br,base.state_br_ma,2109239,Presidente Médici
city_2109270,base.br,base.state_br_ma,2109270,Presidente Sarney
city_2109304,base.br,base.state_br_ma,2109304,Presidente Vargas
city_2109403,base.br,base.state_br_ma,2109403,Primeira Cruz
city_2109452,base.br,base.state_br_ma,2109452,Raposa
city_2109502,base.br,base.state_br_ma,2109502,Riachão
city_2109551,base.br,base.state_br_ma,2109551,Ribamar Fiquene
city_2109601,base.br,base.state_br_ma,2109601,Rosário
city_2109700,base.br,base.state_br_ma,2109700,Sambaíba
city_2109759,base.br,base.state_br_ma,2109759,Santa Filomena do Maranhão
city_2109809,base.br,base.state_br_ma,2109809,Santa Helena
city_2109908,base.br,base.state_br_ma,2109908,Santa Inês
city_2110005,base.br,base.state_br_ma,2110005,Santa Luzia
city_2110039,base.br,base.state_br_ma,2110039,Santa Luzia do Paruá
city_2110104,base.br,base.state_br_ma,2110104,Santa Quitéria do Maranhão
city_2110203,base.br,base.state_br_ma,2110203,Santa Rita
city_2110237,base.br,base.state_br_ma,2110237,Santana do Maranhão
city_2110278,base.br,base.state_br_ma,2110278,Santo Amaro do Maranhão
city_2110302,base.br,base.state_br_ma,2110302,Santo Antônio dos Lopes
city_2110401,base.br,base.state_br_ma,2110401,São Benedito do Rio Preto
city_2110500,base.br,base.state_br_ma,2110500,São Bento
city_2110609,base.br,base.state_br_ma,2110609,São Bernardo
city_2110658,base.br,base.state_br_ma,2110658,São Domingos do Azeitão
city_2110708,base.br,base.state_br_ma,2110708,São Domingos do Maranhão
city_2110807,base.br,base.state_br_ma,2110807,São Félix de Balsas
city_2110856,base.br,base.state_br_ma,2110856,São Francisco do Brejão
city_2110906,base.br,base.state_br_ma,2110906,São Francisco do Maranhão
city_2111003,base.br,base.state_br_ma,2111003,São João Batista
city_2111029,base.br,base.state_br_ma,2111029,São João do Carú
city_2111052,base.br,base.state_br_ma,2111052,São João do Paraíso
city_2111078,base.br,base.state_br_ma,2111078,São João do Soter
city_2111102,base.br,base.state_br_ma,2111102,São João dos Patos
city_2111201,base.br,base.state_br_ma,2111201,São José de Ribamar
city_2111250,base.br,base.state_br_ma,2111250,São José dos Basílios
city_2111300,base.br,base.state_br_ma,2111300,São Luís
city_2111409,base.br,base.state_br_ma,2111409,São Luís Gonzaga do Maranhão
city_2111508,base.br,base.state_br_ma,2111508,São Mateus do Maranhão
city_2111532,base.br,base.state_br_ma,2111532,São Pedro da Água Branca
city_2111573,base.br,base.state_br_ma,2111573,São Pedro dos Crentes
city_2111607,base.br,base.state_br_ma,2111607,São Raimundo das Mangabeiras
city_2111631,base.br,base.state_br_ma,2111631,São Raimundo do Doca Bezerra
city_2111672,base.br,base.state_br_ma,2111672,São Roberto
city_2111706,base.br,base.state_br_ma,2111706,São Vicente Ferrer
city_2111722,base.br,base.state_br_ma,2111722,Satubinha
city_2111748,base.br,base.state_br_ma,2111748,Senador Alexandre Costa
city_2111763,base.br,base.state_br_ma,2111763,Senador La Rocque
city_2111789,base.br,base.state_br_ma,2111789,Serrano do Maranhão
city_2111805,base.br,base.state_br_ma,2111805,Sítio Novo
city_2111904,base.br,base.state_br_ma,2111904,Sucupira do Norte
city_2111953,base.br,base.state_br_ma,2111953,Sucupira do Riachão
city_2112001,base.br,base.state_br_ma,2112001,Tasso Fragoso
city_2112100,base.br,base.state_br_ma,2112100,Timbiras
city_2112209,base.br,base.state_br_ma,2112209,Timon
city_2112233,base.br,base.state_br_ma,2112233,Trizidela do Vale
city_2112274,base.br,base.state_br_ma,2112274,Tufilândia
city_2112308,base.br,base.state_br_ma,2112308,Tuntum
city_2112407,base.br,base.state_br_ma,2112407,Turiaçu
city_2112456,base.br,base.state_br_ma,2112456,Turilândia
city_2112506,base.br,base.state_br_ma,2112506,Tutóia
city_2112605,base.br,base.state_br_ma,2112605,Urbano Santos
city_2112704,base.br,base.state_br_ma,2112704,Vargem Grande
city_2112803,base.br,base.state_br_ma,2112803,Viana
city_2112852,base.br,base.state_br_ma,2112852,Vila Nova dos Martírios
city_2112902,base.br,base.state_br_ma,2112902,Vitória do Mearim
city_2113009,base.br,base.state_br_ma,2113009,Vitorino Freire
city_2114007,base.br,base.state_br_ma,2114007,Zé Doca
city_2200053,base.br,base.state_br_pi,2200053,Acauã
city_2200103,base.br,base.state_br_pi,2200103,Agricolândia
city_2200202,base.br,base.state_br_pi,2200202,Água Branca
city_2200251,base.br,base.state_br_pi,2200251,Alagoinha do Piauí
city_2200277,base.br,base.state_br_pi,2200277,Alegrete do Piauí
city_2200301,base.br,base.state_br_pi,2200301,Alto Longá
city_2200400,base.br,base.state_br_pi,2200400,Altos
city_2200459,base.br,base.state_br_pi,2200459,Alvorada do Gurguéia
city_2200509,base.br,base.state_br_pi,2200509,Amarante
city_2200608,base.br,base.state_br_pi,2200608,Angical do Piauí
city_2200707,base.br,base.state_br_pi,2200707,Anísio de Abreu
city_2200806,base.br,base.state_br_pi,2200806,Antônio Almeida
city_2200905,base.br,base.state_br_pi,2200905,Aroazes
city_2200954,base.br,base.state_br_pi,2200954,Aroeiras do Itaim
city_2201002,base.br,base.state_br_pi,2201002,Arraial
city_2201051,base.br,base.state_br_pi,2201051,Assunção do Piauí
city_2201101,base.br,base.state_br_pi,2201101,Avelino Lopes
city_2201150,base.br,base.state_br_pi,2201150,Baixa Grande do Ribeiro
city_2201176,base.br,base.state_br_pi,2201176,Barra D'Alcântara
city_2201200,base.br,base.state_br_pi,2201200,Barras
city_2201309,base.br,base.state_br_pi,2201309,Barreiras do Piauí
city_2201408,base.br,base.state_br_pi,2201408,Barro Duro
city_2201507,base.br,base.state_br_pi,2201507,Batalha
city_2201556,base.br,base.state_br_pi,2201556,Bela Vista do Piauí
city_2201572,base.br,base.state_br_pi,2201572,Belém do Piauí
city_2201606,base.br,base.state_br_pi,2201606,Beneditinos
city_2201705,base.br,base.state_br_pi,2201705,Bertolínia
city_2201739,base.br,base.state_br_pi,2201739,Betânia do Piauí
city_2201770,base.br,base.state_br_pi,2201770,Boa Hora
city_2201804,base.br,base.state_br_pi,2201804,Bocaina
city_2201903,base.br,base.state_br_pi,2201903,Bom Jesus
city_2201919,base.br,base.state_br_pi,2201919,Bom Princípio do Piauí
city_2201929,base.br,base.state_br_pi,2201929,Bonfim do Piauí
city_2201945,base.br,base.state_br_pi,2201945,Boqueirão do Piauí
city_2201960,base.br,base.state_br_pi,2201960,Brasileira
city_2201988,base.br,base.state_br_pi,2201988,Brejo do Piauí
city_2202000,base.br,base.state_br_pi,2202000,Buriti dos Lopes
city_2202026,base.br,base.state_br_pi,2202026,Buriti dos Montes
city_2202059,base.br,base.state_br_pi,2202059,Cabeceiras do Piauí
city_2202075,base.br,base.state_br_pi,2202075,Cajazeiras do Piauí
city_2202083,base.br,base.state_br_pi,2202083,Cajueiro da Praia
city_2202091,base.br,base.state_br_pi,2202091,Caldeirão Grande do Piauí
city_2202109,base.br,base.state_br_pi,2202109,Campinas do Piauí
city_2202117,base.br,base.state_br_pi,2202117,Campo Alegre do Fidalgo
city_2202133,base.br,base.state_br_pi,2202133,Campo Grande do Piauí
city_2202174,base.br,base.state_br_pi,2202174,Campo Largo do Piauí
city_2202208,base.br,base.state_br_pi,2202208,Campo Maior
city_2202251,base.br,base.state_br_pi,2202251,Canavieira
city_2202307,base.br,base.state_br_pi,2202307,Canto do Buriti
city_2202406,base.br,base.state_br_pi,2202406,Capitão de Campos
city_2202455,base.br,base.state_br_pi,2202455,Capitão Gervásio Oliveira
city_2202505,base.br,base.state_br_pi,2202505,Caracol
city_2202539,base.br,base.state_br_pi,2202539,Caraúbas do Piauí
city_2202554,base.br,base.state_br_pi,2202554,Caridade do Piauí
city_2202604,base.br,base.state_br_pi,2202604,Castelo do Piauí
city_2202653,base.br,base.state_br_pi,2202653,Caxingó
city_2202703,base.br,base.state_br_pi,2202703,Cocal
city_2202711,base.br,base.state_br_pi,2202711,Cocal de Telha
city_2202729,base.br,base.state_br_pi,2202729,Cocal dos Alves
city_2202737,base.br,base.state_br_pi,2202737,Coivaras
city_2202752,base.br,base.state_br_pi,2202752,Colônia do Gurguéia
city_2202778,base.br,base.state_br_pi,2202778,Colônia do Piauí
city_2202802,base.br,base.state_br_pi,2202802,Conceição do Canindé
city_2202851,base.br,base.state_br_pi,2202851,Coronel José Dias
city_2202901,base.br,base.state_br_pi,2202901,Corrente
city_2203008,base.br,base.state_br_pi,2203008,Cristalândia do Piauí
city_2203107,base.br,base.state_br_pi,2203107,Cristino Castro
city_2203206,base.br,base.state_br_pi,2203206,Curimatá
city_2203230,base.br,base.state_br_pi,2203230,Currais
city_2203271,base.br,base.state_br_pi,2203271,Curral Novo do Piauí
city_2203255,base.br,base.state_br_pi,2203255,Curralinhos
city_2203305,base.br,base.state_br_pi,2203305,Demerval Lobão
city_2203354,base.br,base.state_br_pi,2203354,Dirceu Arcoverde
city_2203404,base.br,base.state_br_pi,2203404,Dom Expedito Lopes
city_2203453,base.br,base.state_br_pi,2203453,Dom Inocêncio
city_2203420,base.br,base.state_br_pi,2203420,Domingos Mourão
city_2203503,base.br,base.state_br_pi,2203503,Elesbão Veloso
city_2203602,base.br,base.state_br_pi,2203602,Eliseu Martins
city_2203701,base.br,base.state_br_pi,2203701,Esperantina
city_2203750,base.br,base.state_br_pi,2203750,Fartura do Piauí
city_2203800,base.br,base.state_br_pi,2203800,Flores do Piauí
city_2203859,base.br,base.state_br_pi,2203859,Floresta do Piauí
city_2203909,base.br,base.state_br_pi,2203909,Floriano
city_2204006,base.br,base.state_br_pi,2204006,Francinópolis
city_2204105,base.br,base.state_br_pi,2204105,Francisco Ayres
city_2204154,base.br,base.state_br_pi,2204154,Francisco Macedo
city_2204204,base.br,base.state_br_pi,2204204,Francisco Santos
city_2204303,base.br,base.state_br_pi,2204303,Fronteiras
city_2204352,base.br,base.state_br_pi,2204352,Geminiano
city_2204402,base.br,base.state_br_pi,2204402,Gilbués
city_2204501,base.br,base.state_br_pi,2204501,Guadalupe
city_2204550,base.br,base.state_br_pi,2204550,Guaribas
city_2204600,base.br,base.state_br_pi,2204600,Hugo Napoleão
city_2204659,base.br,base.state_br_pi,2204659,Ilha Grande
city_2204709,base.br,base.state_br_pi,2204709,Inhuma
city_2204808,base.br,base.state_br_pi,2204808,Ipiranga do Piauí
city_2204907,base.br,base.state_br_pi,2204907,Isaías Coelho
city_2205003,base.br,base.state_br_pi,2205003,Itainópolis
city_2205102,base.br,base.state_br_pi,2205102,Itaueira
city_2205151,base.br,base.state_br_pi,2205151,Jacobina do Piauí
city_2205201,base.br,base.state_br_pi,2205201,Jaicós
city_2205250,base.br,base.state_br_pi,2205250,Jardim do Mulato
city_2205276,base.br,base.state_br_pi,2205276,Jatobá do Piauí
city_2205300,base.br,base.state_br_pi,2205300,Jerumenha
city_2205359,base.br,base.state_br_pi,2205359,João Costa
city_2205409,base.br,base.state_br_pi,2205409,Joaquim Pires
city_2205458,base.br,base.state_br_pi,2205458,Joca Marques
city_2205508,base.br,base.state_br_pi,2205508,José de Freitas
city_2205516,base.br,base.state_br_pi,2205516,Juazeiro do Piauí
city_2205524,base.br,base.state_br_pi,2205524,Júlio Borges
city_2205532,base.br,base.state_br_pi,2205532,Jurema
city_2205557,base.br,base.state_br_pi,2205557,Lagoa Alegre
city_2205573,base.br,base.state_br_pi,2205573,Lagoa de São Francisco
city_2205565,base.br,base.state_br_pi,2205565,Lagoa do Barro do Piauí
city_2205581,base.br,base.state_br_pi,2205581,Lagoa do Piauí
city_2205599,base.br,base.state_br_pi,2205599,Lagoa do Sítio
city_2205540,base.br,base.state_br_pi,2205540,Lagoinha do Piauí
city_2205607,base.br,base.state_br_pi,2205607,Landri Sales
city_2205706,base.br,base.state_br_pi,2205706,Luís Correia
city_2205805,base.br,base.state_br_pi,2205805,Luzilândia
city_2205854,base.br,base.state_br_pi,2205854,Madeiro
city_2205904,base.br,base.state_br_pi,2205904,Manoel Emídio
city_2205953,base.br,base.state_br_pi,2205953,Marcolândia
city_2206001,base.br,base.state_br_pi,2206001,Marcos Parente
city_2206050,base.br,base.state_br_pi,2206050,Massapê do Piauí
city_2206100,base.br,base.state_br_pi,2206100,Matias Olímpio
city_2206209,base.br,base.state_br_pi,2206209,Miguel Alves
city_2206308,base.br,base.state_br_pi,2206308,Miguel Leão
city_2206357,base.br,base.state_br_pi,2206357,Milton Brandão
city_2206407,base.br,base.state_br_pi,2206407,Monsenhor Gil
city_2206506,base.br,base.state_br_pi,2206506,Monsenhor Hipólito
city_2206605,base.br,base.state_br_pi,2206605,Monte Alegre do Piauí
city_2206654,base.br,base.state_br_pi,2206654,Morro Cabeça no Tempo
city_2206670,base.br,base.state_br_pi,2206670,Morro do Chapéu do Piauí
city_2206696,base.br,base.state_br_pi,2206696,Murici dos Portelas
city_2206704,base.br,base.state_br_pi,2206704,Nazaré do Piauí
city_2206720,base.br,base.state_br_pi,2206720,Nazária
city_2206753,base.br,base.state_br_pi,2206753,Nossa Senhora de Nazaré
city_2206803,base.br,base.state_br_pi,2206803,Nossa Senhora dos Remédios
city_2207959,base.br,base.state_br_pi,2207959,Nova Santa Rita
city_2206902,base.br,base.state_br_pi,2206902,Novo Oriente do Piauí
city_2206951,base.br,base.state_br_pi,2206951,Novo Santo Antônio
city_2207009,base.br,base.state_br_pi,2207009,Oeiras
city_2207108,base.br,base.state_br_pi,2207108,Olho D'Água do Piauí
city_2207207,base.br,base.state_br_pi,2207207,Padre Marcos
city_2207306,base.br,base.state_br_pi,2207306,Paes Landim
city_2207355,base.br,base.state_br_pi,2207355,Pajeú do Piauí
city_2207405,base.br,base.state_br_pi,2207405,Palmeira do Piauí
city_2207504,base.br,base.state_br_pi,2207504,Palmeirais
city_2207553,base.br,base.state_br_pi,2207553,Paquetá
city_2207603,base.br,base.state_br_pi,2207603,Parnaguá
city_2207702,base.br,base.state_br_pi,2207702,Parnaíba
city_2207751,base.br,base.state_br_pi,2207751,Passagem Franca do Piauí
city_2207777,base.br,base.state_br_pi,2207777,Patos do Piauí
city_2207793,base.br,base.state_br_pi,2207793,Pau D'Arco do Piauí
city_2207801,base.br,base.state_br_pi,2207801,Paulistana
city_2207850,base.br,base.state_br_pi,2207850,Pavussu
city_2207900,base.br,base.state_br_pi,2207900,Pedro II
city_2207934,base.br,base.state_br_pi,2207934,Pedro Laurentino
city_2208007,base.br,base.state_br_pi,2208007,Picos
city_2208106,base.br,base.state_br_pi,2208106,Pimenteiras
city_2208205,base.br,base.state_br_pi,2208205,Pio IX
city_2208304,base.br,base.state_br_pi,2208304,Piracuruca
city_2208403,base.br,base.state_br_pi,2208403,Piripiri
city_2208502,base.br,base.state_br_pi,2208502,Porto
city_2208551,base.br,base.state_br_pi,2208551,Porto Alegre do Piauí
city_2208601,base.br,base.state_br_pi,2208601,Prata do Piauí
city_2208650,base.br,base.state_br_pi,2208650,Queimada Nova
city_2208700,base.br,base.state_br_pi,2208700,Redenção do Gurguéia
city_2208809,base.br,base.state_br_pi,2208809,Regeneração
city_2208858,base.br,base.state_br_pi,2208858,Riacho Frio
city_2208874,base.br,base.state_br_pi,2208874,Ribeira do Piauí
city_2208908,base.br,base.state_br_pi,2208908,Ribeiro Gonçalves
city_2209005,base.br,base.state_br_pi,2209005,Rio Grande do Piauí
city_2209104,base.br,base.state_br_pi,2209104,Santa Cruz do Piauí
city_2209153,base.br,base.state_br_pi,2209153,Santa Cruz dos Milagres
city_2209203,base.br,base.state_br_pi,2209203,Santa Filomena
city_2209302,base.br,base.state_br_pi,2209302,Santa Luz
city_2209377,base.br,base.state_br_pi,2209377,Santa Rosa do Piauí
city_2209351,base.br,base.state_br_pi,2209351,Santana do Piauí
city_2209401,base.br,base.state_br_pi,2209401,Santo Antônio de Lisboa
city_2209450,base.br,base.state_br_pi,2209450,Santo Antônio dos Milagres
city_2209500,base.br,base.state_br_pi,2209500,Santo Inácio do Piauí
city_2209559,base.br,base.state_br_pi,2209559,São Braz do Piauí
city_2209609,base.br,base.state_br_pi,2209609,São Félix do Piauí
city_2209658,base.br,base.state_br_pi,2209658,São Francisco de Assis do Piauí
city_2209708,base.br,base.state_br_pi,2209708,São Francisco do Piauí
city_2209757,base.br,base.state_br_pi,2209757,São Gonçalo do Gurguéia
city_2209807,base.br,base.state_br_pi,2209807,São Gonçalo do Piauí
city_2209856,base.br,base.state_br_pi,2209856,São João da Canabrava
city_2209872,base.br,base.state_br_pi,2209872,São João da Fronteira
city_2209906,base.br,base.state_br_pi,2209906,São João da Serra
city_2209955,base.br,base.state_br_pi,2209955,São João da Varjota
city_2209971,base.br,base.state_br_pi,2209971,São João do Arraial
city_2210003,base.br,base.state_br_pi,2210003,São João do Piauí
city_2210052,base.br,base.state_br_pi,2210052,São José do Divino
city_2210102,base.br,base.state_br_pi,2210102,São José do Peixe
city_2210201,base.br,base.state_br_pi,2210201,São José do Piauí
city_2210300,base.br,base.state_br_pi,2210300,São Julião
city_2210359,base.br,base.state_br_pi,2210359,São Lourenço do Piauí
city_2210375,base.br,base.state_br_pi,2210375,São Luis do Piauí
city_2210383,base.br,base.state_br_pi,2210383,São Miguel da Baixa Grande
city_2210391,base.br,base.state_br_pi,2210391,São Miguel do Fidalgo
city_2210409,base.br,base.state_br_pi,2210409,São Miguel do Tapuio
city_2210508,base.br,base.state_br_pi,2210508,São Pedro do Piauí
city_2210607,base.br,base.state_br_pi,2210607,São Raimundo Nonato
city_2210623,base.br,base.state_br_pi,2210623,Sebastião Barros
city_2210631,base.br,base.state_br_pi,2210631,Sebastião Leal
city_2210656,base.br,base.state_br_pi,2210656,Sigefredo Pacheco
city_2210706,base.br,base.state_br_pi,2210706,Simões
city_2210805,base.br,base.state_br_pi,2210805,Simplício Mendes
city_2210904,base.br,base.state_br_pi,2210904,Socorro do Piauí
city_2210938,base.br,base.state_br_pi,2210938,Sussuapara
city_2210953,base.br,base.state_br_pi,2210953,Tamboril do Piauí
city_2210979,base.br,base.state_br_pi,2210979,Tanque do Piauí
city_2211001,base.br,base.state_br_pi,2211001,Teresina
city_2211100,base.br,base.state_br_pi,2211100,União
city_2211209,base.br,base.state_br_pi,2211209,Uruçuí
city_2211308,base.br,base.state_br_pi,2211308,Valença do Piauí
city_2211357,base.br,base.state_br_pi,2211357,Várzea Branca
city_2211407,base.br,base.state_br_pi,2211407,Várzea Grande
city_2211506,base.br,base.state_br_pi,2211506,Vera Mendes
city_2211605,base.br,base.state_br_pi,2211605,Vila Nova do Piauí
city_2211704,base.br,base.state_br_pi,2211704,Wall Ferraz
city_2300101,base.br,base.state_br_ce,2300101,Abaiara
city_2300150,base.br,base.state_br_ce,2300150,Acarape
city_2300200,base.br,base.state_br_ce,2300200,Acaraú
city_2300309,base.br,base.state_br_ce,2300309,Acopiara
city_2300408,base.br,base.state_br_ce,2300408,Aiuaba
city_2300507,base.br,base.state_br_ce,2300507,Alcântaras
city_2300606,base.br,base.state_br_ce,2300606,Altaneira
city_2300705,base.br,base.state_br_ce,2300705,Alto Santo
city_2300754,base.br,base.state_br_ce,2300754,Amontada
city_2300804,base.br,base.state_br_ce,2300804,Antonina do Norte
city_2300903,base.br,base.state_br_ce,2300903,Apuiarés
city_2301000,base.br,base.state_br_ce,2301000,Aquiraz
city_2301109,base.br,base.state_br_ce,2301109,Aracati
city_2301208,base.br,base.state_br_ce,2301208,Aracoiaba
city_2301257,base.br,base.state_br_ce,2301257,Ararendá
city_2301307,base.br,base.state_br_ce,2301307,Araripe
city_2301406,base.br,base.state_br_ce,2301406,Aratuba
city_2301505,base.br,base.state_br_ce,2301505,Arneiroz
city_2301604,base.br,base.state_br_ce,2301604,Assaré
city_2301703,base.br,base.state_br_ce,2301703,Aurora
city_2301802,base.br,base.state_br_ce,2301802,Baixio
city_2301851,base.br,base.state_br_ce,2301851,Banabuiú
city_2301901,base.br,base.state_br_ce,2301901,Barbalha
city_2301950,base.br,base.state_br_ce,2301950,Barreira
city_2302008,base.br,base.state_br_ce,2302008,Barro
city_2302057,base.br,base.state_br_ce,2302057,Barroquinha
city_2302107,base.br,base.state_br_ce,2302107,Baturité
city_2302206,base.br,base.state_br_ce,2302206,Beberibe
city_2302305,base.br,base.state_br_ce,2302305,Bela Cruz
city_2302404,base.br,base.state_br_ce,2302404,Boa Viagem
city_2302503,base.br,base.state_br_ce,2302503,Brejo Santo
city_2302602,base.br,base.state_br_ce,2302602,Camocim
city_2302701,base.br,base.state_br_ce,2302701,Campos Sales
city_2302800,base.br,base.state_br_ce,2302800,Canindé
city_2302909,base.br,base.state_br_ce,2302909,Capistrano
city_2303006,base.br,base.state_br_ce,2303006,Caridade
city_2303105,base.br,base.state_br_ce,2303105,Cariré
city_2303204,base.br,base.state_br_ce,2303204,Caririaçu
city_2303303,base.br,base.state_br_ce,2303303,Cariús
city_2303402,base.br,base.state_br_ce,2303402,Carnaubal
city_2303501,base.br,base.state_br_ce,2303501,Cascavel
city_2303600,base.br,base.state_br_ce,2303600,Catarina
city_2303659,base.br,base.state_br_ce,2303659,Catunda
city_2303709,base.br,base.state_br_ce,2303709,Caucaia
city_2303808,base.br,base.state_br_ce,2303808,Cedro
city_2303907,base.br,base.state_br_ce,2303907,Chaval
city_2303931,base.br,base.state_br_ce,2303931,Choró
city_2303956,base.br,base.state_br_ce,2303956,Chorozinho
city_2304004,base.br,base.state_br_ce,2304004,Coreaú
city_2304103,base.br,base.state_br_ce,2304103,Crateús
city_2304202,base.br,base.state_br_ce,2304202,Crato
city_2304236,base.br,base.state_br_ce,2304236,Croatá
city_2304251,base.br,base.state_br_ce,2304251,Cruz
city_2304269,base.br,base.state_br_ce,2304269,Deputado Irapuan Pinheiro
city_2304277,base.br,base.state_br_ce,2304277,Ereré
city_2304285,base.br,base.state_br_ce,2304285,Eusébio
city_2304301,base.br,base.state_br_ce,2304301,Farias Brito
city_2304350,base.br,base.state_br_ce,2304350,Forquilha
city_2304400,base.br,base.state_br_ce,2304400,Fortaleza
city_2304459,base.br,base.state_br_ce,2304459,Fortim
city_2304509,base.br,base.state_br_ce,2304509,Frecheirinha
city_2304608,base.br,base.state_br_ce,2304608,General Sampaio
city_2304657,base.br,base.state_br_ce,2304657,Graça
city_2304707,base.br,base.state_br_ce,2304707,Granja
city_2304806,base.br,base.state_br_ce,2304806,Granjeiro
city_2304905,base.br,base.state_br_ce,2304905,Groaíras
city_2304954,base.br,base.state_br_ce,2304954,Guaiúba
city_2305001,base.br,base.state_br_ce,2305001,Guaraciaba do Norte
city_2305100,base.br,base.state_br_ce,2305100,Guaramiranga
city_2305209,base.br,base.state_br_ce,2305209,Hidrolândia
city_2305233,base.br,base.state_br_ce,2305233,Horizonte
city_2305266,base.br,base.state_br_ce,2305266,Ibaretama
city_2305308,base.br,base.state_br_ce,2305308,Ibiapina
city_2305332,base.br,base.state_br_ce,2305332,Ibicuitinga
city_2305357,base.br,base.state_br_ce,2305357,Icapuí
city_2305407,base.br,base.state_br_ce,2305407,Icó
city_2305506,base.br,base.state_br_ce,2305506,Iguatu
city_2305605,base.br,base.state_br_ce,2305605,Independência
city_2305654,base.br,base.state_br_ce,2305654,Ipaporanga
city_2305704,base.br,base.state_br_ce,2305704,Ipaumirim
city_2305803,base.br,base.state_br_ce,2305803,Ipu
city_2305902,base.br,base.state_br_ce,2305902,Ipueiras
city_2306009,base.br,base.state_br_ce,2306009,Iracema
city_2306108,base.br,base.state_br_ce,2306108,Irauçuba
city_2306207,base.br,base.state_br_ce,2306207,Itaiçaba
city_2306256,base.br,base.state_br_ce,2306256,Itaitinga
city_2306306,base.br,base.state_br_ce,2306306,Itapajé
city_2306405,base.br,base.state_br_ce,2306405,Itapipoca
city_2306504,base.br,base.state_br_ce,2306504,Itapiúna
city_2306553,base.br,base.state_br_ce,2306553,Itarema
city_2306603,base.br,base.state_br_ce,2306603,Itatira
city_2306702,base.br,base.state_br_ce,2306702,Jaguaretama
city_2306801,base.br,base.state_br_ce,2306801,Jaguaribara
city_2306900,base.br,base.state_br_ce,2306900,Jaguaribe
city_2307007,base.br,base.state_br_ce,2307007,Jaguaruana
city_2307106,base.br,base.state_br_ce,2307106,Jardim
city_2307205,base.br,base.state_br_ce,2307205,Jati
city_2307254,base.br,base.state_br_ce,2307254,Jijoca de Jericoacoara
city_2307304,base.br,base.state_br_ce,2307304,Juazeiro do Norte
city_2307403,base.br,base.state_br_ce,2307403,Jucás
city_2307502,base.br,base.state_br_ce,2307502,Lavras da Mangabeira
city_2307601,base.br,base.state_br_ce,2307601,Limoeiro do Norte
city_2307635,base.br,base.state_br_ce,2307635,Madalena
city_2307650,base.br,base.state_br_ce,2307650,Maracanaú
city_2307700,base.br,base.state_br_ce,2307700,Maranguape
city_2307809,base.br,base.state_br_ce,2307809,Marco
city_2307908,base.br,base.state_br_ce,2307908,Martinópole
city_2308005,base.br,base.state_br_ce,2308005,Massapê
city_2308104,base.br,base.state_br_ce,2308104,Mauriti
city_2308203,base.br,base.state_br_ce,2308203,Meruoca
city_2308302,base.br,base.state_br_ce,2308302,Milagres
city_2308351,base.br,base.state_br_ce,2308351,Milhã
city_2308377,base.br,base.state_br_ce,2308377,Miraíma
city_2308401,base.br,base.state_br_ce,2308401,Missão Velha
city_2308500,base.br,base.state_br_ce,2308500,Mombaça
city_2308609,base.br,base.state_br_ce,2308609,Monsenhor Tabosa
city_2308708,base.br,base.state_br_ce,2308708,Morada Nova
city_2308807,base.br,base.state_br_ce,2308807,Moraújo
city_2308906,base.br,base.state_br_ce,2308906,Morrinhos
city_2309003,base.br,base.state_br_ce,2309003,Mucambo
city_2309102,base.br,base.state_br_ce,2309102,Mulungu
city_2309201,base.br,base.state_br_ce,2309201,Nova Olinda
city_2309300,base.br,base.state_br_ce,2309300,Nova Russas
city_2309409,base.br,base.state_br_ce,2309409,Novo Oriente
city_2309458,base.br,base.state_br_ce,2309458,Ocara
city_2309508,base.br,base.state_br_ce,2309508,Orós
city_2309607,base.br,base.state_br_ce,2309607,Pacajus
city_2309706,base.br,base.state_br_ce,2309706,Pacatuba
city_2309805,base.br,base.state_br_ce,2309805,Pacoti
city_2309904,base.br,base.state_br_ce,2309904,Pacujá
city_2310001,base.br,base.state_br_ce,2310001,Palhano
city_2310100,base.br,base.state_br_ce,2310100,Palmácia
city_2310209,base.br,base.state_br_ce,2310209,Paracuru
city_2310258,base.br,base.state_br_ce,2310258,Paraipaba
city_2310308,base.br,base.state_br_ce,2310308,Parambu
city_2310407,base.br,base.state_br_ce,2310407,Paramoti
city_2310506,base.br,base.state_br_ce,2310506,Pedra Branca
city_2310605,base.br,base.state_br_ce,2310605,Penaforte
city_2310704,base.br,base.state_br_ce,2310704,Pentecoste
city_2310803,base.br,base.state_br_ce,2310803,Pereiro
city_2310852,base.br,base.state_br_ce,2310852,Pindoretama
city_2310902,base.br,base.state_br_ce,2310902,Piquet Carneiro
city_2310951,base.br,base.state_br_ce,2310951,Pires Ferreira
city_2311009,base.br,base.state_br_ce,2311009,Poranga
city_2311108,base.br,base.state_br_ce,2311108,Porteiras
city_2311207,base.br,base.state_br_ce,2311207,Potengi
city_2311231,base.br,base.state_br_ce,2311231,Potiretama
city_2311264,base.br,base.state_br_ce,2311264,Quiterianópolis
city_2311306,base.br,base.state_br_ce,2311306,Quixadá
city_2311355,base.br,base.state_br_ce,2311355,Quixelô
city_2311405,base.br,base.state_br_ce,2311405,Quixeramobim
city_2311504,base.br,base.state_br_ce,2311504,Quixeré
city_2311603,base.br,base.state_br_ce,2311603,Redenção
city_2311702,base.br,base.state_br_ce,2311702,Reriutaba
city_2311801,base.br,base.state_br_ce,2311801,Russas
city_2311900,base.br,base.state_br_ce,2311900,Saboeiro
city_2311959,base.br,base.state_br_ce,2311959,Salitre
city_2312205,base.br,base.state_br_ce,2312205,Santa Quitéria
city_2312007,base.br,base.state_br_ce,2312007,Santana do Acaraú
city_2312106,base.br,base.state_br_ce,2312106,Santana do Cariri
city_2312304,base.br,base.state_br_ce,2312304,São Benedito
city_2312403,base.br,base.state_br_ce,2312403,São Gonçalo do Amarante
city_2312502,base.br,base.state_br_ce,2312502,São João do Jaguaribe
city_2312601,base.br,base.state_br_ce,2312601,São Luís do Curu
city_2312700,base.br,base.state_br_ce,2312700,Senador Pompeu
city_2312809,base.br,base.state_br_ce,2312809,Senador Sá
city_2312908,base.br,base.state_br_ce,2312908,Sobral
city_2313005,base.br,base.state_br_ce,2313005,Solonópole
city_2313104,base.br,base.state_br_ce,2313104,Tabuleiro do Norte
city_2313203,base.br,base.state_br_ce,2313203,Tamboril
city_2313252,base.br,base.state_br_ce,2313252,Tarrafas
city_2313302,base.br,base.state_br_ce,2313302,Tauá
city_2313351,base.br,base.state_br_ce,2313351,Tejuçuoca
city_2313401,base.br,base.state_br_ce,2313401,Tianguá
city_2313500,base.br,base.state_br_ce,2313500,Trairi
city_2313559,base.br,base.state_br_ce,2313559,Tururu
city_2313609,base.br,base.state_br_ce,2313609,Ubajara
city_2313708,base.br,base.state_br_ce,2313708,Umari
city_2313757,base.br,base.state_br_ce,2313757,Umirim
city_2313807,base.br,base.state_br_ce,2313807,Uruburetama
city_2313906,base.br,base.state_br_ce,2313906,Uruoca
city_2313955,base.br,base.state_br_ce,2313955,Varjota
city_2314003,base.br,base.state_br_ce,2314003,Várzea Alegre
city_2314102,base.br,base.state_br_ce,2314102,Viçosa do Ceará
city_2400109,base.br,base.state_br_rn,2400109,Acari
city_2400208,base.br,base.state_br_rn,2400208,Açu
city_2400307,base.br,base.state_br_rn,2400307,Afonso Bezerra
city_2400406,base.br,base.state_br_rn,2400406,Água Nova
city_2400505,base.br,base.state_br_rn,2400505,Alexandria
city_2400604,base.br,base.state_br_rn,2400604,Almino Afonso
city_2400703,base.br,base.state_br_rn,2400703,Alto do Rodrigues
city_2400802,base.br,base.state_br_rn,2400802,Angicos
city_2400901,base.br,base.state_br_rn,2400901,Antônio Martins
city_2401008,base.br,base.state_br_rn,2401008,Apodi
city_2401107,base.br,base.state_br_rn,2401107,Areia Branca
city_2401206,base.br,base.state_br_rn,2401206,Arês
city_2401404,base.br,base.state_br_rn,2401404,Baía Formosa
city_2401453,base.br,base.state_br_rn,2401453,Baraúna
city_2401503,base.br,base.state_br_rn,2401503,Barcelona
city_2401602,base.br,base.state_br_rn,2401602,Bento Fernandes
city_2401651,base.br,base.state_br_rn,2401651,Bodó
city_2401701,base.br,base.state_br_rn,2401701,Bom Jesus
city_2401800,base.br,base.state_br_rn,2401800,Brejinho
city_2401859,base.br,base.state_br_rn,2401859,Caiçara do Norte
city_2401909,base.br,base.state_br_rn,2401909,Caiçara do Rio do Vento
city_2402006,base.br,base.state_br_rn,2402006,Caicó
city_2401305,base.br,base.state_br_rn,2401305,Campo Grande
city_2402105,base.br,base.state_br_rn,2402105,Campo Redondo
city_2402204,base.br,base.state_br_rn,2402204,Canguaretama
city_2402303,base.br,base.state_br_rn,2402303,Caraúbas
city_2402402,base.br,base.state_br_rn,2402402,Carnaúba dos Dantas
city_2402501,base.br,base.state_br_rn,2402501,Carnaubais
city_2402600,base.br,base.state_br_rn,2402600,Ceará-Mirim
city_2402709,base.br,base.state_br_rn,2402709,Cerro Corá
city_2402808,base.br,base.state_br_rn,2402808,Coronel Ezequiel
city_2402907,base.br,base.state_br_rn,2402907,Coronel João Pessoa
city_2403004,base.br,base.state_br_rn,2403004,Cruzeta
city_2403103,base.br,base.state_br_rn,2403103,Currais Novos
city_2403202,base.br,base.state_br_rn,2403202,Doutor Severiano
city_2403301,base.br,base.state_br_rn,2403301,Encanto
city_2403400,base.br,base.state_br_rn,2403400,Equador
city_2403509,base.br,base.state_br_rn,2403509,Espírito Santo
city_2403608,base.br,base.state_br_rn,2403608,Extremoz
city_2403707,base.br,base.state_br_rn,2403707,Felipe Guerra
city_2403756,base.br,base.state_br_rn,2403756,Fernando Pedroza
city_2403806,base.br,base.state_br_rn,2403806,Florânia
city_2403905,base.br,base.state_br_rn,2403905,Francisco Dantas
city_2404002,base.br,base.state_br_rn,2404002,Frutuoso Gomes
city_2404101,base.br,base.state_br_rn,2404101,Galinhos
city_2404200,base.br,base.state_br_rn,2404200,Goianinha
city_2404309,base.br,base.state_br_rn,2404309,Governador Dix-Sept Rosado
city_2404408,base.br,base.state_br_rn,2404408,Grossos
city_2404507,base.br,base.state_br_rn,2404507,Guamaré
city_2404606,base.br,base.state_br_rn,2404606,Ielmo Marinho
city_2404705,base.br,base.state_br_rn,2404705,Ipanguaçu
city_2404804,base.br,base.state_br_rn,2404804,Ipueira
city_2404853,base.br,base.state_br_rn,2404853,Itajá
city_2404903,base.br,base.state_br_rn,2404903,Itaú
city_2405009,base.br,base.state_br_rn,2405009,Jaçanã
city_2405108,base.br,base.state_br_rn,2405108,Jandaíra
city_2405207,base.br,base.state_br_rn,2405207,Janduís
city_2405306,base.br,base.state_br_rn,2405306,Januário Cicco
city_2405405,base.br,base.state_br_rn,2405405,Japi
city_2405504,base.br,base.state_br_rn,2405504,Jardim de Angicos
city_2405603,base.br,base.state_br_rn,2405603,Jardim de Piranhas
city_2405702,base.br,base.state_br_rn,2405702,Jardim do Seridó
city_2405801,base.br,base.state_br_rn,2405801,João Câmara
city_2405900,base.br,base.state_br_rn,2405900,João Dias
city_2406007,base.br,base.state_br_rn,2406007,José da Penha
city_2406106,base.br,base.state_br_rn,2406106,Jucurutu
city_2406155,base.br,base.state_br_rn,2406155,Jundiá
city_2406205,base.br,base.state_br_rn,2406205,Lagoa d'Anta
city_2406304,base.br,base.state_br_rn,2406304,Lagoa de Pedras
city_2406403,base.br,base.state_br_rn,2406403,Lagoa de Velhos
city_2406502,base.br,base.state_br_rn,2406502,Lagoa Nova
city_2406601,base.br,base.state_br_rn,2406601,Lagoa Salgada
city_2406700,base.br,base.state_br_rn,2406700,Lajes
city_2406809,base.br,base.state_br_rn,2406809,Lajes Pintadas
city_2406908,base.br,base.state_br_rn,2406908,Lucrécia
city_2407005,base.br,base.state_br_rn,2407005,Luís Gomes
city_2407104,base.br,base.state_br_rn,2407104,Macaíba
city_2407203,base.br,base.state_br_rn,2407203,Macau
city_2407252,base.br,base.state_br_rn,2407252,Major Sales
city_2407302,base.br,base.state_br_rn,2407302,Marcelino Vieira
city_2407401,base.br,base.state_br_rn,2407401,Martins
city_2407500,base.br,base.state_br_rn,2407500,Maxaranguape
city_2407609,base.br,base.state_br_rn,2407609,Messias Targino
city_2407708,base.br,base.state_br_rn,2407708,Montanhas
city_2407807,base.br,base.state_br_rn,2407807,Monte Alegre
city_2407906,base.br,base.state_br_rn,2407906,Monte das Gameleiras
city_2408003,base.br,base.state_br_rn,2408003,Mossoró
city_2408102,base.br,base.state_br_rn,2408102,Natal
city_2408201,base.br,base.state_br_rn,2408201,Nísia Floresta
city_2408300,base.br,base.state_br_rn,2408300,Nova Cruz
city_2408409,base.br,base.state_br_rn,2408409,Olho d'Água do Borges
city_2408508,base.br,base.state_br_rn,2408508,Ouro Branco
city_2408607,base.br,base.state_br_rn,2408607,Paraná
city_2408706,base.br,base.state_br_rn,2408706,Paraú
city_2408805,base.br,base.state_br_rn,2408805,Parazinho
city_2408904,base.br,base.state_br_rn,2408904,Parelhas
city_2403251,base.br,base.state_br_rn,2403251,Parnamirim
city_2409100,base.br,base.state_br_rn,2409100,Passa e Fica
city_2409209,base.br,base.state_br_rn,2409209,Passagem
city_2409308,base.br,base.state_br_rn,2409308,Patu
city_2409407,base.br,base.state_br_rn,2409407,Pau dos Ferros
city_2409506,base.br,base.state_br_rn,2409506,Pedra Grande
city_2409605,base.br,base.state_br_rn,2409605,Pedra Preta
city_2409704,base.br,base.state_br_rn,2409704,Pedro Avelino
city_2409803,base.br,base.state_br_rn,2409803,Pedro Velho
city_2409902,base.br,base.state_br_rn,2409902,Pendências
city_2410009,base.br,base.state_br_rn,2410009,Pilões
city_2410108,base.br,base.state_br_rn,2410108,Poço Branco
city_2410207,base.br,base.state_br_rn,2410207,Portalegre
city_2410256,base.br,base.state_br_rn,2410256,Porto do Mangue
city_2410405,base.br,base.state_br_rn,2410405,Pureza
city_2410504,base.br,base.state_br_rn,2410504,Rafael Fernandes
city_2410603,base.br,base.state_br_rn,2410603,Rafael Godeiro
city_2410702,base.br,base.state_br_rn,2410702,Riacho da Cruz
city_2410801,base.br,base.state_br_rn,2410801,Riacho de Santana
city_2410900,base.br,base.state_br_rn,2410900,Riachuelo
city_2408953,base.br,base.state_br_rn,2408953,Rio do Fogo
city_2411007,base.br,base.state_br_rn,2411007,Rodolfo Fernandes
city_2411106,base.br,base.state_br_rn,2411106,Ruy Barbosa
city_2411205,base.br,base.state_br_rn,2411205,Santa Cruz
city_2409332,base.br,base.state_br_rn,2409332,Santa Maria
city_2411403,base.br,base.state_br_rn,2411403,Santana do Matos
city_2411429,base.br,base.state_br_rn,2411429,Santana do Seridó
city_2411502,base.br,base.state_br_rn,2411502,Santo Antônio
city_2411601,base.br,base.state_br_rn,2411601,São Bento do Norte
city_2411700,base.br,base.state_br_rn,2411700,São Bento do Trairí
city_2411809,base.br,base.state_br_rn,2411809,São Fernando
city_2411908,base.br,base.state_br_rn,2411908,São Francisco do Oeste
city_2412005,base.br,base.state_br_rn,2412005,São Gonçalo do Amarante
city_2412104,base.br,base.state_br_rn,2412104,São João do Sabugi
city_2412203,base.br,base.state_br_rn,2412203,São José de Mipibu
city_2412302,base.br,base.state_br_rn,2412302,São José do Campestre
city_2412401,base.br,base.state_br_rn,2412401,São José do Seridó
city_2412500,base.br,base.state_br_rn,2412500,São Miguel
city_2412559,base.br,base.state_br_rn,2412559,São Miguel do Gostoso
city_2412609,base.br,base.state_br_rn,2412609,São Paulo do Potengi
city_2412708,base.br,base.state_br_rn,2412708,São Pedro
city_2412807,base.br,base.state_br_rn,2412807,São Rafael
city_2412906,base.br,base.state_br_rn,2412906,São Tomé
city_2413003,base.br,base.state_br_rn,2413003,São Vicente
city_2413102,base.br,base.state_br_rn,2413102,Senador Elói de Souza
city_2413201,base.br,base.state_br_rn,2413201,Senador Georgino Avelino
city_2410306,base.br,base.state_br_rn,2410306,Serra Caiada
city_2413300,base.br,base.state_br_rn,2413300,Serra de São Bento
city_2413359,base.br,base.state_br_rn,2413359,Serra do Mel
city_2413409,base.br,base.state_br_rn,2413409,Serra Negra do Norte
city_2413508,base.br,base.state_br_rn,2413508,Serrinha
city_2413557,base.br,base.state_br_rn,2413557,Serrinha dos Pintos
city_2413607,base.br,base.state_br_rn,2413607,Severiano Melo
city_2413706,base.br,base.state_br_rn,2413706,Sítio Novo
city_2413805,base.br,base.state_br_rn,2413805,Taboleiro Grande
city_2413904,base.br,base.state_br_rn,2413904,Taipu
city_2414001,base.br,base.state_br_rn,2414001,Tangará
city_2414100,base.br,base.state_br_rn,2414100,Tenente Ananias
city_2414159,base.br,base.state_br_rn,2414159,Tenente Laurentino Cruz
city_2411056,base.br,base.state_br_rn,2411056,Tibau
city_2414209,base.br,base.state_br_rn,2414209,Tibau do Sul
city_2414308,base.br,base.state_br_rn,2414308,Timbaúba dos Batistas
city_2414407,base.br,base.state_br_rn,2414407,Touros
city_2414456,base.br,base.state_br_rn,2414456,Triunfo Potiguar
city_2414506,base.br,base.state_br_rn,2414506,Umarizal
city_2414605,base.br,base.state_br_rn,2414605,Upanema
city_2414704,base.br,base.state_br_rn,2414704,Várzea
city_2414753,base.br,base.state_br_rn,2414753,Venha-Ver
city_2414803,base.br,base.state_br_rn,2414803,Vera Cruz
city_2414902,base.br,base.state_br_rn,2414902,Viçosa
city_2415008,base.br,base.state_br_rn,2415008,Vila Flor
city_2500106,base.br,base.state_br_pb,2500106,Água Branca
city_2500205,base.br,base.state_br_pb,2500205,Aguiar
city_2500304,base.br,base.state_br_pb,2500304,Alagoa Grande
city_2500403,base.br,base.state_br_pb,2500403,Alagoa Nova
city_2500502,base.br,base.state_br_pb,2500502,Alagoinha
city_2500536,base.br,base.state_br_pb,2500536,Alcantil
city_2500577,base.br,base.state_br_pb,2500577,Algodão de Jandaíra
city_2500601,base.br,base.state_br_pb,2500601,Alhandra
city_2500734,base.br,base.state_br_pb,2500734,Amparo
city_2500775,base.br,base.state_br_pb,2500775,Aparecida
city_2500809,base.br,base.state_br_pb,2500809,Araçagi
city_2500908,base.br,base.state_br_pb,2500908,Arara
city_2501005,base.br,base.state_br_pb,2501005,Araruna
city_2501104,base.br,base.state_br_pb,2501104,Areia
city_2501153,base.br,base.state_br_pb,2501153,Areia de Baraúnas
city_2501203,base.br,base.state_br_pb,2501203,Areial
city_2501302,base.br,base.state_br_pb,2501302,Aroeiras
city_2501351,base.br,base.state_br_pb,2501351,Assunção
city_2501401,base.br,base.state_br_pb,2501401,Baía da Traição
city_2501500,base.br,base.state_br_pb,2501500,Bananeiras
city_2501534,base.br,base.state_br_pb,2501534,Baraúna
city_2501609,base.br,base.state_br_pb,2501609,Barra de Santa Rosa
city_2501575,base.br,base.state_br_pb,2501575,Barra de Santana
city_2501708,base.br,base.state_br_pb,2501708,Barra de São Miguel
city_2501807,base.br,base.state_br_pb,2501807,Bayeux
city_2501906,base.br,base.state_br_pb,2501906,Belém
city_2502003,base.br,base.state_br_pb,2502003,Belém do Brejo do Cruz
city_2502052,base.br,base.state_br_pb,2502052,Bernardino Batista
city_2502102,base.br,base.state_br_pb,2502102,Boa Ventura
city_2502151,base.br,base.state_br_pb,2502151,Boa Vista
city_2502201,base.br,base.state_br_pb,2502201,Bom Jesus
city_2502300,base.br,base.state_br_pb,2502300,Bom Sucesso
city_2502409,base.br,base.state_br_pb,2502409,Bonito de Santa Fé
city_2502508,base.br,base.state_br_pb,2502508,Boqueirão
city_2502706,base.br,base.state_br_pb,2502706,Borborema
city_2502805,base.br,base.state_br_pb,2502805,Brejo do Cruz
city_2502904,base.br,base.state_br_pb,2502904,Brejo dos Santos
city_2503001,base.br,base.state_br_pb,2503001,Caaporã
city_2503100,base.br,base.state_br_pb,2503100,Cabaceiras
city_2503209,base.br,base.state_br_pb,2503209,Cabedelo
city_2503308,base.br,base.state_br_pb,2503308,Cachoeira dos Índios
city_2503407,base.br,base.state_br_pb,2503407,Cacimba de Areia
city_2503506,base.br,base.state_br_pb,2503506,Cacimba de Dentro
city_2503555,base.br,base.state_br_pb,2503555,Cacimbas
city_2503605,base.br,base.state_br_pb,2503605,Caiçara
city_2503704,base.br,base.state_br_pb,2503704,Cajazeiras
city_2503753,base.br,base.state_br_pb,2503753,Cajazeirinhas
city_2503803,base.br,base.state_br_pb,2503803,Caldas Brandão
city_2503902,base.br,base.state_br_pb,2503902,Camalaú
city_2504009,base.br,base.state_br_pb,2504009,Campina Grande
city_2504033,base.br,base.state_br_pb,2504033,Capim
city_2504074,base.br,base.state_br_pb,2504074,Caraúbas
city_2504108,base.br,base.state_br_pb,2504108,Carrapateira
city_2504157,base.br,base.state_br_pb,2504157,Casserengue
city_2504207,base.br,base.state_br_pb,2504207,Catingueira
city_2504306,base.br,base.state_br_pb,2504306,Catolé do Rocha
city_2504355,base.br,base.state_br_pb,2504355,Caturité
city_2504405,base.br,base.state_br_pb,2504405,Conceição
city_2504504,base.br,base.state_br_pb,2504504,Condado
city_2504603,base.br,base.state_br_pb,2504603,Conde
city_2504702,base.br,base.state_br_pb,2504702,Congo
city_2504801,base.br,base.state_br_pb,2504801,Coremas
city_2504850,base.br,base.state_br_pb,2504850,Coxixola
city_2504900,base.br,base.state_br_pb,2504900,Cruz do Espírito Santo
city_2505006,base.br,base.state_br_pb,2505006,Cubati
city_2505105,base.br,base.state_br_pb,2505105,Cuité
city_2505238,base.br,base.state_br_pb,2505238,Cuité de Mamanguape
city_2505204,base.br,base.state_br_pb,2505204,Cuitegi
city_2505279,base.br,base.state_br_pb,2505279,Curral de Cima
city_2505303,base.br,base.state_br_pb,2505303,Curral Velho
city_2505352,base.br,base.state_br_pb,2505352,Damião
city_2505402,base.br,base.state_br_pb,2505402,Desterro
city_2505600,base.br,base.state_br_pb,2505600,Diamante
city_2505709,base.br,base.state_br_pb,2505709,Dona Inês
city_2505808,base.br,base.state_br_pb,2505808,Duas Estradas
city_2505907,base.br,base.state_br_pb,2505907,Emas
city_2506004,base.br,base.state_br_pb,2506004,Esperança
city_2506103,base.br,base.state_br_pb,2506103,Fagundes
city_2506202,base.br,base.state_br_pb,2506202,Frei Martinho
city_2506251,base.br,base.state_br_pb,2506251,Gado Bravo
city_2506301,base.br,base.state_br_pb,2506301,Guarabira
city_2506400,base.br,base.state_br_pb,2506400,Gurinhém
city_2506509,base.br,base.state_br_pb,2506509,Gurjão
city_2506608,base.br,base.state_br_pb,2506608,Ibiara
city_2502607,base.br,base.state_br_pb,2502607,Igaracy
city_2506707,base.br,base.state_br_pb,2506707,Imaculada
city_2506806,base.br,base.state_br_pb,2506806,Ingá
city_2506905,base.br,base.state_br_pb,2506905,Itabaiana
city_2507002,base.br,base.state_br_pb,2507002,Itaporanga
city_2507101,base.br,base.state_br_pb,2507101,Itapororoca
city_2507200,base.br,base.state_br_pb,2507200,Itatuba
city_2507309,base.br,base.state_br_pb,2507309,Jacaraú
city_2507408,base.br,base.state_br_pb,2507408,Jericó
city_2507507,base.br,base.state_br_pb,2507507,João Pessoa
city_2513653,base.br,base.state_br_pb,2513653,Joca Claudino
city_2507606,base.br,base.state_br_pb,2507606,Juarez Távora
city_2507705,base.br,base.state_br_pb,2507705,Juazeirinho
city_2507804,base.br,base.state_br_pb,2507804,Junco do Seridó
city_2507903,base.br,base.state_br_pb,2507903,Juripiranga
city_2508000,base.br,base.state_br_pb,2508000,Juru
city_2508109,base.br,base.state_br_pb,2508109,Lagoa
city_2508208,base.br,base.state_br_pb,2508208,Lagoa de Dentro
city_2508307,base.br,base.state_br_pb,2508307,Lagoa Seca
city_2508406,base.br,base.state_br_pb,2508406,Lastro
city_2508505,base.br,base.state_br_pb,2508505,Livramento
city_2508554,base.br,base.state_br_pb,2508554,Logradouro
city_2508604,base.br,base.state_br_pb,2508604,Lucena
city_2508703,base.br,base.state_br_pb,2508703,Mãe d'Água
city_2508802,base.br,base.state_br_pb,2508802,Malta
city_2508901,base.br,base.state_br_pb,2508901,Mamanguape
city_2509008,base.br,base.state_br_pb,2509008,Manaíra
city_2509057,base.br,base.state_br_pb,2509057,Marcação
city_2509107,base.br,base.state_br_pb,2509107,Mari
city_2509156,base.br,base.state_br_pb,2509156,Marizópolis
city_2509206,base.br,base.state_br_pb,2509206,Massaranduba
city_2509305,base.br,base.state_br_pb,2509305,Mataraca
city_2509339,base.br,base.state_br_pb,2509339,Matinhas
city_2509370,base.br,base.state_br_pb,2509370,Mato Grosso
city_2509396,base.br,base.state_br_pb,2509396,Maturéia
city_2509404,base.br,base.state_br_pb,2509404,Mogeiro
city_2509503,base.br,base.state_br_pb,2509503,Montadas
city_2509602,base.br,base.state_br_pb,2509602,Monte Horebe
city_2509701,base.br,base.state_br_pb,2509701,Monteiro
city_2509800,base.br,base.state_br_pb,2509800,Mulungu
city_2509909,base.br,base.state_br_pb,2509909,Natuba
city_2510006,base.br,base.state_br_pb,2510006,Nazarezinho
city_2510105,base.br,base.state_br_pb,2510105,Nova Floresta
city_2510204,base.br,base.state_br_pb,2510204,Nova Olinda
city_2510303,base.br,base.state_br_pb,2510303,Nova Palmeira
city_2510402,base.br,base.state_br_pb,2510402,Olho d'Água
city_2510501,base.br,base.state_br_pb,2510501,Olivedos
city_2510600,base.br,base.state_br_pb,2510600,Ouro Velho
city_2510659,base.br,base.state_br_pb,2510659,Parari
city_2510709,base.br,base.state_br_pb,2510709,Passagem
city_2510808,base.br,base.state_br_pb,2510808,Patos
city_2510907,base.br,base.state_br_pb,2510907,Paulista
city_2511004,base.br,base.state_br_pb,2511004,Pedra Branca
city_2511103,base.br,base.state_br_pb,2511103,Pedra Lavrada
city_2511202,base.br,base.state_br_pb,2511202,Pedras de Fogo
city_2512721,base.br,base.state_br_pb,2512721,Pedro Régis
city_2511301,base.br,base.state_br_pb,2511301,Piancó
city_2511400,base.br,base.state_br_pb,2511400,Picuí
city_2511509,base.br,base.state_br_pb,2511509,Pilar
city_2511608,base.br,base.state_br_pb,2511608,Pilões
city_2511707,base.br,base.state_br_pb,2511707,Pilõezinhos
city_2511806,base.br,base.state_br_pb,2511806,Pirpirituba
city_2511905,base.br,base.state_br_pb,2511905,Pitimbu
city_2512002,base.br,base.state_br_pb,2512002,Pocinhos
city_2512036,base.br,base.state_br_pb,2512036,Poço Dantas
city_2512077,base.br,base.state_br_pb,2512077,Poço de José de Moura
city_2512101,base.br,base.state_br_pb,2512101,Pombal
city_2512200,base.br,base.state_br_pb,2512200,Prata
city_2512309,base.br,base.state_br_pb,2512309,Princesa Isabel
city_2512408,base.br,base.state_br_pb,2512408,Puxinanã
city_2512507,base.br,base.state_br_pb,2512507,Queimadas
city_2512606,base.br,base.state_br_pb,2512606,Quixaba
city_2512705,base.br,base.state_br_pb,2512705,Remígio
city_2512747,base.br,base.state_br_pb,2512747,Riachão
city_2512754,base.br,base.state_br_pb,2512754,Riachão do Bacamarte
city_2512762,base.br,base.state_br_pb,2512762,Riachão do Poço
city_2512788,base.br,base.state_br_pb,2512788,Riacho de Santo Antônio
city_2512804,base.br,base.state_br_pb,2512804,Riacho dos Cavalos
city_2512903,base.br,base.state_br_pb,2512903,Rio Tinto
city_2513000,base.br,base.state_br_pb,2513000,Salgadinho
city_2513109,base.br,base.state_br_pb,2513109,Salgado de São Félix
city_2513158,base.br,base.state_br_pb,2513158,Santa Cecília
city_2513208,base.br,base.state_br_pb,2513208,Santa Cruz
city_2513307,base.br,base.state_br_pb,2513307,Santa Helena
city_2513356,base.br,base.state_br_pb,2513356,Santa Inês
city_2513406,base.br,base.state_br_pb,2513406,Santa Luzia
city_2513703,base.br,base.state_br_pb,2513703,Santa Rita
city_2513802,base.br,base.state_br_pb,2513802,Santa Teresinha
city_2513505,base.br,base.state_br_pb,2513505,Santana de Mangueira
city_2513604,base.br,base.state_br_pb,2513604,Santana dos Garrotes
city_2513851,base.br,base.state_br_pb,2513851,Santo André
city_2513927,base.br,base.state_br_pb,2513927,São Bentinho
city_2513901,base.br,base.state_br_pb,2513901,São Bento
city_2513968,base.br,base.state_br_pb,2513968,São Domingos
city_2513943,base.br,base.state_br_pb,2513943,São Domingos do Cariri
city_2513984,base.br,base.state_br_pb,2513984,São Francisco
city_2514008,base.br,base.state_br_pb,2514008,São João do Cariri
city_2500700,base.br,base.state_br_pb,2500700,São João do Rio do Peixe
city_2514107,base.br,base.state_br_pb,2514107,São João do Tigre
city_2514206,base.br,base.state_br_pb,2514206,São José da Lagoa Tapada
city_2514305,base.br,base.state_br_pb,2514305,São José de Caiana
city_2514404,base.br,base.state_br_pb,2514404,São José de Espinharas
city_2514503,base.br,base.state_br_pb,2514503,São José de Piranhas
city_2514552,base.br,base.state_br_pb,2514552,São José de Princesa
city_2514602,base.br,base.state_br_pb,2514602,São José do Bonfim
city_2514651,base.br,base.state_br_pb,2514651,São José do Brejo do Cruz
city_2514701,base.br,base.state_br_pb,2514701,São José do Sabugi
city_2514800,base.br,base.state_br_pb,2514800,São José dos Cordeiros
city_2514453,base.br,base.state_br_pb,2514453,São José dos Ramos
city_2514909,base.br,base.state_br_pb,2514909,São Mamede
city_2515005,base.br,base.state_br_pb,2515005,São Miguel de Taipu
city_2515104,base.br,base.state_br_pb,2515104,São Sebastião de Lagoa de Roça
city_2515203,base.br,base.state_br_pb,2515203,São Sebastião do Umbuzeiro
city_2515401,base.br,base.state_br_pb,2515401,São Vicente do Seridó
city_2515302,base.br,base.state_br_pb,2515302,Sapé
city_2515500,base.br,base.state_br_pb,2515500,Serra Branca
city_2515609,base.br,base.state_br_pb,2515609,Serra da Raiz
city_2515708,base.br,base.state_br_pb,2515708,Serra Grande
city_2515807,base.br,base.state_br_pb,2515807,Serra Redonda
city_2515906,base.br,base.state_br_pb,2515906,Serraria
city_2515930,base.br,base.state_br_pb,2515930,Sertãozinho
city_2515971,base.br,base.state_br_pb,2515971,Sobrado
city_2516003,base.br,base.state_br_pb,2516003,Solânea
city_2516102,base.br,base.state_br_pb,2516102,Soledade
city_2516151,base.br,base.state_br_pb,2516151,Sossêgo
city_2516201,base.br,base.state_br_pb,2516201,Sousa
city_2516300,base.br,base.state_br_pb,2516300,Sumé
city_2516409,base.br,base.state_br_pb,2516409,Tacima
city_2516508,base.br,base.state_br_pb,2516508,Taperoá
city_2516607,base.br,base.state_br_pb,2516607,Tavares
city_2516706,base.br,base.state_br_pb,2516706,Teixeira
city_2516755,base.br,base.state_br_pb,2516755,Tenório
city_2516805,base.br,base.state_br_pb,2516805,Triunfo
city_2516904,base.br,base.state_br_pb,2516904,Uiraúna
city_2517001,base.br,base.state_br_pb,2517001,Umbuzeiro
city_2517100,base.br,base.state_br_pb,2517100,Várzea
city_2517209,base.br,base.state_br_pb,2517209,Vieirópolis
city_2505501,base.br,base.state_br_pb,2505501,Vista Serrana
city_2517407,base.br,base.state_br_pb,2517407,Zabelê
city_2600054,base.br,base.state_br_pe,2600054,Abreu e Lima
city_2600104,base.br,base.state_br_pe,2600104,Afogados da Ingazeira
city_2600203,base.br,base.state_br_pe,2600203,Afrânio
city_2600302,base.br,base.state_br_pe,2600302,Agrestina
city_2600401,base.br,base.state_br_pe,2600401,Água Preta
city_2600500,base.br,base.state_br_pe,2600500,Águas Belas
city_2600609,base.br,base.state_br_pe,2600609,Alagoinha
city_2600708,base.br,base.state_br_pe,2600708,Aliança
city_2600807,base.br,base.state_br_pe,2600807,Altinho
city_2600906,base.br,base.state_br_pe,2600906,Amaraji
city_2601003,base.br,base.state_br_pe,2601003,Angelim
city_2601052,base.br,base.state_br_pe,2601052,Araçoiaba
city_2601102,base.br,base.state_br_pe,2601102,Araripina
city_2601201,base.br,base.state_br_pe,2601201,Arcoverde
city_2601300,base.br,base.state_br_pe,2601300,Barra de Guabiraba
city_2601409,base.br,base.state_br_pe,2601409,Barreiros
city_2601508,base.br,base.state_br_pe,2601508,Belém de Maria
city_2601607,base.br,base.state_br_pe,2601607,Belém do São Francisco
city_2601706,base.br,base.state_br_pe,2601706,Belo Jardim
city_2601805,base.br,base.state_br_pe,2601805,Betânia
city_2601904,base.br,base.state_br_pe,2601904,Bezerros
city_2602001,base.br,base.state_br_pe,2602001,Bodocó
city_2602100,base.br,base.state_br_pe,2602100,Bom Conselho
city_2602209,base.br,base.state_br_pe,2602209,Bom Jardim
city_2602308,base.br,base.state_br_pe,2602308,Bonito
city_2602407,base.br,base.state_br_pe,2602407,Brejão
city_2602506,base.br,base.state_br_pe,2602506,Brejinho
city_2602605,base.br,base.state_br_pe,2602605,Brejo da Madre de Deus
city_2602704,base.br,base.state_br_pe,2602704,Buenos Aires
city_2602803,base.br,base.state_br_pe,2602803,Buíque
city_2602902,base.br,base.state_br_pe,2602902,Cabo de Santo Agostinho
city_2603009,base.br,base.state_br_pe,2603009,Cabrobó
city_2603108,base.br,base.state_br_pe,2603108,Cachoeirinha
city_2603207,base.br,base.state_br_pe,2603207,Caetés
city_2603306,base.br,base.state_br_pe,2603306,Calçado
city_2603405,base.br,base.state_br_pe,2603405,Calumbi
city_2603454,base.br,base.state_br_pe,2603454,Camaragibe
city_2603504,base.br,base.state_br_pe,2603504,Camocim de São Félix
city_2603603,base.br,base.state_br_pe,2603603,Camutanga
city_2603702,base.br,base.state_br_pe,2603702,Canhotinho
city_2603801,base.br,base.state_br_pe,2603801,Capoeiras
city_2603900,base.br,base.state_br_pe,2603900,Carnaíba
city_2603926,base.br,base.state_br_pe,2603926,Carnaubeira da Penha
city_2604007,base.br,base.state_br_pe,2604007,Carpina
city_2604106,base.br,base.state_br_pe,2604106,Caruaru
city_2604155,base.br,base.state_br_pe,2604155,Casinhas
city_2604205,base.br,base.state_br_pe,2604205,Catende
city_2604304,base.br,base.state_br_pe,2604304,Cedro
city_2604403,base.br,base.state_br_pe,2604403,Chã de Alegria
city_2604502,base.br,base.state_br_pe,2604502,Chã Grande
city_2604601,base.br,base.state_br_pe,2604601,Condado
city_2604700,base.br,base.state_br_pe,2604700,Correntes
city_2604809,base.br,base.state_br_pe,2604809,Cortês
city_2604908,base.br,base.state_br_pe,2604908,Cumaru
city_2605004,base.br,base.state_br_pe,2605004,Cupira
city_2605103,base.br,base.state_br_pe,2605103,Custódia
city_2605152,base.br,base.state_br_pe,2605152,Dormentes
city_2605202,base.br,base.state_br_pe,2605202,Escada
city_2605301,base.br,base.state_br_pe,2605301,Exu
city_2605400,base.br,base.state_br_pe,2605400,Feira Nova
city_2605459,base.br,base.state_br_pe,2605459,Fernando de Noronha
city_2605509,base.br,base.state_br_pe,2605509,Ferreiros
city_2605608,base.br,base.state_br_pe,2605608,Flores
city_2605707,base.br,base.state_br_pe,2605707,Floresta
city_2605806,base.br,base.state_br_pe,2605806,Frei Miguelinho
city_2605905,base.br,base.state_br_pe,2605905,Gameleira
city_2606002,base.br,base.state_br_pe,2606002,Garanhuns
city_2606101,base.br,base.state_br_pe,2606101,Glória do Goitá
city_2606200,base.br,base.state_br_pe,2606200,Goiana
city_2606309,base.br,base.state_br_pe,2606309,Granito
city_2606408,base.br,base.state_br_pe,2606408,Gravatá
city_2606507,base.br,base.state_br_pe,2606507,Iati
city_2606606,base.br,base.state_br_pe,2606606,Ibimirim
city_2606705,base.br,base.state_br_pe,2606705,Ibirajuba
city_2606804,base.br,base.state_br_pe,2606804,Igarassu
city_2606903,base.br,base.state_br_pe,2606903,Iguaracy
city_2607604,base.br,base.state_br_pe,2607604,Ilha de Itamaracá
city_2607000,base.br,base.state_br_pe,2607000,Inajá
city_2607109,base.br,base.state_br_pe,2607109,Ingazeira
city_2607208,base.br,base.state_br_pe,2607208,Ipojuca
city_2607307,base.br,base.state_br_pe,2607307,Ipubi
city_2607406,base.br,base.state_br_pe,2607406,Itacuruba
city_2607505,base.br,base.state_br_pe,2607505,Itaíba
city_2607653,base.br,base.state_br_pe,2607653,Itambé
city_2607703,base.br,base.state_br_pe,2607703,Itapetim
city_2607752,base.br,base.state_br_pe,2607752,Itapissuma
city_2607802,base.br,base.state_br_pe,2607802,Itaquitinga
city_2607901,base.br,base.state_br_pe,2607901,Jaboatão dos Guararapes
city_2607950,base.br,base.state_br_pe,2607950,Jaqueira
city_2608008,base.br,base.state_br_pe,2608008,Jataúba
city_2608057,base.br,base.state_br_pe,2608057,Jatobá
city_2608107,base.br,base.state_br_pe,2608107,João Alfredo
city_2608206,base.br,base.state_br_pe,2608206,Joaquim Nabuco
city_2608255,base.br,base.state_br_pe,2608255,Jucati
city_2608305,base.br,base.state_br_pe,2608305,Jupi
city_2608404,base.br,base.state_br_pe,2608404,Jurema
city_2608503,base.br,base.state_br_pe,2608503,Lagoa de Itaenga
city_2608453,base.br,base.state_br_pe,2608453,Lagoa do Carro
city_2608602,base.br,base.state_br_pe,2608602,Lagoa do Ouro
city_2608701,base.br,base.state_br_pe,2608701,Lagoa dos Gatos
city_2608750,base.br,base.state_br_pe,2608750,Lagoa Grande
city_2608800,base.br,base.state_br_pe,2608800,Lajedo
city_2608909,base.br,base.state_br_pe,2608909,Limoeiro
city_2609006,base.br,base.state_br_pe,2609006,Macaparana
city_2609105,base.br,base.state_br_pe,2609105,Machados
city_2609154,base.br,base.state_br_pe,2609154,Manari
city_2609204,base.br,base.state_br_pe,2609204,Maraial
city_2609303,base.br,base.state_br_pe,2609303,Mirandiba
city_2614303,base.br,base.state_br_pe,2614303,Moreilândia
city_2609402,base.br,base.state_br_pe,2609402,Moreno
city_2609501,base.br,base.state_br_pe,2609501,Nazaré da Mata
city_2609600,base.br,base.state_br_pe,2609600,Olinda
city_2609709,base.br,base.state_br_pe,2609709,Orobó
city_2609808,base.br,base.state_br_pe,2609808,Orocó
city_2609907,base.br,base.state_br_pe,2609907,Ouricuri
city_2610004,base.br,base.state_br_pe,2610004,Palmares
city_2610103,base.br,base.state_br_pe,2610103,Palmeirina
city_2610202,base.br,base.state_br_pe,2610202,Panelas
city_2610301,base.br,base.state_br_pe,2610301,Paranatama
city_2610400,base.br,base.state_br_pe,2610400,Parnamirim
city_2610509,base.br,base.state_br_pe,2610509,Passira
city_2610608,base.br,base.state_br_pe,2610608,Paudalho
city_2610707,base.br,base.state_br_pe,2610707,Paulista
city_2610806,base.br,base.state_br_pe,2610806,Pedra
city_2610905,base.br,base.state_br_pe,2610905,Pesqueira
city_2611002,base.br,base.state_br_pe,2611002,Petrolândia
city_2611101,base.br,base.state_br_pe,2611101,Petrolina
city_2611200,base.br,base.state_br_pe,2611200,Poção
city_2611309,base.br,base.state_br_pe,2611309,Pombos
city_2611408,base.br,base.state_br_pe,2611408,Primavera
city_2611507,base.br,base.state_br_pe,2611507,Quipapá
city_2611533,base.br,base.state_br_pe,2611533,Quixaba
city_2611606,base.br,base.state_br_pe,2611606,Recife
city_2611705,base.br,base.state_br_pe,2611705,Riacho das Almas
city_2611804,base.br,base.state_br_pe,2611804,Ribeirão
city_2611903,base.br,base.state_br_pe,2611903,Rio Formoso
city_2612000,base.br,base.state_br_pe,2612000,Sairé
city_2612109,base.br,base.state_br_pe,2612109,Salgadinho
city_2612208,base.br,base.state_br_pe,2612208,Salgueiro
city_2612307,base.br,base.state_br_pe,2612307,Saloá
city_2612406,base.br,base.state_br_pe,2612406,Sanharó
city_2612455,base.br,base.state_br_pe,2612455,Santa Cruz
city_2612471,base.br,base.state_br_pe,2612471,Santa Cruz da Baixa Verde
city_2612505,base.br,base.state_br_pe,2612505,Santa Cruz do Capibaribe
city_2612554,base.br,base.state_br_pe,2612554,Santa Filomena
city_2612604,base.br,base.state_br_pe,2612604,Santa Maria da Boa Vista
city_2612703,base.br,base.state_br_pe,2612703,Santa Maria do Cambucá
city_2612802,base.br,base.state_br_pe,2612802,Santa Terezinha
city_2612901,base.br,base.state_br_pe,2612901,São Benedito do Sul
city_2613008,base.br,base.state_br_pe,2613008,São Bento do Una
city_2613107,base.br,base.state_br_pe,2613107,São Caitano
city_2613206,base.br,base.state_br_pe,2613206,São João
city_2613305,base.br,base.state_br_pe,2613305,São Joaquim do Monte
city_2613404,base.br,base.state_br_pe,2613404,São José da Coroa Grande
city_2613503,base.br,base.state_br_pe,2613503,São José do Belmonte
city_2613602,base.br,base.state_br_pe,2613602,São José do Egito
city_2613701,base.br,base.state_br_pe,2613701,São Lourenço da Mata
city_2613800,base.br,base.state_br_pe,2613800,São Vicente Férrer
city_2613909,base.br,base.state_br_pe,2613909,Serra Talhada
city_2614006,base.br,base.state_br_pe,2614006,Serrita
city_2614105,base.br,base.state_br_pe,2614105,Sertânia
city_2614204,base.br,base.state_br_pe,2614204,Sirinhaém
city_2614402,base.br,base.state_br_pe,2614402,Solidão
city_2614501,base.br,base.state_br_pe,2614501,Surubim
city_2614600,base.br,base.state_br_pe,2614600,Tabira
city_2614709,base.br,base.state_br_pe,2614709,Tacaimbó
city_2614808,base.br,base.state_br_pe,2614808,Tacaratu
city_2614857,base.br,base.state_br_pe,2614857,Tamandaré
city_2615003,base.br,base.state_br_pe,2615003,Taquaritinga do Norte
city_2615102,base.br,base.state_br_pe,2615102,Terezinha
city_2615201,base.br,base.state_br_pe,2615201,Terra Nova
city_2615300,base.br,base.state_br_pe,2615300,Timbaúba
city_2615409,base.br,base.state_br_pe,2615409,Toritama
city_2615508,base.br,base.state_br_pe,2615508,Tracunhaém
city_2615607,base.br,base.state_br_pe,2615607,Trindade
city_2615706,base.br,base.state_br_pe,2615706,Triunfo
city_2615805,base.br,base.state_br_pe,2615805,Tupanatinga
city_2615904,base.br,base.state_br_pe,2615904,Tuparetama
city_2616001,base.br,base.state_br_pe,2616001,Venturosa
city_2616100,base.br,base.state_br_pe,2616100,Verdejante
city_2616183,base.br,base.state_br_pe,2616183,Vertente do Lério
city_2616209,base.br,base.state_br_pe,2616209,Vertentes
city_2616308,base.br,base.state_br_pe,2616308,Vicência
city_2616407,base.br,base.state_br_pe,2616407,Vitória de Santo Antão
city_2616506,base.br,base.state_br_pe,2616506,Xexéu
city_2700102,base.br,base.state_br_al,2700102,Água Branca
city_2700201,base.br,base.state_br_al,2700201,Anadia
city_2700300,base.br,base.state_br_al,2700300,Arapiraca
city_2700409,base.br,base.state_br_al,2700409,Atalaia
city_2700508,base.br,base.state_br_al,2700508,Barra de Santo Antônio
city_2700607,base.br,base.state_br_al,2700607,Barra de São Miguel
city_2700706,base.br,base.state_br_al,2700706,Batalha
city_2700805,base.br,base.state_br_al,2700805,Belém
city_2700904,base.br,base.state_br_al,2700904,Belo Monte
city_2701001,base.br,base.state_br_al,2701001,Boca da Mata
city_2701100,base.br,base.state_br_al,2701100,Branquinha
city_2701209,base.br,base.state_br_al,2701209,Cacimbinhas
city_2701308,base.br,base.state_br_al,2701308,Cajueiro
city_2701357,base.br,base.state_br_al,2701357,Campestre
city_2701407,base.br,base.state_br_al,2701407,Campo Alegre
city_2701506,base.br,base.state_br_al,2701506,Campo Grande
city_2701605,base.br,base.state_br_al,2701605,Canapi
city_2701704,base.br,base.state_br_al,2701704,Capela
city_2701803,base.br,base.state_br_al,2701803,Carneiros
city_2701902,base.br,base.state_br_al,2701902,Chã Preta
city_2702009,base.br,base.state_br_al,2702009,Coité do Nóia
city_2702108,base.br,base.state_br_al,2702108,Colônia Leopoldina
city_2702207,base.br,base.state_br_al,2702207,Coqueiro Seco
city_2702306,base.br,base.state_br_al,2702306,Coruripe
city_2702355,base.br,base.state_br_al,2702355,Craíbas
city_2702405,base.br,base.state_br_al,2702405,Delmiro Gouveia
city_2702504,base.br,base.state_br_al,2702504,Dois Riachos
city_2702553,base.br,base.state_br_al,2702553,Estrela de Alagoas
city_2702603,base.br,base.state_br_al,2702603,Feira Grande
city_2702702,base.br,base.state_br_al,2702702,Feliz Deserto
city_2702801,base.br,base.state_br_al,2702801,Flexeiras
city_2702900,base.br,base.state_br_al,2702900,Girau do Ponciano
city_2703007,base.br,base.state_br_al,2703007,Ibateguara
city_2703106,base.br,base.state_br_al,2703106,Igaci
city_2703205,base.br,base.state_br_al,2703205,Igreja Nova
city_2703304,base.br,base.state_br_al,2703304,Inhapi
city_2703403,base.br,base.state_br_al,2703403,Jacaré dos Homens
city_2703502,base.br,base.state_br_al,2703502,Jacuípe
city_2703601,base.br,base.state_br_al,2703601,Japaratinga
city_2703700,base.br,base.state_br_al,2703700,Jaramataia
city_2703759,base.br,base.state_br_al,2703759,Jequiá da Praia
city_2703809,base.br,base.state_br_al,2703809,Joaquim Gomes
city_2703908,base.br,base.state_br_al,2703908,Jundiá
city_2704005,base.br,base.state_br_al,2704005,Junqueiro
city_2704104,base.br,base.state_br_al,2704104,Lagoa da Canoa
city_2704203,base.br,base.state_br_al,2704203,Limoeiro de Anadia
city_2704302,base.br,base.state_br_al,2704302,Maceió
city_2704401,base.br,base.state_br_al,2704401,Major Isidoro
city_2704906,base.br,base.state_br_al,2704906,Mar Vermelho
city_2704500,base.br,base.state_br_al,2704500,Maragogi
city_2704609,base.br,base.state_br_al,2704609,Maravilha
city_2704708,base.br,base.state_br_al,2704708,Marechal Deodoro
city_2704807,base.br,base.state_br_al,2704807,Maribondo
city_2705002,base.br,base.state_br_al,2705002,Mata Grande
city_2705101,base.br,base.state_br_al,2705101,Matriz de Camaragibe
city_2705200,base.br,base.state_br_al,2705200,Messias
city_2705309,base.br,base.state_br_al,2705309,Minador do Negrão
city_2705408,base.br,base.state_br_al,2705408,Monteirópolis
city_2705507,base.br,base.state_br_al,2705507,Murici
city_2705606,base.br,base.state_br_al,2705606,Novo Lino
city_2705705,base.br,base.state_br_al,2705705,Olho d'Água das Flores
city_2705804,base.br,base.state_br_al,2705804,Olho d'Água do Casado
city_2705903,base.br,base.state_br_al,2705903,Olho d'Água Grande
city_2706000,base.br,base.state_br_al,2706000,Olivença
city_2706109,base.br,base.state_br_al,2706109,Ouro Branco
city_2706208,base.br,base.state_br_al,2706208,Palestina
city_2706307,base.br,base.state_br_al,2706307,Palmeira dos Índios
city_2706406,base.br,base.state_br_al,2706406,Pão de Açúcar
city_2706422,base.br,base.state_br_al,2706422,Pariconha
city_2706448,base.br,base.state_br_al,2706448,Paripueira
city_2706505,base.br,base.state_br_al,2706505,Passo de Camaragibe
city_2706604,base.br,base.state_br_al,2706604,Paulo Jacinto
city_2706703,base.br,base.state_br_al,2706703,Penedo
city_2706802,base.br,base.state_br_al,2706802,Piaçabuçu
city_2706901,base.br,base.state_br_al,2706901,Pilar
city_2707008,base.br,base.state_br_al,2707008,Pindoba
city_2707107,base.br,base.state_br_al,2707107,Piranhas
city_2707206,base.br,base.state_br_al,2707206,Poço das Trincheiras
city_2707305,base.br,base.state_br_al,2707305,Porto Calvo
city_2707404,base.br,base.state_br_al,2707404,Porto de Pedras
city_2707503,base.br,base.state_br_al,2707503,Porto Real do Colégio
city_2707602,base.br,base.state_br_al,2707602,Quebrangulo
city_2707701,base.br,base.state_br_al,2707701,Rio Largo
city_2707800,base.br,base.state_br_al,2707800,Roteiro
city_2707909,base.br,base.state_br_al,2707909,Santa Luzia do Norte
city_2708006,base.br,base.state_br_al,2708006,Santana do Ipanema
city_2708105,base.br,base.state_br_al,2708105,Santana do Mundaú
city_2708204,base.br,base.state_br_al,2708204,São Brás
city_2708303,base.br,base.state_br_al,2708303,São José da Laje
city_2708402,base.br,base.state_br_al,2708402,São José da Tapera
city_2708501,base.br,base.state_br_al,2708501,São Luís do Quitunde
city_2708600,base.br,base.state_br_al,2708600,São Miguel dos Campos
city_2708709,base.br,base.state_br_al,2708709,São Miguel dos Milagres
city_2708808,base.br,base.state_br_al,2708808,São Sebastião
city_2708907,base.br,base.state_br_al,2708907,Satuba
city_2708956,base.br,base.state_br_al,2708956,Senador Rui Palmeira
city_2709004,base.br,base.state_br_al,2709004,Tanque d'Arca
city_2709103,base.br,base.state_br_al,2709103,Taquarana
city_2709152,base.br,base.state_br_al,2709152,Teotônio Vilela
city_2709202,base.br,base.state_br_al,2709202,Traipu
city_2709301,base.br,base.state_br_al,2709301,União dos Palmares
city_2709400,base.br,base.state_br_al,2709400,Viçosa
city_2800100,base.br,base.state_br_se,2800100,Amparo do São Francisco
city_2800209,base.br,base.state_br_se,2800209,Aquidabã
city_2800308,base.br,base.state_br_se,2800308,Aracaju
city_2800407,base.br,base.state_br_se,2800407,Arauá
city_2800506,base.br,base.state_br_se,2800506,Areia Branca
city_2800605,base.br,base.state_br_se,2800605,Barra dos Coqueiros
city_2800670,base.br,base.state_br_se,2800670,Boquim
city_2800704,base.br,base.state_br_se,2800704,Brejo Grande
city_2801009,base.br,base.state_br_se,2801009,Campo do Brito
city_2801108,base.br,base.state_br_se,2801108,Canhoba
city_2801207,base.br,base.state_br_se,2801207,Canindé de São Francisco
city_2801306,base.br,base.state_br_se,2801306,Capela
city_2801405,base.br,base.state_br_se,2801405,Carira
city_2801504,base.br,base.state_br_se,2801504,Carmópolis
city_2801603,base.br,base.state_br_se,2801603,Cedro de São João
city_2801702,base.br,base.state_br_se,2801702,Cristinápolis
city_2801900,base.br,base.state_br_se,2801900,Cumbe
city_2802007,base.br,base.state_br_se,2802007,Divina Pastora
city_2802106,base.br,base.state_br_se,2802106,Estância
city_2802205,base.br,base.state_br_se,2802205,Feira Nova
city_2802304,base.br,base.state_br_se,2802304,Frei Paulo
city_2802403,base.br,base.state_br_se,2802403,Gararu
city_2802502,base.br,base.state_br_se,2802502,General Maynard
city_2802601,base.br,base.state_br_se,2802601,Graccho Cardoso
city_2802700,base.br,base.state_br_se,2802700,Ilha das Flores
city_2802809,base.br,base.state_br_se,2802809,Indiaroba
city_2802908,base.br,base.state_br_se,2802908,Itabaiana
city_2803005,base.br,base.state_br_se,2803005,Itabaianinha
city_2803104,base.br,base.state_br_se,2803104,Itabi
city_2803203,base.br,base.state_br_se,2803203,Itaporanga d'Ajuda
city_2803302,base.br,base.state_br_se,2803302,Japaratuba
city_2803401,base.br,base.state_br_se,2803401,Japoatã
city_2803500,base.br,base.state_br_se,2803500,Lagarto
city_2803609,base.br,base.state_br_se,2803609,Laranjeiras
city_2803708,base.br,base.state_br_se,2803708,Macambira
city_2803807,base.br,base.state_br_se,2803807,Malhada dos Bois
city_2803906,base.br,base.state_br_se,2803906,Malhador
city_2804003,base.br,base.state_br_se,2804003,Maruim
city_2804102,base.br,base.state_br_se,2804102,Moita Bonita
city_2804201,base.br,base.state_br_se,2804201,Monte Alegre de Sergipe
city_2804300,base.br,base.state_br_se,2804300,Muribeca
city_2804409,base.br,base.state_br_se,2804409,Neópolis
city_2804458,base.br,base.state_br_se,2804458,Nossa Senhora Aparecida
city_2804508,base.br,base.state_br_se,2804508,Nossa Senhora da Glória
city_2804607,base.br,base.state_br_se,2804607,Nossa Senhora das Dores
city_2804706,base.br,base.state_br_se,2804706,Nossa Senhora de Lourdes
city_2804805,base.br,base.state_br_se,2804805,Nossa Senhora do Socorro
city_2804904,base.br,base.state_br_se,2804904,Pacatuba
city_2805000,base.br,base.state_br_se,2805000,Pedra Mole
city_2805109,base.br,base.state_br_se,2805109,Pedrinhas
city_2805208,base.br,base.state_br_se,2805208,Pinhão
city_2805307,base.br,base.state_br_se,2805307,Pirambu
city_2805406,base.br,base.state_br_se,2805406,Poço Redondo
city_2805505,base.br,base.state_br_se,2805505,Poço Verde
city_2805604,base.br,base.state_br_se,2805604,Porto da Folha
city_2805703,base.br,base.state_br_se,2805703,Propriá
city_2805802,base.br,base.state_br_se,2805802,Riachão do Dantas
city_2805901,base.br,base.state_br_se,2805901,Riachuelo
city_2806008,base.br,base.state_br_se,2806008,Ribeirópolis
city_2806107,base.br,base.state_br_se,2806107,Rosário do Catete
city_2806206,base.br,base.state_br_se,2806206,Salgado
city_2806305,base.br,base.state_br_se,2806305,Santa Luzia do Itanhy
city_2806503,base.br,base.state_br_se,2806503,Santa Rosa de Lima
city_2806404,base.br,base.state_br_se,2806404,Santana do São Francisco
city_2806602,base.br,base.state_br_se,2806602,Santo Amaro das Brotas
city_2806701,base.br,base.state_br_se,2806701,São Cristóvão
city_2806800,base.br,base.state_br_se,2806800,São Domingos
city_2806909,base.br,base.state_br_se,2806909,São Francisco
city_2807006,base.br,base.state_br_se,2807006,São Miguel do Aleixo
city_2807105,base.br,base.state_br_se,2807105,Simão Dias
city_2807204,base.br,base.state_br_se,2807204,Siriri
city_2807303,base.br,base.state_br_se,2807303,Telha
city_2807402,base.br,base.state_br_se,2807402,Tobias Barreto
city_2807501,base.br,base.state_br_se,2807501,Tomar do Geru
city_2807600,base.br,base.state_br_se,2807600,Umbaúba
city_2900108,base.br,base.state_br_ba,2900108,Abaíra
city_2900207,base.br,base.state_br_ba,2900207,Abaré
city_2900306,base.br,base.state_br_ba,2900306,Acajutiba
city_2900355,base.br,base.state_br_ba,2900355,Adustina
city_2900405,base.br,base.state_br_ba,2900405,Água Fria
city_2900603,base.br,base.state_br_ba,2900603,Aiquara
city_2900702,base.br,base.state_br_ba,2900702,Alagoinhas
city_2900801,base.br,base.state_br_ba,2900801,Alcobaça
city_2900900,base.br,base.state_br_ba,2900900,Almadina
city_2901007,base.br,base.state_br_ba,2901007,Amargosa
city_2901106,base.br,base.state_br_ba,2901106,Amélia Rodrigues
city_2901155,base.br,base.state_br_ba,2901155,América Dourada
city_2901205,base.br,base.state_br_ba,2901205,Anagé
city_2901304,base.br,base.state_br_ba,2901304,Andaraí
city_2901353,base.br,base.state_br_ba,2901353,Andorinha
city_2901403,base.br,base.state_br_ba,2901403,Angical
city_2901502,base.br,base.state_br_ba,2901502,Anguera
city_2901601,base.br,base.state_br_ba,2901601,Antas
city_2901700,base.br,base.state_br_ba,2901700,Antônio Cardoso
city_2901809,base.br,base.state_br_ba,2901809,Antônio Gonçalves
city_2901908,base.br,base.state_br_ba,2901908,Aporá
city_2901957,base.br,base.state_br_ba,2901957,Apuarema
city_2902054,base.br,base.state_br_ba,2902054,Araçás
city_2902005,base.br,base.state_br_ba,2902005,Aracatu
city_2902104,base.br,base.state_br_ba,2902104,Araci
city_2902203,base.br,base.state_br_ba,2902203,Aramari
city_2902252,base.br,base.state_br_ba,2902252,Arataca
city_2902302,base.br,base.state_br_ba,2902302,Aratuípe
city_2902401,base.br,base.state_br_ba,2902401,Aurelino Leal
city_2902500,base.br,base.state_br_ba,2902500,Baianópolis
city_2902609,base.br,base.state_br_ba,2902609,Baixa Grande
city_2902658,base.br,base.state_br_ba,2902658,Banzaê
city_2902708,base.br,base.state_br_ba,2902708,Barra
city_2902807,base.br,base.state_br_ba,2902807,Barra da Estiva
city_2902906,base.br,base.state_br_ba,2902906,Barra do Choça
city_2903003,base.br,base.state_br_ba,2903003,Barra do Mendes
city_2903102,base.br,base.state_br_ba,2903102,Barra do Rocha
city_2903201,base.br,base.state_br_ba,2903201,Barreiras
city_2903235,base.br,base.state_br_ba,2903235,Barro Alto
city_2903300,base.br,base.state_br_ba,2903300,Barro Preto
city_2903276,base.br,base.state_br_ba,2903276,Barrocas
city_2903409,base.br,base.state_br_ba,2903409,Belmonte
city_2903508,base.br,base.state_br_ba,2903508,Belo Campo
city_2903607,base.br,base.state_br_ba,2903607,Biritinga
city_2903706,base.br,base.state_br_ba,2903706,Boa Nova
city_2903805,base.br,base.state_br_ba,2903805,Boa Vista do Tupim
city_2903904,base.br,base.state_br_ba,2903904,Bom Jesus da Lapa
city_2903953,base.br,base.state_br_ba,2903953,Bom Jesus da Serra
city_2904001,base.br,base.state_br_ba,2904001,Boninal
city_2904050,base.br,base.state_br_ba,2904050,Bonito
city_2904100,base.br,base.state_br_ba,2904100,Boquira
city_2904209,base.br,base.state_br_ba,2904209,Botuporã
city_2904308,base.br,base.state_br_ba,2904308,Brejões
city_2904407,base.br,base.state_br_ba,2904407,Brejolândia
city_2904506,base.br,base.state_br_ba,2904506,Brotas de Macaúbas
city_2904605,base.br,base.state_br_ba,2904605,Brumado
city_2904704,base.br,base.state_br_ba,2904704,Buerarema
city_2904753,base.br,base.state_br_ba,2904753,Buritirama
city_2904803,base.br,base.state_br_ba,2904803,Caatiba
city_2904852,base.br,base.state_br_ba,2904852,Cabaceiras do Paraguaçu
city_2904902,base.br,base.state_br_ba,2904902,Cachoeira
city_2905008,base.br,base.state_br_ba,2905008,Caculé
city_2905107,base.br,base.state_br_ba,2905107,Caém
city_2905156,base.br,base.state_br_ba,2905156,Caetanos
city_2905206,base.br,base.state_br_ba,2905206,Caetité
city_2905305,base.br,base.state_br_ba,2905305,Cafarnaum
city_2905404,base.br,base.state_br_ba,2905404,Cairu
city_2905503,base.br,base.state_br_ba,2905503,Caldeirão Grande
city_2905602,base.br,base.state_br_ba,2905602,Camacan
city_2905701,base.br,base.state_br_ba,2905701,Camaçari
city_2905800,base.br,base.state_br_ba,2905800,Camamu
city_2905909,base.br,base.state_br_ba,2905909,Campo Alegre de Lourdes
city_2906006,base.br,base.state_br_ba,2906006,Campo Formoso
city_2906105,base.br,base.state_br_ba,2906105,Canápolis
city_2906204,base.br,base.state_br_ba,2906204,Canarana
city_2906303,base.br,base.state_br_ba,2906303,Canavieiras
city_2906402,base.br,base.state_br_ba,2906402,Candeal
city_2906501,base.br,base.state_br_ba,2906501,Candeias
city_2906600,base.br,base.state_br_ba,2906600,Candiba
city_2906709,base.br,base.state_br_ba,2906709,Cândido Sales
city_2906808,base.br,base.state_br_ba,2906808,Cansanção
city_2906824,base.br,base.state_br_ba,2906824,Canudos
city_2906857,base.br,base.state_br_ba,2906857,Capela do Alto Alegre
city_2906873,base.br,base.state_br_ba,2906873,Capim Grosso
city_2906899,base.br,base.state_br_ba,2906899,Caraíbas
city_2906907,base.br,base.state_br_ba,2906907,Caravelas
city_2907004,base.br,base.state_br_ba,2907004,Cardeal da Silva
city_2907103,base.br,base.state_br_ba,2907103,Carinhanha
city_2907202,base.br,base.state_br_ba,2907202,Casa Nova
city_2907301,base.br,base.state_br_ba,2907301,Castro Alves
city_2907400,base.br,base.state_br_ba,2907400,Catolândia
city_2907509,base.br,base.state_br_ba,2907509,Catu
city_2907558,base.br,base.state_br_ba,2907558,Caturama
city_2907608,base.br,base.state_br_ba,2907608,Central
city_2907707,base.br,base.state_br_ba,2907707,Chorrochó
city_2907806,base.br,base.state_br_ba,2907806,Cícero Dantas
city_2907905,base.br,base.state_br_ba,2907905,Cipó
city_2908002,base.br,base.state_br_ba,2908002,Coaraci
city_2908101,base.br,base.state_br_ba,2908101,Cocos
city_2908200,base.br,base.state_br_ba,2908200,Conceição da Feira
city_2908309,base.br,base.state_br_ba,2908309,Conceição do Almeida
city_2908408,base.br,base.state_br_ba,2908408,Conceição do Coité
city_2908507,base.br,base.state_br_ba,2908507,Conceição do Jacuípe
city_2908606,base.br,base.state_br_ba,2908606,Conde
city_2908705,base.br,base.state_br_ba,2908705,Condeúba
city_2908804,base.br,base.state_br_ba,2908804,Contendas do Sincorá
city_2908903,base.br,base.state_br_ba,2908903,Coração de Maria
city_2909000,base.br,base.state_br_ba,2909000,Cordeiros
city_2909109,base.br,base.state_br_ba,2909109,Coribe
city_2909208,base.br,base.state_br_ba,2909208,Coronel João Sá
city_2909307,base.br,base.state_br_ba,2909307,Correntina
city_2909406,base.br,base.state_br_ba,2909406,Cotegipe
city_2909505,base.br,base.state_br_ba,2909505,Cravolândia
city_2909604,base.br,base.state_br_ba,2909604,Crisópolis
city_2909703,base.br,base.state_br_ba,2909703,Cristópolis
city_2909802,base.br,base.state_br_ba,2909802,Cruz das Almas
city_2909901,base.br,base.state_br_ba,2909901,Curaçá
city_2910008,base.br,base.state_br_ba,2910008,Dário Meira
city_2910057,base.br,base.state_br_ba,2910057,Dias d'Ávila
city_2910107,base.br,base.state_br_ba,2910107,Dom Basílio
city_2910206,base.br,base.state_br_ba,2910206,Dom Macedo Costa
city_2910305,base.br,base.state_br_ba,2910305,Elísio Medrado
city_2910404,base.br,base.state_br_ba,2910404,Encruzilhada
city_2910503,base.br,base.state_br_ba,2910503,Entre Rios
city_2900504,base.br,base.state_br_ba,2900504,Érico Cardoso
city_2910602,base.br,base.state_br_ba,2910602,Esplanada
city_2910701,base.br,base.state_br_ba,2910701,Euclides da Cunha
city_2910727,base.br,base.state_br_ba,2910727,Eunápolis
city_2910750,base.br,base.state_br_ba,2910750,Fátima
city_2910776,base.br,base.state_br_ba,2910776,Feira da Mata
city_2910800,base.br,base.state_br_ba,2910800,Feira de Santana
city_2910859,base.br,base.state_br_ba,2910859,Filadélfia
city_2910909,base.br,base.state_br_ba,2910909,Firmino Alves
city_2911006,base.br,base.state_br_ba,2911006,Floresta Azul
city_2911105,base.br,base.state_br_ba,2911105,Formosa do Rio Preto
city_2911204,base.br,base.state_br_ba,2911204,Gandu
city_2911253,base.br,base.state_br_ba,2911253,Gavião
city_2911303,base.br,base.state_br_ba,2911303,Gentio do Ouro
city_2911402,base.br,base.state_br_ba,2911402,Glória
city_2911501,base.br,base.state_br_ba,2911501,Gongogi
city_2911600,base.br,base.state_br_ba,2911600,Governador Mangabeira
city_2911659,base.br,base.state_br_ba,2911659,Guajeru
city_2911709,base.br,base.state_br_ba,2911709,Guanambi
city_2911808,base.br,base.state_br_ba,2911808,Guaratinga
city_2911857,base.br,base.state_br_ba,2911857,Heliópolis
city_2911907,base.br,base.state_br_ba,2911907,Iaçu
city_2912004,base.br,base.state_br_ba,2912004,Ibiassucê
city_2912103,base.br,base.state_br_ba,2912103,Ibicaraí
city_2912202,base.br,base.state_br_ba,2912202,Ibicoara
city_2912301,base.br,base.state_br_ba,2912301,Ibicuí
city_2912400,base.br,base.state_br_ba,2912400,Ibipeba
city_2912509,base.br,base.state_br_ba,2912509,Ibipitanga
city_2912608,base.br,base.state_br_ba,2912608,Ibiquera
city_2912707,base.br,base.state_br_ba,2912707,Ibirapitanga
city_2912806,base.br,base.state_br_ba,2912806,Ibirapuã
city_2912905,base.br,base.state_br_ba,2912905,Ibirataia
city_2913002,base.br,base.state_br_ba,2913002,Ibitiara
city_2913101,base.br,base.state_br_ba,2913101,Ibititá
city_2913200,base.br,base.state_br_ba,2913200,Ibotirama
city_2913309,base.br,base.state_br_ba,2913309,Ichu
city_2913408,base.br,base.state_br_ba,2913408,Igaporã
city_2913457,base.br,base.state_br_ba,2913457,Igrapiúna
city_2913507,base.br,base.state_br_ba,2913507,Iguaí
city_2913606,base.br,base.state_br_ba,2913606,Ilhéus
city_2913705,base.br,base.state_br_ba,2913705,Inhambupe
city_2913804,base.br,base.state_br_ba,2913804,Ipecaetá
city_2913903,base.br,base.state_br_ba,2913903,Ipiaú
city_2914000,base.br,base.state_br_ba,2914000,Ipirá
city_2914109,base.br,base.state_br_ba,2914109,Ipupiara
city_2914208,base.br,base.state_br_ba,2914208,Irajuba
city_2914307,base.br,base.state_br_ba,2914307,Iramaia
city_2914406,base.br,base.state_br_ba,2914406,Iraquara
city_2914505,base.br,base.state_br_ba,2914505,Irará
city_2914604,base.br,base.state_br_ba,2914604,Irecê
city_2914653,base.br,base.state_br_ba,2914653,Itabela
city_2914703,base.br,base.state_br_ba,2914703,Itaberaba
city_2914802,base.br,base.state_br_ba,2914802,Itabuna
city_2914901,base.br,base.state_br_ba,2914901,Itacaré
city_2915007,base.br,base.state_br_ba,2915007,Itaeté
city_2915106,base.br,base.state_br_ba,2915106,Itagi
city_2915205,base.br,base.state_br_ba,2915205,Itagibá
city_2915304,base.br,base.state_br_ba,2915304,Itagimirim
city_2915353,base.br,base.state_br_ba,2915353,Itaguaçu da Bahia
city_2915403,base.br,base.state_br_ba,2915403,Itaju do Colônia
city_2915502,base.br,base.state_br_ba,2915502,Itajuípe
city_2915601,base.br,base.state_br_ba,2915601,Itamaraju
city_2915700,base.br,base.state_br_ba,2915700,Itamari
city_2915809,base.br,base.state_br_ba,2915809,Itambé
city_2915908,base.br,base.state_br_ba,2915908,Itanagra
city_2916005,base.br,base.state_br_ba,2916005,Itanhém
city_2916104,base.br,base.state_br_ba,2916104,Itaparica
city_2916203,base.br,base.state_br_ba,2916203,Itapé
city_2916302,base.br,base.state_br_ba,2916302,Itapebi
city_2916401,base.br,base.state_br_ba,2916401,Itapetinga
city_2916500,base.br,base.state_br_ba,2916500,Itapicuru
city_2916609,base.br,base.state_br_ba,2916609,Itapitanga
city_2916708,base.br,base.state_br_ba,2916708,Itaquara
city_2916807,base.br,base.state_br_ba,2916807,Itarantim
city_2916856,base.br,base.state_br_ba,2916856,Itatim
city_2916906,base.br,base.state_br_ba,2916906,Itiruçu
city_2917003,base.br,base.state_br_ba,2917003,Itiúba
city_2917102,base.br,base.state_br_ba,2917102,Itororó
city_2917201,base.br,base.state_br_ba,2917201,Ituaçu
city_2917300,base.br,base.state_br_ba,2917300,Ituberá
city_2917334,base.br,base.state_br_ba,2917334,Iuiu
city_2917359,base.br,base.state_br_ba,2917359,Jaborandi
city_2917409,base.br,base.state_br_ba,2917409,Jacaraci
city_2917508,base.br,base.state_br_ba,2917508,Jacobina
city_2917607,base.br,base.state_br_ba,2917607,Jaguaquara
city_2917706,base.br,base.state_br_ba,2917706,Jaguarari
city_2917805,base.br,base.state_br_ba,2917805,Jaguaripe
city_2917904,base.br,base.state_br_ba,2917904,Jandaíra
city_2918001,base.br,base.state_br_ba,2918001,Jequié
city_2918100,base.br,base.state_br_ba,2918100,Jeremoabo
city_2918209,base.br,base.state_br_ba,2918209,Jiquiriçá
city_2918308,base.br,base.state_br_ba,2918308,Jitaúna
city_2918357,base.br,base.state_br_ba,2918357,João Dourado
city_2918407,base.br,base.state_br_ba,2918407,Juazeiro
city_2918456,base.br,base.state_br_ba,2918456,Jucuruçu
city_2918506,base.br,base.state_br_ba,2918506,Jussara
city_2918555,base.br,base.state_br_ba,2918555,Jussari
city_2918605,base.br,base.state_br_ba,2918605,Jussiape
city_2918704,base.br,base.state_br_ba,2918704,Lafaiete Coutinho
city_2918753,base.br,base.state_br_ba,2918753,Lagoa Real
city_2918803,base.br,base.state_br_ba,2918803,Laje
city_2918902,base.br,base.state_br_ba,2918902,Lajedão
city_2919009,base.br,base.state_br_ba,2919009,Lajedinho
city_2919058,base.br,base.state_br_ba,2919058,Lajedo do Tabocal
city_2919108,base.br,base.state_br_ba,2919108,Lamarão
city_2919157,base.br,base.state_br_ba,2919157,Lapão
city_2919207,base.br,base.state_br_ba,2919207,Lauro de Freitas
city_2919306,base.br,base.state_br_ba,2919306,Lençóis
city_2919405,base.br,base.state_br_ba,2919405,Licínio de Almeida
city_2919504,base.br,base.state_br_ba,2919504,Livramento de Nossa Senhora
city_2919553,base.br,base.state_br_ba,2919553,Luís Eduardo Magalhães
city_2919603,base.br,base.state_br_ba,2919603,Macajuba
city_2919702,base.br,base.state_br_ba,2919702,Macarani
city_2919801,base.br,base.state_br_ba,2919801,Macaúbas
city_2919900,base.br,base.state_br_ba,2919900,Macururé
city_2919926,base.br,base.state_br_ba,2919926,Madre de Deus
city_2919959,base.br,base.state_br_ba,2919959,Maetinga
city_2920007,base.br,base.state_br_ba,2920007,Maiquinique
city_2920106,base.br,base.state_br_ba,2920106,Mairi
city_2920205,base.br,base.state_br_ba,2920205,Malhada
city_2920304,base.br,base.state_br_ba,2920304,Malhada de Pedras
city_2920403,base.br,base.state_br_ba,2920403,Manoel Vitorino
city_2920452,base.br,base.state_br_ba,2920452,Mansidão
city_2920502,base.br,base.state_br_ba,2920502,Maracás
city_2920601,base.br,base.state_br_ba,2920601,Maragogipe
city_2920700,base.br,base.state_br_ba,2920700,Maraú
city_2920809,base.br,base.state_br_ba,2920809,Marcionílio Souza
city_2920908,base.br,base.state_br_ba,2920908,Mascote
city_2921005,base.br,base.state_br_ba,2921005,Mata de São João
city_2921054,base.br,base.state_br_ba,2921054,Matina
city_2921104,base.br,base.state_br_ba,2921104,Medeiros Neto
city_2921203,base.br,base.state_br_ba,2921203,Miguel Calmon
city_2921302,base.br,base.state_br_ba,2921302,Milagres
city_2921401,base.br,base.state_br_ba,2921401,Mirangaba
city_2921450,base.br,base.state_br_ba,2921450,Mirante
city_2921500,base.br,base.state_br_ba,2921500,Monte Santo
city_2921609,base.br,base.state_br_ba,2921609,Morpará
city_2921708,base.br,base.state_br_ba,2921708,Morro do Chapéu
city_2921807,base.br,base.state_br_ba,2921807,Mortugaba
city_2921906,base.br,base.state_br_ba,2921906,Mucugê
city_2922003,base.br,base.state_br_ba,2922003,Mucuri
city_2922052,base.br,base.state_br_ba,2922052,Mulungu do Morro
city_2922102,base.br,base.state_br_ba,2922102,Mundo Novo
city_2922201,base.br,base.state_br_ba,2922201,Muniz Ferreira
city_2922250,base.br,base.state_br_ba,2922250,Muquém do São Francisco
city_2922300,base.br,base.state_br_ba,2922300,Muritiba
city_2922409,base.br,base.state_br_ba,2922409,Mutuípe
city_2922508,base.br,base.state_br_ba,2922508,Nazaré
city_2922607,base.br,base.state_br_ba,2922607,Nilo Peçanha
city_2922656,base.br,base.state_br_ba,2922656,Nordestina
city_2922706,base.br,base.state_br_ba,2922706,Nova Canaã
city_2922730,base.br,base.state_br_ba,2922730,Nova Fátima
city_2922755,base.br,base.state_br_ba,2922755,Nova Ibiá
city_2922805,base.br,base.state_br_ba,2922805,Nova Itarana
city_2922854,base.br,base.state_br_ba,2922854,Nova Redenção
city_2922904,base.br,base.state_br_ba,2922904,Nova Soure
city_2923001,base.br,base.state_br_ba,2923001,Nova Viçosa
city_2923035,base.br,base.state_br_ba,2923035,Novo Horizonte
city_2923050,base.br,base.state_br_ba,2923050,Novo Triunfo
city_2923100,base.br,base.state_br_ba,2923100,Olindina
city_2923209,base.br,base.state_br_ba,2923209,Oliveira dos Brejinhos
city_2923308,base.br,base.state_br_ba,2923308,Ouriçangas
city_2923357,base.br,base.state_br_ba,2923357,Ourolândia
city_2923407,base.br,base.state_br_ba,2923407,Palmas de Monte Alto
city_2923506,base.br,base.state_br_ba,2923506,Palmeiras
city_2923605,base.br,base.state_br_ba,2923605,Paramirim
city_2923704,base.br,base.state_br_ba,2923704,Paratinga
city_2923803,base.br,base.state_br_ba,2923803,Paripiranga
city_2923902,base.br,base.state_br_ba,2923902,Pau Brasil
city_2924009,base.br,base.state_br_ba,2924009,Paulo Afonso
city_2924058,base.br,base.state_br_ba,2924058,Pé de Serra
city_2924108,base.br,base.state_br_ba,2924108,Pedrão
city_2924207,base.br,base.state_br_ba,2924207,Pedro Alexandre
city_2924306,base.br,base.state_br_ba,2924306,Piatã
city_2924405,base.br,base.state_br_ba,2924405,Pilão Arcado
city_2924504,base.br,base.state_br_ba,2924504,Pindaí
city_2924603,base.br,base.state_br_ba,2924603,Pindobaçu
city_2924652,base.br,base.state_br_ba,2924652,Pintadas
city_2924678,base.br,base.state_br_ba,2924678,Piraí do Norte
city_2924702,base.br,base.state_br_ba,2924702,Piripá
city_2924801,base.br,base.state_br_ba,2924801,Piritiba
city_2924900,base.br,base.state_br_ba,2924900,Planaltino
city_2925006,base.br,base.state_br_ba,2925006,Planalto
city_2925105,base.br,base.state_br_ba,2925105,Poções
city_2925204,base.br,base.state_br_ba,2925204,Pojuca
city_2925253,base.br,base.state_br_ba,2925253,Ponto Novo
city_2925303,base.br,base.state_br_ba,2925303,Porto Seguro
city_2925402,base.br,base.state_br_ba,2925402,Potiraguá
city_2925501,base.br,base.state_br_ba,2925501,Prado
city_2925600,base.br,base.state_br_ba,2925600,Presidente Dutra
city_2925709,base.br,base.state_br_ba,2925709,Presidente Jânio Quadros
city_2925758,base.br,base.state_br_ba,2925758,Presidente Tancredo Neves
city_2925808,base.br,base.state_br_ba,2925808,Queimadas
city_2925907,base.br,base.state_br_ba,2925907,Quijingue
city_2925931,base.br,base.state_br_ba,2925931,Quixabeira
city_2925956,base.br,base.state_br_ba,2925956,Rafael Jambeiro
city_2926004,base.br,base.state_br_ba,2926004,Remanso
city_2926103,base.br,base.state_br_ba,2926103,Retirolândia
city_2926202,base.br,base.state_br_ba,2926202,Riachão das Neves
city_2926301,base.br,base.state_br_ba,2926301,Riachão do Jacuípe
city_2926400,base.br,base.state_br_ba,2926400,Riacho de Santana
city_2926509,base.br,base.state_br_ba,2926509,Ribeira do Amparo
city_2926608,base.br,base.state_br_ba,2926608,Ribeira do Pombal
city_2926657,base.br,base.state_br_ba,2926657,Ribeirão do Largo
city_2926707,base.br,base.state_br_ba,2926707,Rio de Contas
city_2926806,base.br,base.state_br_ba,2926806,Rio do Antônio
city_2926905,base.br,base.state_br_ba,2926905,Rio do Pires
city_2927002,base.br,base.state_br_ba,2927002,Rio Real
city_2927101,base.br,base.state_br_ba,2927101,Rodelas
city_2927200,base.br,base.state_br_ba,2927200,Ruy Barbosa
city_2927309,base.br,base.state_br_ba,2927309,Salinas da Margarida
city_2927408,base.br,base.state_br_ba,2927408,Salvador
city_2927507,base.br,base.state_br_ba,2927507,Santa Bárbara
city_2927606,base.br,base.state_br_ba,2927606,Santa Brígida
city_2927705,base.br,base.state_br_ba,2927705,Santa Cruz Cabrália
city_2927804,base.br,base.state_br_ba,2927804,Santa Cruz da Vitória
city_2927903,base.br,base.state_br_ba,2927903,Santa Inês
city_2928059,base.br,base.state_br_ba,2928059,Santa Luzia
city_2928109,base.br,base.state_br_ba,2928109,Santa Maria da Vitória
city_2928406,base.br,base.state_br_ba,2928406,Santa Rita de Cássia
city_2928505,base.br,base.state_br_ba,2928505,Santa Terezinha
city_2928000,base.br,base.state_br_ba,2928000,Santaluz
city_2928208,base.br,base.state_br_ba,2928208,Santana
city_2928307,base.br,base.state_br_ba,2928307,Santanópolis
city_2928604,base.br,base.state_br_ba,2928604,Santo Amaro
city_2928703,base.br,base.state_br_ba,2928703,Santo Antônio de Jesus
city_2928802,base.br,base.state_br_ba,2928802,Santo Estêvão
city_2928901,base.br,base.state_br_ba,2928901,São Desidério
city_2928950,base.br,base.state_br_ba,2928950,São Domingos
city_2929107,base.br,base.state_br_ba,2929107,São Felipe
city_2929008,base.br,base.state_br_ba,2929008,São Félix
city_2929057,base.br,base.state_br_ba,2929057,São Félix do Coribe
city_2929206,base.br,base.state_br_ba,2929206,São Francisco do Conde
city_2929255,base.br,base.state_br_ba,2929255,São Gabriel
city_2929305,base.br,base.state_br_ba,2929305,São Gonçalo dos Campos
city_2929354,base.br,base.state_br_ba,2929354,São José da Vitória
city_2929370,base.br,base.state_br_ba,2929370,São José do Jacuípe
city_2929404,base.br,base.state_br_ba,2929404,São Miguel das Matas
city_2929503,base.br,base.state_br_ba,2929503,São Sebastião do Passé
city_2929602,base.br,base.state_br_ba,2929602,Sapeaçu
city_2929701,base.br,base.state_br_ba,2929701,Sátiro Dias
city_2929750,base.br,base.state_br_ba,2929750,Saubara
city_2929800,base.br,base.state_br_ba,2929800,Saúde
city_2929909,base.br,base.state_br_ba,2929909,Seabra
city_2930006,base.br,base.state_br_ba,2930006,Sebastião Laranjeiras
city_2930105,base.br,base.state_br_ba,2930105,Senhor do Bonfim
city_2930204,base.br,base.state_br_ba,2930204,Sento Sé
city_2930154,base.br,base.state_br_ba,2930154,Serra do Ramalho
city_2930303,base.br,base.state_br_ba,2930303,Serra Dourada
city_2930402,base.br,base.state_br_ba,2930402,Serra Preta
city_2930501,base.br,base.state_br_ba,2930501,Serrinha
city_2930600,base.br,base.state_br_ba,2930600,Serrolândia
city_2930709,base.br,base.state_br_ba,2930709,Simões Filho
city_2930758,base.br,base.state_br_ba,2930758,Sítio do Mato
city_2930766,base.br,base.state_br_ba,2930766,Sítio do Quinto
city_2930774,base.br,base.state_br_ba,2930774,Sobradinho
city_2930808,base.br,base.state_br_ba,2930808,Souto Soares
city_2930907,base.br,base.state_br_ba,2930907,Tabocas do Brejo Velho
city_2931004,base.br,base.state_br_ba,2931004,Tanhaçu
city_2931053,base.br,base.state_br_ba,2931053,Tanque Novo
city_2931103,base.br,base.state_br_ba,2931103,Tanquinho
city_2931202,base.br,base.state_br_ba,2931202,Taperoá
city_2931301,base.br,base.state_br_ba,2931301,Tapiramutá
city_2931350,base.br,base.state_br_ba,2931350,Teixeira de Freitas
city_2931400,base.br,base.state_br_ba,2931400,Teodoro Sampaio
city_2931509,base.br,base.state_br_ba,2931509,Teofilândia
city_2931608,base.br,base.state_br_ba,2931608,Teolândia
city_2931707,base.br,base.state_br_ba,2931707,Terra Nova
city_2931806,base.br,base.state_br_ba,2931806,Tremedal
city_2931905,base.br,base.state_br_ba,2931905,Tucano
city_2932002,base.br,base.state_br_ba,2932002,Uauá
city_2932101,base.br,base.state_br_ba,2932101,Ubaíra
city_2932200,base.br,base.state_br_ba,2932200,Ubaitaba
city_2932309,base.br,base.state_br_ba,2932309,Ubatã
city_2932408,base.br,base.state_br_ba,2932408,Uibaí
city_2932457,base.br,base.state_br_ba,2932457,Umburanas
city_2932507,base.br,base.state_br_ba,2932507,Una
city_2932606,base.br,base.state_br_ba,2932606,Urandi
city_2932705,base.br,base.state_br_ba,2932705,Uruçuca
city_2932804,base.br,base.state_br_ba,2932804,Utinga
city_2932903,base.br,base.state_br_ba,2932903,Valença
city_2933000,base.br,base.state_br_ba,2933000,Valente
city_2933059,base.br,base.state_br_ba,2933059,Várzea da Roça
city_2933109,base.br,base.state_br_ba,2933109,Várzea do Poço
city_2933158,base.br,base.state_br_ba,2933158,Várzea Nova
city_2933174,base.br,base.state_br_ba,2933174,Varzedo
city_2933208,base.br,base.state_br_ba,2933208,Vera Cruz
city_2933257,base.br,base.state_br_ba,2933257,Vereda
city_2933307,base.br,base.state_br_ba,2933307,Vitória da Conquista
city_2933406,base.br,base.state_br_ba,2933406,Wagner
city_2933455,base.br,base.state_br_ba,2933455,Wanderley
city_2933505,base.br,base.state_br_ba,2933505,Wenceslau Guimarães
city_2933604,base.br,base.state_br_ba,2933604,Xique-Xique
city_3100104,base.br,base.state_br_mg,3100104,Abadia dos Dourados
city_3100203,base.br,base.state_br_mg,3100203,Abaeté
city_3100302,base.br,base.state_br_mg,3100302,Abre Campo
city_3100401,base.br,base.state_br_mg,3100401,Acaiaca
city_3100500,base.br,base.state_br_mg,3100500,Açucena
city_3100609,base.br,base.state_br_mg,3100609,Água Boa
city_3100708,base.br,base.state_br_mg,3100708,Água Comprida
city_3100807,base.br,base.state_br_mg,3100807,Aguanil
city_3100906,base.br,base.state_br_mg,3100906,Águas Formosas
city_3101003,base.br,base.state_br_mg,3101003,Águas Vermelhas
city_3101102,base.br,base.state_br_mg,3101102,Aimorés
city_3101201,base.br,base.state_br_mg,3101201,Aiuruoca
city_3101300,base.br,base.state_br_mg,3101300,Alagoa
city_3101409,base.br,base.state_br_mg,3101409,Albertina
city_3101508,base.br,base.state_br_mg,3101508,Além Paraíba
city_3101607,base.br,base.state_br_mg,3101607,Alfenas
city_3101631,base.br,base.state_br_mg,3101631,Alfredo Vasconcelos
city_3101706,base.br,base.state_br_mg,3101706,Almenara
city_3101805,base.br,base.state_br_mg,3101805,Alpercata
city_3101904,base.br,base.state_br_mg,3101904,Alpinópolis
city_3102001,base.br,base.state_br_mg,3102001,Alterosa
city_3102050,base.br,base.state_br_mg,3102050,Alto Caparaó
city_3153509,base.br,base.state_br_mg,3153509,Alto Jequitibá
city_3102100,base.br,base.state_br_mg,3102100,Alto Rio Doce
city_3102209,base.br,base.state_br_mg,3102209,Alvarenga
city_3102308,base.br,base.state_br_mg,3102308,Alvinópolis
city_3102407,base.br,base.state_br_mg,3102407,Alvorada de Minas
city_3102506,base.br,base.state_br_mg,3102506,Amparo do Serra
city_3102605,base.br,base.state_br_mg,3102605,Andradas
city_3102803,base.br,base.state_br_mg,3102803,Andrelândia
city_3102852,base.br,base.state_br_mg,3102852,Angelândia
city_3102902,base.br,base.state_br_mg,3102902,Antônio Carlos
city_3103009,base.br,base.state_br_mg,3103009,Antônio Dias
city_3103108,base.br,base.state_br_mg,3103108,Antônio Prado de Minas
city_3103207,base.br,base.state_br_mg,3103207,Araçaí
city_3103306,base.br,base.state_br_mg,3103306,Aracitaba
city_3103405,base.br,base.state_br_mg,3103405,Araçuaí
city_3103504,base.br,base.state_br_mg,3103504,Araguari
city_3103603,base.br,base.state_br_mg,3103603,Arantina
city_3103702,base.br,base.state_br_mg,3103702,Araponga
city_3103751,base.br,base.state_br_mg,3103751,Araporã
city_3103801,base.br,base.state_br_mg,3103801,Arapuá
city_3103900,base.br,base.state_br_mg,3103900,Araújos
city_3104007,base.br,base.state_br_mg,3104007,Araxá
city_3104106,base.br,base.state_br_mg,3104106,Arceburgo
city_3104205,base.br,base.state_br_mg,3104205,Arcos
city_3104304,base.br,base.state_br_mg,3104304,Areado
city_3104403,base.br,base.state_br_mg,3104403,Argirita
city_3104452,base.br,base.state_br_mg,3104452,Aricanduva
city_3104502,base.br,base.state_br_mg,3104502,Arinos
city_3104601,base.br,base.state_br_mg,3104601,Astolfo Dutra
city_3104700,base.br,base.state_br_mg,3104700,Ataléia
city_3104809,base.br,base.state_br_mg,3104809,Augusto de Lima
city_3104908,base.br,base.state_br_mg,3104908,Baependi
city_3105004,base.br,base.state_br_mg,3105004,Baldim
city_3105103,base.br,base.state_br_mg,3105103,Bambuí
city_3105202,base.br,base.state_br_mg,3105202,Bandeira
city_3105301,base.br,base.state_br_mg,3105301,Bandeira do Sul
city_3105400,base.br,base.state_br_mg,3105400,Barão de Cocais
city_3105509,base.br,base.state_br_mg,3105509,Barão do Monte Alto
city_3105608,base.br,base.state_br_mg,3105608,Barbacena
city_3105707,base.br,base.state_br_mg,3105707,Barra Longa
city_3105905,base.br,base.state_br_mg,3105905,Barroso
city_3106002,base.br,base.state_br_mg,3106002,Bela Vista de Minas
city_3106101,base.br,base.state_br_mg,3106101,Belmiro Braga
city_3106200,base.br,base.state_br_mg,3106200,Belo Horizonte
city_3106309,base.br,base.state_br_mg,3106309,Belo Oriente
city_3106408,base.br,base.state_br_mg,3106408,Belo Vale
city_3106507,base.br,base.state_br_mg,3106507,Berilo
city_3106655,base.br,base.state_br_mg,3106655,Berizal
city_3106606,base.br,base.state_br_mg,3106606,Bertópolis
city_3106705,base.br,base.state_br_mg,3106705,Betim
city_3106804,base.br,base.state_br_mg,3106804,Bias Fortes
city_3106903,base.br,base.state_br_mg,3106903,Bicas
city_3107000,base.br,base.state_br_mg,3107000,Biquinhas
city_3107109,base.br,base.state_br_mg,3107109,Boa Esperança
city_3107208,base.br,base.state_br_mg,3107208,Bocaina de Minas
city_3107307,base.br,base.state_br_mg,3107307,Bocaiúva
city_3107406,base.br,base.state_br_mg,3107406,Bom Despacho
city_3107505,base.br,base.state_br_mg,3107505,Bom Jardim de Minas
city_3107604,base.br,base.state_br_mg,3107604,Bom Jesus da Penha
city_3107703,base.br,base.state_br_mg,3107703,Bom Jesus do Amparo
city_3107802,base.br,base.state_br_mg,3107802,Bom Jesus do Galho
city_3107901,base.br,base.state_br_mg,3107901,Bom Repouso
city_3108008,base.br,base.state_br_mg,3108008,Bom Sucesso
city_3108107,base.br,base.state_br_mg,3108107,Bonfim
city_3108206,base.br,base.state_br_mg,3108206,Bonfinópolis de Minas
city_3108255,base.br,base.state_br_mg,3108255,Bonito de Minas
city_3108305,base.br,base.state_br_mg,3108305,Borda da Mata
city_3108404,base.br,base.state_br_mg,3108404,Botelhos
city_3108503,base.br,base.state_br_mg,3108503,Botumirim
city_3108701,base.br,base.state_br_mg,3108701,Brás Pires
city_3108552,base.br,base.state_br_mg,3108552,Brasilândia de Minas
city_3108602,base.br,base.state_br_mg,3108602,Brasília de Minas
city_3108800,base.br,base.state_br_mg,3108800,Braúnas
city_3108909,base.br,base.state_br_mg,3108909,Brazópolis
city_3109006,base.br,base.state_br_mg,3109006,Brumadinho
city_3109105,base.br,base.state_br_mg,3109105,Bueno Brandão
city_3109204,base.br,base.state_br_mg,3109204,Buenópolis
city_3109253,base.br,base.state_br_mg,3109253,Bugre
city_3109303,base.br,base.state_br_mg,3109303,Buritis
city_3109402,base.br,base.state_br_mg,3109402,Buritizeiro
city_3109451,base.br,base.state_br_mg,3109451,Cabeceira Grande
city_3109501,base.br,base.state_br_mg,3109501,Cabo Verde
city_3109600,base.br,base.state_br_mg,3109600,Cachoeira da Prata
city_3109709,base.br,base.state_br_mg,3109709,Cachoeira de Minas
city_3102704,base.br,base.state_br_mg,3102704,Cachoeira de Pajeú
city_3109808,base.br,base.state_br_mg,3109808,Cachoeira Dourada
city_3109907,base.br,base.state_br_mg,3109907,Caetanópolis
city_3110004,base.br,base.state_br_mg,3110004,Caeté
city_3110103,base.br,base.state_br_mg,3110103,Caiana
city_3110202,base.br,base.state_br_mg,3110202,Cajuri
city_3110301,base.br,base.state_br_mg,3110301,Caldas
city_3110400,base.br,base.state_br_mg,3110400,Camacho
city_3110509,base.br,base.state_br_mg,3110509,Camanducaia
city_3110608,base.br,base.state_br_mg,3110608,Cambuí
city_3110707,base.br,base.state_br_mg,3110707,Cambuquira
city_3110806,base.br,base.state_br_mg,3110806,Campanário
city_3110905,base.br,base.state_br_mg,3110905,Campanha
city_3111002,base.br,base.state_br_mg,3111002,Campestre
city_3111101,base.br,base.state_br_mg,3111101,Campina Verde
city_3111150,base.br,base.state_br_mg,3111150,Campo Azul
city_3111200,base.br,base.state_br_mg,3111200,Campo Belo
city_3111309,base.br,base.state_br_mg,3111309,Campo do Meio
city_3111408,base.br,base.state_br_mg,3111408,Campo Florido
city_3111507,base.br,base.state_br_mg,3111507,Campos Altos
city_3111606,base.br,base.state_br_mg,3111606,Campos Gerais
city_3111903,base.br,base.state_br_mg,3111903,Cana Verde
city_3111705,base.br,base.state_br_mg,3111705,Canaã
city_3111804,base.br,base.state_br_mg,3111804,Canápolis
city_3112000,base.br,base.state_br_mg,3112000,Candeias
city_3112059,base.br,base.state_br_mg,3112059,Cantagalo
city_3112109,base.br,base.state_br_mg,3112109,Caparaó
city_3112208,base.br,base.state_br_mg,3112208,Capela Nova
city_3112307,base.br,base.state_br_mg,3112307,Capelinha
city_3112406,base.br,base.state_br_mg,3112406,Capetinga
city_3112505,base.br,base.state_br_mg,3112505,Capim Branco
city_3112604,base.br,base.state_br_mg,3112604,Capinópolis
city_3112653,base.br,base.state_br_mg,3112653,Capitão Andrade
city_3112703,base.br,base.state_br_mg,3112703,Capitão Enéas
city_3112802,base.br,base.state_br_mg,3112802,Capitólio
city_3112901,base.br,base.state_br_mg,3112901,Caputira
city_3113008,base.br,base.state_br_mg,3113008,Caraí
city_3113107,base.br,base.state_br_mg,3113107,Caranaíba
city_3113206,base.br,base.state_br_mg,3113206,Carandaí
city_3113305,base.br,base.state_br_mg,3113305,Carangola
city_3113404,base.br,base.state_br_mg,3113404,Caratinga
city_3113503,base.br,base.state_br_mg,3113503,Carbonita
city_3113602,base.br,base.state_br_mg,3113602,Careaçu
city_3113701,base.br,base.state_br_mg,3113701,Carlos Chagas
city_3113800,base.br,base.state_br_mg,3113800,Carmésia
city_3113909,base.br,base.state_br_mg,3113909,Carmo da Cachoeira
city_3114006,base.br,base.state_br_mg,3114006,Carmo da Mata
city_3114105,base.br,base.state_br_mg,3114105,Carmo de Minas
city_3114204,base.br,base.state_br_mg,3114204,Carmo do Cajuru
city_3114303,base.br,base.state_br_mg,3114303,Carmo do Paranaíba
city_3114402,base.br,base.state_br_mg,3114402,Carmo do Rio Claro
city_3114501,base.br,base.state_br_mg,3114501,Carmópolis de Minas
city_3114550,base.br,base.state_br_mg,3114550,Carneirinho
city_3114600,base.br,base.state_br_mg,3114600,Carrancas
city_3114709,base.br,base.state_br_mg,3114709,Carvalhópolis
city_3114808,base.br,base.state_br_mg,3114808,Carvalhos
city_3114907,base.br,base.state_br_mg,3114907,Casa Grande
city_3115003,base.br,base.state_br_mg,3115003,Cascalho Rico
city_3115102,base.br,base.state_br_mg,3115102,Cássia
city_3115300,base.br,base.state_br_mg,3115300,Cataguases
city_3115359,base.br,base.state_br_mg,3115359,Catas Altas
city_3115409,base.br,base.state_br_mg,3115409,Catas Altas da Noruega
city_3115458,base.br,base.state_br_mg,3115458,Catuji
city_3115474,base.br,base.state_br_mg,3115474,Catuti
city_3115508,base.br,base.state_br_mg,3115508,Caxambu
city_3115607,base.br,base.state_br_mg,3115607,Cedro do Abaeté
city_3115706,base.br,base.state_br_mg,3115706,Central de Minas
city_3115805,base.br,base.state_br_mg,3115805,Centralina
city_3115904,base.br,base.state_br_mg,3115904,Chácara
city_3116001,base.br,base.state_br_mg,3116001,Chalé
city_3116100,base.br,base.state_br_mg,3116100,Chapada do Norte
city_3116159,base.br,base.state_br_mg,3116159,Chapada Gaúcha
city_3116209,base.br,base.state_br_mg,3116209,Chiador
city_3116308,base.br,base.state_br_mg,3116308,Cipotânea
city_3116407,base.br,base.state_br_mg,3116407,Claraval
city_3116506,base.br,base.state_br_mg,3116506,Claro dos Poções
city_3116605,base.br,base.state_br_mg,3116605,Cláudio
city_3116704,base.br,base.state_br_mg,3116704,Coimbra
city_3116803,base.br,base.state_br_mg,3116803,Coluna
city_3116902,base.br,base.state_br_mg,3116902,Comendador Gomes
city_3117009,base.br,base.state_br_mg,3117009,Comercinho
city_3117108,base.br,base.state_br_mg,3117108,Conceição da Aparecida
city_3115201,base.br,base.state_br_mg,3115201,Conceição da Barra de Minas
city_3117306,base.br,base.state_br_mg,3117306,Conceição das Alagoas
city_3117207,base.br,base.state_br_mg,3117207,Conceição das Pedras
city_3117405,base.br,base.state_br_mg,3117405,Conceição de Ipanema
city_3117504,base.br,base.state_br_mg,3117504,Conceição do Mato Dentro
city_3117603,base.br,base.state_br_mg,3117603,Conceição do Pará
city_3117702,base.br,base.state_br_mg,3117702,Conceição do Rio Verde
city_3117801,base.br,base.state_br_mg,3117801,Conceição dos Ouros
city_3117836,base.br,base.state_br_mg,3117836,Cônego Marinho
city_3117876,base.br,base.state_br_mg,3117876,Confins
city_3117900,base.br,base.state_br_mg,3117900,Congonhal
city_3118007,base.br,base.state_br_mg,3118007,Congonhas
city_3118106,base.br,base.state_br_mg,3118106,Congonhas do Norte
city_3118205,base.br,base.state_br_mg,3118205,Conquista
city_3118304,base.br,base.state_br_mg,3118304,Conselheiro Lafaiete
city_3118403,base.br,base.state_br_mg,3118403,Conselheiro Pena
city_3118502,base.br,base.state_br_mg,3118502,Consolação
city_3118601,base.br,base.state_br_mg,3118601,Contagem
city_3118700,base.br,base.state_br_mg,3118700,Coqueiral
city_3118809,base.br,base.state_br_mg,3118809,Coração de Jesus
city_3118908,base.br,base.state_br_mg,3118908,Cordisburgo
city_3119005,base.br,base.state_br_mg,3119005,Cordislândia
city_3119104,base.br,base.state_br_mg,3119104,Corinto
city_3119203,base.br,base.state_br_mg,3119203,Coroaci
city_3119302,base.br,base.state_br_mg,3119302,Coromandel
city_3119401,base.br,base.state_br_mg,3119401,Coronel Fabriciano
city_3119500,base.br,base.state_br_mg,3119500,Coronel Murta
city_3119609,base.br,base.state_br_mg,3119609,Coronel Pacheco
city_3119708,base.br,base.state_br_mg,3119708,Coronel Xavier Chaves
city_3119807,base.br,base.state_br_mg,3119807,Córrego Danta
city_3119906,base.br,base.state_br_mg,3119906,Córrego do Bom Jesus
city_3119955,base.br,base.state_br_mg,3119955,Córrego Fundo
city_3120003,base.br,base.state_br_mg,3120003,Córrego Novo
city_3120102,base.br,base.state_br_mg,3120102,Couto de Magalhães de Minas
city_3120151,base.br,base.state_br_mg,3120151,Crisólita
city_3120201,base.br,base.state_br_mg,3120201,Cristais
city_3120300,base.br,base.state_br_mg,3120300,Cristália
city_3120409,base.br,base.state_br_mg,3120409,Cristiano Otoni
city_3120508,base.br,base.state_br_mg,3120508,Cristina
city_3120607,base.br,base.state_br_mg,3120607,Crucilândia
city_3120706,base.br,base.state_br_mg,3120706,Cruzeiro da Fortaleza
city_3120805,base.br,base.state_br_mg,3120805,Cruzília
city_3120839,base.br,base.state_br_mg,3120839,Cuparaque
city_3120870,base.br,base.state_br_mg,3120870,Curral de Dentro
city_3120904,base.br,base.state_br_mg,3120904,Curvelo
city_3121001,base.br,base.state_br_mg,3121001,Datas
city_3121100,base.br,base.state_br_mg,3121100,Delfim Moreira
city_3121209,base.br,base.state_br_mg,3121209,Delfinópolis
city_3121258,base.br,base.state_br_mg,3121258,Delta
city_3121308,base.br,base.state_br_mg,3121308,Descoberto
city_3121407,base.br,base.state_br_mg,3121407,Desterro de Entre Rios
city_3121506,base.br,base.state_br_mg,3121506,Desterro do Melo
city_3121605,base.br,base.state_br_mg,3121605,Diamantina
city_3121704,base.br,base.state_br_mg,3121704,Diogo de Vasconcelos
city_3121803,base.br,base.state_br_mg,3121803,Dionísio
city_3121902,base.br,base.state_br_mg,3121902,Divinésia
city_3122009,base.br,base.state_br_mg,3122009,Divino
city_3122108,base.br,base.state_br_mg,3122108,Divino das Laranjeiras
city_3122207,base.br,base.state_br_mg,3122207,Divinolândia de Minas
city_3122306,base.br,base.state_br_mg,3122306,Divinópolis
city_3122355,base.br,base.state_br_mg,3122355,Divisa Alegre
city_3122405,base.br,base.state_br_mg,3122405,Divisa Nova
city_3122454,base.br,base.state_br_mg,3122454,Divisópolis
city_3122470,base.br,base.state_br_mg,3122470,Dom Bosco
city_3122504,base.br,base.state_br_mg,3122504,Dom Cavati
city_3122603,base.br,base.state_br_mg,3122603,Dom Joaquim
city_3122702,base.br,base.state_br_mg,3122702,Dom Silvério
city_3122801,base.br,base.state_br_mg,3122801,Dom Viçoso
city_3122900,base.br,base.state_br_mg,3122900,Dona Euzébia
city_3123007,base.br,base.state_br_mg,3123007,Dores de Campos
city_3123106,base.br,base.state_br_mg,3123106,Dores de Guanhães
city_3123205,base.br,base.state_br_mg,3123205,Dores do Indaiá
city_3123304,base.br,base.state_br_mg,3123304,Dores do Turvo
city_3123403,base.br,base.state_br_mg,3123403,Doresópolis
city_3123502,base.br,base.state_br_mg,3123502,Douradoquara
city_3123528,base.br,base.state_br_mg,3123528,Durandé
city_3123601,base.br,base.state_br_mg,3123601,Elói Mendes
city_3123700,base.br,base.state_br_mg,3123700,Engenheiro Caldas
city_3123809,base.br,base.state_br_mg,3123809,Engenheiro Navarro
city_3123858,base.br,base.state_br_mg,3123858,Entre Folhas
city_3123908,base.br,base.state_br_mg,3123908,Entre Rios de Minas
city_3124005,base.br,base.state_br_mg,3124005,Ervália
city_3124104,base.br,base.state_br_mg,3124104,Esmeraldas
city_3124203,base.br,base.state_br_mg,3124203,Espera Feliz
city_3124302,base.br,base.state_br_mg,3124302,Espinosa
city_3124401,base.br,base.state_br_mg,3124401,Espírito Santo do Dourado
city_3124500,base.br,base.state_br_mg,3124500,Estiva
city_3124609,base.br,base.state_br_mg,3124609,Estrela Dalva
city_3124708,base.br,base.state_br_mg,3124708,Estrela do Indaiá
city_3124807,base.br,base.state_br_mg,3124807,Estrela do Sul
city_3124906,base.br,base.state_br_mg,3124906,Eugenópolis
city_3125002,base.br,base.state_br_mg,3125002,Ewbank da Câmara
city_3125101,base.br,base.state_br_mg,3125101,Extrema
city_3125200,base.br,base.state_br_mg,3125200,Fama
city_3125309,base.br,base.state_br_mg,3125309,Faria Lemos
city_3125408,base.br,base.state_br_mg,3125408,Felício dos Santos
city_3125606,base.br,base.state_br_mg,3125606,Felisburgo
city_3125705,base.br,base.state_br_mg,3125705,Felixlândia
city_3125804,base.br,base.state_br_mg,3125804,Fernandes Tourinho
city_3125903,base.br,base.state_br_mg,3125903,Ferros
city_3125952,base.br,base.state_br_mg,3125952,Fervedouro
city_3126000,base.br,base.state_br_mg,3126000,Florestal
city_3126109,base.br,base.state_br_mg,3126109,Formiga
city_3126208,base.br,base.state_br_mg,3126208,Formoso
city_3126307,base.br,base.state_br_mg,3126307,Fortaleza de Minas
city_3126406,base.br,base.state_br_mg,3126406,Fortuna de Minas
city_3126505,base.br,base.state_br_mg,3126505,Francisco Badaró
city_3126604,base.br,base.state_br_mg,3126604,Francisco Dumont
city_3126703,base.br,base.state_br_mg,3126703,Francisco Sá
city_3126752,base.br,base.state_br_mg,3126752,Franciscópolis
city_3126802,base.br,base.state_br_mg,3126802,Frei Gaspar
city_3126901,base.br,base.state_br_mg,3126901,Frei Inocêncio
city_3126950,base.br,base.state_br_mg,3126950,Frei Lagonegro
city_3127008,base.br,base.state_br_mg,3127008,Fronteira
city_3127057,base.br,base.state_br_mg,3127057,Fronteira dos Vales
city_3127073,base.br,base.state_br_mg,3127073,Fruta de Leite
city_3127107,base.br,base.state_br_mg,3127107,Frutal
city_3127206,base.br,base.state_br_mg,3127206,Funilândia
city_3127305,base.br,base.state_br_mg,3127305,Galiléia
city_3127339,base.br,base.state_br_mg,3127339,Gameleiras
city_3127354,base.br,base.state_br_mg,3127354,Glaucilândia
city_3127370,base.br,base.state_br_mg,3127370,Goiabeira
city_3127388,base.br,base.state_br_mg,3127388,Goianá
city_3127404,base.br,base.state_br_mg,3127404,Gonçalves
city_3127503,base.br,base.state_br_mg,3127503,Gonzaga
city_3127602,base.br,base.state_br_mg,3127602,Gouveia
city_3127701,base.br,base.state_br_mg,3127701,Governador Valadares
city_3127800,base.br,base.state_br_mg,3127800,Grão Mogol
city_3127909,base.br,base.state_br_mg,3127909,Grupiara
city_3128006,base.br,base.state_br_mg,3128006,Guanhães
city_3128105,base.br,base.state_br_mg,3128105,Guapé
city_3128204,base.br,base.state_br_mg,3128204,Guaraciaba
city_3128253,base.br,base.state_br_mg,3128253,Guaraciama
city_3128303,base.br,base.state_br_mg,3128303,Guaranésia
city_3128402,base.br,base.state_br_mg,3128402,Guarani
city_3128501,base.br,base.state_br_mg,3128501,Guarará
city_3128600,base.br,base.state_br_mg,3128600,Guarda-Mor
city_3128709,base.br,base.state_br_mg,3128709,Guaxupé
city_3128808,base.br,base.state_br_mg,3128808,Guidoval
city_3128907,base.br,base.state_br_mg,3128907,Guimarânia
city_3129004,base.br,base.state_br_mg,3129004,Guiricema
city_3129103,base.br,base.state_br_mg,3129103,Gurinhatã
city_3129202,base.br,base.state_br_mg,3129202,Heliodora
city_3129301,base.br,base.state_br_mg,3129301,Iapu
city_3129400,base.br,base.state_br_mg,3129400,Ibertioga
city_3129509,base.br,base.state_br_mg,3129509,Ibiá
city_3129608,base.br,base.state_br_mg,3129608,Ibiaí
city_3129657,base.br,base.state_br_mg,3129657,Ibiracatu
city_3129707,base.br,base.state_br_mg,3129707,Ibiraci
city_3129806,base.br,base.state_br_mg,3129806,Ibirité
city_3129905,base.br,base.state_br_mg,3129905,Ibitiúra de Minas
city_3130002,base.br,base.state_br_mg,3130002,Ibituruna
city_3130051,base.br,base.state_br_mg,3130051,Icaraí de Minas
city_3130101,base.br,base.state_br_mg,3130101,Igarapé
city_3130200,base.br,base.state_br_mg,3130200,Igaratinga
city_3130309,base.br,base.state_br_mg,3130309,Iguatama
city_3130408,base.br,base.state_br_mg,3130408,Ijaci
city_3130507,base.br,base.state_br_mg,3130507,Ilicínea
city_3130556,base.br,base.state_br_mg,3130556,Imbé de Minas
city_3130606,base.br,base.state_br_mg,3130606,Inconfidentes
city_3130655,base.br,base.state_br_mg,3130655,Indaiabira
city_3130705,base.br,base.state_br_mg,3130705,Indianópolis
city_3130804,base.br,base.state_br_mg,3130804,Ingaí
city_3130903,base.br,base.state_br_mg,3130903,Inhapim
city_3131000,base.br,base.state_br_mg,3131000,Inhaúma
city_3131109,base.br,base.state_br_mg,3131109,Inimutaba
city_3131158,base.br,base.state_br_mg,3131158,Ipaba
city_3131208,base.br,base.state_br_mg,3131208,Ipanema
city_3131307,base.br,base.state_br_mg,3131307,Ipatinga
city_3131406,base.br,base.state_br_mg,3131406,Ipiaçu
city_3131505,base.br,base.state_br_mg,3131505,Ipuiúna
city_3131604,base.br,base.state_br_mg,3131604,Iraí de Minas
city_3131703,base.br,base.state_br_mg,3131703,Itabira
city_3131802,base.br,base.state_br_mg,3131802,Itabirinha
city_3131901,base.br,base.state_br_mg,3131901,Itabirito
city_3132008,base.br,base.state_br_mg,3132008,Itacambira
city_3132107,base.br,base.state_br_mg,3132107,Itacarambi
city_3132206,base.br,base.state_br_mg,3132206,Itaguara
city_3132305,base.br,base.state_br_mg,3132305,Itaipé
city_3132404,base.br,base.state_br_mg,3132404,Itajubá
city_3132503,base.br,base.state_br_mg,3132503,Itamarandiba
city_3132602,base.br,base.state_br_mg,3132602,Itamarati de Minas
city_3132701,base.br,base.state_br_mg,3132701,Itambacuri
city_3132800,base.br,base.state_br_mg,3132800,Itambé do Mato Dentro
city_3132909,base.br,base.state_br_mg,3132909,Itamogi
city_3133006,base.br,base.state_br_mg,3133006,Itamonte
city_3133105,base.br,base.state_br_mg,3133105,Itanhandu
city_3133204,base.br,base.state_br_mg,3133204,Itanhomi
city_3133303,base.br,base.state_br_mg,3133303,Itaobim
city_3133402,base.br,base.state_br_mg,3133402,Itapagipe
city_3133501,base.br,base.state_br_mg,3133501,Itapecerica
city_3133600,base.br,base.state_br_mg,3133600,Itapeva
city_3133709,base.br,base.state_br_mg,3133709,Itatiaiuçu
city_3133758,base.br,base.state_br_mg,3133758,Itaú de Minas
city_3133808,base.br,base.state_br_mg,3133808,Itaúna
city_3133907,base.br,base.state_br_mg,3133907,Itaverava
city_3134004,base.br,base.state_br_mg,3134004,Itinga
city_3134103,base.br,base.state_br_mg,3134103,Itueta
city_3134202,base.br,base.state_br_mg,3134202,Ituiutaba
city_3134301,base.br,base.state_br_mg,3134301,Itumirim
city_3134400,base.br,base.state_br_mg,3134400,Iturama
city_3134509,base.br,base.state_br_mg,3134509,Itutinga
city_3134608,base.br,base.state_br_mg,3134608,Jaboticatubas
city_3134707,base.br,base.state_br_mg,3134707,Jacinto
city_3134806,base.br,base.state_br_mg,3134806,Jacuí
city_3134905,base.br,base.state_br_mg,3134905,Jacutinga
city_3135001,base.br,base.state_br_mg,3135001,Jaguaraçu
city_3135050,base.br,base.state_br_mg,3135050,Jaíba
city_3135076,base.br,base.state_br_mg,3135076,Jampruca
city_3135100,base.br,base.state_br_mg,3135100,Janaúba
city_3135209,base.br,base.state_br_mg,3135209,Januária
city_3135308,base.br,base.state_br_mg,3135308,Japaraíba
city_3135357,base.br,base.state_br_mg,3135357,Japonvar
city_3135407,base.br,base.state_br_mg,3135407,Jeceaba
city_3135456,base.br,base.state_br_mg,3135456,Jenipapo de Minas
city_3135506,base.br,base.state_br_mg,3135506,Jequeri
city_3135605,base.br,base.state_br_mg,3135605,Jequitaí
city_3135704,base.br,base.state_br_mg,3135704,Jequitibá
city_3135803,base.br,base.state_br_mg,3135803,Jequitinhonha
city_3135902,base.br,base.state_br_mg,3135902,Jesuânia
city_3136009,base.br,base.state_br_mg,3136009,Joaíma
city_3136108,base.br,base.state_br_mg,3136108,Joanésia
city_3136207,base.br,base.state_br_mg,3136207,João Monlevade
city_3136306,base.br,base.state_br_mg,3136306,João Pinheiro
city_3136405,base.br,base.state_br_mg,3136405,Joaquim Felício
city_3136504,base.br,base.state_br_mg,3136504,Jordânia
city_3136520,base.br,base.state_br_mg,3136520,José Gonçalves de Minas
city_3136553,base.br,base.state_br_mg,3136553,José Raydan
city_3136579,base.br,base.state_br_mg,3136579,Josenópolis
city_3136652,base.br,base.state_br_mg,3136652,Juatuba
city_3136702,base.br,base.state_br_mg,3136702,Juiz de Fora
city_3136801,base.br,base.state_br_mg,3136801,Juramento
city_3136900,base.br,base.state_br_mg,3136900,Juruaia
city_3136959,base.br,base.state_br_mg,3136959,Juvenília
city_3137007,base.br,base.state_br_mg,3137007,Ladainha
city_3137106,base.br,base.state_br_mg,3137106,Lagamar
city_3137205,base.br,base.state_br_mg,3137205,Lagoa da Prata
city_3137304,base.br,base.state_br_mg,3137304,Lagoa dos Patos
city_3137403,base.br,base.state_br_mg,3137403,Lagoa Dourada
city_3137502,base.br,base.state_br_mg,3137502,Lagoa Formosa
city_3137536,base.br,base.state_br_mg,3137536,Lagoa Grande
city_3137601,base.br,base.state_br_mg,3137601,Lagoa Santa
city_3137700,base.br,base.state_br_mg,3137700,Lajinha
city_3137809,base.br,base.state_br_mg,3137809,Lambari
city_3137908,base.br,base.state_br_mg,3137908,Lamim
city_3138005,base.br,base.state_br_mg,3138005,Laranjal
city_3138104,base.br,base.state_br_mg,3138104,Lassance
city_3138203,base.br,base.state_br_mg,3138203,Lavras
city_3138302,base.br,base.state_br_mg,3138302,Leandro Ferreira
city_3138351,base.br,base.state_br_mg,3138351,Leme do Prado
city_3138401,base.br,base.state_br_mg,3138401,Leopoldina
city_3138500,base.br,base.state_br_mg,3138500,Liberdade
city_3138609,base.br,base.state_br_mg,3138609,Lima Duarte
city_3138625,base.br,base.state_br_mg,3138625,Limeira do Oeste
city_3138658,base.br,base.state_br_mg,3138658,Lontra
city_3138674,base.br,base.state_br_mg,3138674,Luisburgo
city_3138682,base.br,base.state_br_mg,3138682,Luislândia
city_3138708,base.br,base.state_br_mg,3138708,Luminárias
city_3138807,base.br,base.state_br_mg,3138807,Luz
city_3138906,base.br,base.state_br_mg,3138906,Machacalis
city_3139003,base.br,base.state_br_mg,3139003,Machado
city_3139102,base.br,base.state_br_mg,3139102,Madre de Deus de Minas
city_3139201,base.br,base.state_br_mg,3139201,Malacacheta
city_3139250,base.br,base.state_br_mg,3139250,Mamonas
city_3139300,base.br,base.state_br_mg,3139300,Manga
city_3139409,base.br,base.state_br_mg,3139409,Manhuaçu
city_3139508,base.br,base.state_br_mg,3139508,Manhumirim
city_3139607,base.br,base.state_br_mg,3139607,Mantena
city_3139805,base.br,base.state_br_mg,3139805,Mar de Espanha
city_3139706,base.br,base.state_br_mg,3139706,Maravilhas
city_3139904,base.br,base.state_br_mg,3139904,Maria da Fé
city_3140001,base.br,base.state_br_mg,3140001,Mariana
city_3140100,base.br,base.state_br_mg,3140100,Marilac
city_3140159,base.br,base.state_br_mg,3140159,Mário Campos
city_3140209,base.br,base.state_br_mg,3140209,Maripá de Minas
city_3140308,base.br,base.state_br_mg,3140308,Marliéria
city_3140407,base.br,base.state_br_mg,3140407,Marmelópolis
city_3140506,base.br,base.state_br_mg,3140506,Martinho Campos
city_3140530,base.br,base.state_br_mg,3140530,Martins Soares
city_3140555,base.br,base.state_br_mg,3140555,Mata Verde
city_3140605,base.br,base.state_br_mg,3140605,Materlândia
city_3140704,base.br,base.state_br_mg,3140704,Mateus Leme
city_3171501,base.br,base.state_br_mg,3171501,Mathias Lobato
city_3140803,base.br,base.state_br_mg,3140803,Matias Barbosa
city_3140852,base.br,base.state_br_mg,3140852,Matias Cardoso
city_3140902,base.br,base.state_br_mg,3140902,Matipó
city_3141009,base.br,base.state_br_mg,3141009,Mato Verde
city_3141108,base.br,base.state_br_mg,3141108,Matozinhos
city_3141207,base.br,base.state_br_mg,3141207,Matutina
city_3141306,base.br,base.state_br_mg,3141306,Medeiros
city_3141405,base.br,base.state_br_mg,3141405,Medina
city_3141504,base.br,base.state_br_mg,3141504,Mendes Pimentel
city_3141603,base.br,base.state_br_mg,3141603,Mercês
city_3141702,base.br,base.state_br_mg,3141702,Mesquita
city_3141801,base.br,base.state_br_mg,3141801,Minas Novas
city_3141900,base.br,base.state_br_mg,3141900,Minduri
city_3142007,base.br,base.state_br_mg,3142007,Mirabela
city_3142106,base.br,base.state_br_mg,3142106,Miradouro
city_3142205,base.br,base.state_br_mg,3142205,Miraí
city_3142254,base.br,base.state_br_mg,3142254,Miravânia
city_3142304,base.br,base.state_br_mg,3142304,Moeda
city_3142403,base.br,base.state_br_mg,3142403,Moema
city_3142502,base.br,base.state_br_mg,3142502,Monjolos
city_3142601,base.br,base.state_br_mg,3142601,Monsenhor Paulo
city_3142700,base.br,base.state_br_mg,3142700,Montalvânia
city_3142809,base.br,base.state_br_mg,3142809,Monte Alegre de Minas
city_3142908,base.br,base.state_br_mg,3142908,Monte Azul
city_3143005,base.br,base.state_br_mg,3143005,Monte Belo
city_3143104,base.br,base.state_br_mg,3143104,Monte Carmelo
city_3143153,base.br,base.state_br_mg,3143153,Monte Formoso
city_3143203,base.br,base.state_br_mg,3143203,Monte Santo de Minas
city_3143401,base.br,base.state_br_mg,3143401,Monte Sião
city_3143302,base.br,base.state_br_mg,3143302,Montes Claros
city_3143450,base.br,base.state_br_mg,3143450,Montezuma
city_3143500,base.br,base.state_br_mg,3143500,Morada Nova de Minas
city_3143609,base.br,base.state_br_mg,3143609,Morro da Garça
city_3143708,base.br,base.state_br_mg,3143708,Morro do Pilar
city_3143807,base.br,base.state_br_mg,3143807,Munhoz
city_3143906,base.br,base.state_br_mg,3143906,Muriaé
city_3144003,base.br,base.state_br_mg,3144003,Mutum
city_3144102,base.br,base.state_br_mg,3144102,Muzambinho
city_3144201,base.br,base.state_br_mg,3144201,Nacip Raydan
city_3144300,base.br,base.state_br_mg,3144300,Nanuque
city_3144359,base.br,base.state_br_mg,3144359,Naque
city_3144375,base.br,base.state_br_mg,3144375,Natalândia
city_3144409,base.br,base.state_br_mg,3144409,Natércia
city_3144508,base.br,base.state_br_mg,3144508,Nazareno
city_3144607,base.br,base.state_br_mg,3144607,Nepomuceno
city_3144656,base.br,base.state_br_mg,3144656,Ninheira
city_3144672,base.br,base.state_br_mg,3144672,Nova Belém
city_3144706,base.br,base.state_br_mg,3144706,Nova Era
city_3144805,base.br,base.state_br_mg,3144805,Nova Lima
city_3144904,base.br,base.state_br_mg,3144904,Nova Módica
city_3145000,base.br,base.state_br_mg,3145000,Nova Ponte
city_3145059,base.br,base.state_br_mg,3145059,Nova Porteirinha
city_3145109,base.br,base.state_br_mg,3145109,Nova Resende
city_3145208,base.br,base.state_br_mg,3145208,Nova Serrana
city_3136603,base.br,base.state_br_mg,3136603,Nova União
city_3145307,base.br,base.state_br_mg,3145307,Novo Cruzeiro
city_3145356,base.br,base.state_br_mg,3145356,Novo Oriente de Minas
city_3145372,base.br,base.state_br_mg,3145372,Novorizonte
city_3145406,base.br,base.state_br_mg,3145406,Olaria
city_3145455,base.br,base.state_br_mg,3145455,Olhos-d'Água
city_3145505,base.br,base.state_br_mg,3145505,Olímpio Noronha
city_3145604,base.br,base.state_br_mg,3145604,Oliveira
city_3145703,base.br,base.state_br_mg,3145703,Oliveira Fortes
city_3145802,base.br,base.state_br_mg,3145802,Onça de Pitangui
city_3145851,base.br,base.state_br_mg,3145851,Oratórios
city_3145877,base.br,base.state_br_mg,3145877,Orizânia
city_3145901,base.br,base.state_br_mg,3145901,Ouro Branco
city_3146008,base.br,base.state_br_mg,3146008,Ouro Fino
city_3146107,base.br,base.state_br_mg,3146107,Ouro Preto
city_3146206,base.br,base.state_br_mg,3146206,Ouro Verde de Minas
city_3146255,base.br,base.state_br_mg,3146255,Padre Carvalho
city_3146305,base.br,base.state_br_mg,3146305,Padre Paraíso
city_3146552,base.br,base.state_br_mg,3146552,Pai Pedro
city_3146404,base.br,base.state_br_mg,3146404,Paineiras
city_3146503,base.br,base.state_br_mg,3146503,Pains
city_3146602,base.br,base.state_br_mg,3146602,Paiva
city_3146701,base.br,base.state_br_mg,3146701,Palma
city_3146750,base.br,base.state_br_mg,3146750,Palmópolis
city_3146909,base.br,base.state_br_mg,3146909,Papagaios
city_3147105,base.br,base.state_br_mg,3147105,Pará de Minas
city_3147006,base.br,base.state_br_mg,3147006,Paracatu
city_3147204,base.br,base.state_br_mg,3147204,Paraguaçu
city_3147303,base.br,base.state_br_mg,3147303,Paraisópolis
city_3147402,base.br,base.state_br_mg,3147402,Paraopeba
city_3147600,base.br,base.state_br_mg,3147600,Passa Quatro
city_3147709,base.br,base.state_br_mg,3147709,Passa Tempo
city_3147808,base.br,base.state_br_mg,3147808,Passa Vinte
city_3147501,base.br,base.state_br_mg,3147501,Passabém
city_3147907,base.br,base.state_br_mg,3147907,Passos
city_3147956,base.br,base.state_br_mg,3147956,Patis
city_3148004,base.br,base.state_br_mg,3148004,Patos de Minas
city_3148103,base.br,base.state_br_mg,3148103,Patrocínio
city_3148202,base.br,base.state_br_mg,3148202,Patrocínio do Muriaé
city_3148301,base.br,base.state_br_mg,3148301,Paula Cândido
city_3148400,base.br,base.state_br_mg,3148400,Paulistas
city_3148509,base.br,base.state_br_mg,3148509,Pavão
city_3148608,base.br,base.state_br_mg,3148608,Peçanha
city_3148707,base.br,base.state_br_mg,3148707,Pedra Azul
city_3148756,base.br,base.state_br_mg,3148756,Pedra Bonita
city_3148806,base.br,base.state_br_mg,3148806,Pedra do Anta
city_3148905,base.br,base.state_br_mg,3148905,Pedra do Indaiá
city_3149002,base.br,base.state_br_mg,3149002,Pedra Dourada
city_3149101,base.br,base.state_br_mg,3149101,Pedralva
city_3149150,base.br,base.state_br_mg,3149150,Pedras de Maria da Cruz
city_3149200,base.br,base.state_br_mg,3149200,Pedrinópolis
city_3149309,base.br,base.state_br_mg,3149309,Pedro Leopoldo
city_3149408,base.br,base.state_br_mg,3149408,Pedro Teixeira
city_3149507,base.br,base.state_br_mg,3149507,Pequeri
city_3149606,base.br,base.state_br_mg,3149606,Pequi
city_3149705,base.br,base.state_br_mg,3149705,Perdigão
city_3149804,base.br,base.state_br_mg,3149804,Perdizes
city_3149903,base.br,base.state_br_mg,3149903,Perdões
city_3149952,base.br,base.state_br_mg,3149952,Periquito
city_3150000,base.br,base.state_br_mg,3150000,Pescador
city_3150109,base.br,base.state_br_mg,3150109,Piau
city_3150158,base.br,base.state_br_mg,3150158,Piedade de Caratinga
city_3150208,base.br,base.state_br_mg,3150208,Piedade de Ponte Nova
city_3150307,base.br,base.state_br_mg,3150307,Piedade do Rio Grande
city_3150406,base.br,base.state_br_mg,3150406,Piedade dos Gerais
city_3150505,base.br,base.state_br_mg,3150505,Pimenta
city_3150539,base.br,base.state_br_mg,3150539,Pingo-d'Água
city_3150570,base.br,base.state_br_mg,3150570,Pintópolis
city_3150604,base.br,base.state_br_mg,3150604,Piracema
city_3150703,base.br,base.state_br_mg,3150703,Pirajuba
city_3150802,base.br,base.state_br_mg,3150802,Piranga
city_3150901,base.br,base.state_br_mg,3150901,Piranguçu
city_3151008,base.br,base.state_br_mg,3151008,Piranguinho
city_3151107,base.br,base.state_br_mg,3151107,Pirapetinga
city_3151206,base.br,base.state_br_mg,3151206,Pirapora
city_3151305,base.br,base.state_br_mg,3151305,Piraúba
city_3151404,base.br,base.state_br_mg,3151404,Pitangui
city_3151503,base.br,base.state_br_mg,3151503,Piumhi
city_3151602,base.br,base.state_br_mg,3151602,Planura
city_3151701,base.br,base.state_br_mg,3151701,Poço Fundo
city_3151800,base.br,base.state_br_mg,3151800,Poços de Caldas
city_3151909,base.br,base.state_br_mg,3151909,Pocrane
city_3152006,base.br,base.state_br_mg,3152006,Pompéu
city_3152105,base.br,base.state_br_mg,3152105,Ponte Nova
city_3152131,base.br,base.state_br_mg,3152131,Ponto Chique
city_3152170,base.br,base.state_br_mg,3152170,Ponto dos Volantes
city_3152204,base.br,base.state_br_mg,3152204,Porteirinha
city_3152303,base.br,base.state_br_mg,3152303,Porto Firme
city_3152402,base.br,base.state_br_mg,3152402,Poté
city_3152501,base.br,base.state_br_mg,3152501,Pouso Alegre
city_3152600,base.br,base.state_br_mg,3152600,Pouso Alto
city_3152709,base.br,base.state_br_mg,3152709,Prados
city_3152808,base.br,base.state_br_mg,3152808,Prata
city_3152907,base.br,base.state_br_mg,3152907,Pratápolis
city_3153004,base.br,base.state_br_mg,3153004,Pratinha
city_3153103,base.br,base.state_br_mg,3153103,Presidente Bernardes
city_3153202,base.br,base.state_br_mg,3153202,Presidente Juscelino
city_3153301,base.br,base.state_br_mg,3153301,Presidente Kubitschek
city_3153400,base.br,base.state_br_mg,3153400,Presidente Olegário
city_3153608,base.br,base.state_br_mg,3153608,Prudente de Morais
city_3153707,base.br,base.state_br_mg,3153707,Quartel Geral
city_3153806,base.br,base.state_br_mg,3153806,Queluzito
city_3153905,base.br,base.state_br_mg,3153905,Raposos
city_3154002,base.br,base.state_br_mg,3154002,Raul Soares
city_3154101,base.br,base.state_br_mg,3154101,Recreio
city_3154150,base.br,base.state_br_mg,3154150,Reduto
city_3154200,base.br,base.state_br_mg,3154200,Resende Costa
city_3154309,base.br,base.state_br_mg,3154309,Resplendor
city_3154408,base.br,base.state_br_mg,3154408,Ressaquinha
city_3154457,base.br,base.state_br_mg,3154457,Riachinho
city_3154507,base.br,base.state_br_mg,3154507,Riacho dos Machados
city_3154606,base.br,base.state_br_mg,3154606,Ribeirão das Neves
city_3154705,base.br,base.state_br_mg,3154705,Ribeirão Vermelho
city_3154804,base.br,base.state_br_mg,3154804,Rio Acima
city_3154903,base.br,base.state_br_mg,3154903,Rio Casca
city_3155108,base.br,base.state_br_mg,3155108,Rio do Prado
city_3155009,base.br,base.state_br_mg,3155009,Rio Doce
city_3155207,base.br,base.state_br_mg,3155207,Rio Espera
city_3155306,base.br,base.state_br_mg,3155306,Rio Manso
city_3155405,base.br,base.state_br_mg,3155405,Rio Novo
city_3155504,base.br,base.state_br_mg,3155504,Rio Paranaíba
city_3155603,base.br,base.state_br_mg,3155603,Rio Pardo de Minas
city_3155702,base.br,base.state_br_mg,3155702,Rio Piracicaba
city_3155801,base.br,base.state_br_mg,3155801,Rio Pomba
city_3155900,base.br,base.state_br_mg,3155900,Rio Preto
city_3156007,base.br,base.state_br_mg,3156007,Rio Vermelho
city_3156106,base.br,base.state_br_mg,3156106,Ritápolis
city_3156205,base.br,base.state_br_mg,3156205,Rochedo de Minas
city_3156304,base.br,base.state_br_mg,3156304,Rodeiro
city_3156403,base.br,base.state_br_mg,3156403,Romaria
city_3156452,base.br,base.state_br_mg,3156452,Rosário da Limeira
city_3156502,base.br,base.state_br_mg,3156502,Rubelita
city_3156601,base.br,base.state_br_mg,3156601,Rubim
city_3156700,base.br,base.state_br_mg,3156700,Sabará
city_3156809,base.br,base.state_br_mg,3156809,Sabinópolis
city_3156908,base.br,base.state_br_mg,3156908,Sacramento
city_3157005,base.br,base.state_br_mg,3157005,Salinas
city_3157104,base.br,base.state_br_mg,3157104,Salto da Divisa
city_3157203,base.br,base.state_br_mg,3157203,Santa Bárbara
city_3157252,base.br,base.state_br_mg,3157252,Santa Bárbara do Leste
city_3157278,base.br,base.state_br_mg,3157278,Santa Bárbara do Monte Verde
city_3157302,base.br,base.state_br_mg,3157302,Santa Bárbara do Tugúrio
city_3157336,base.br,base.state_br_mg,3157336,Santa Cruz de Minas
city_3157377,base.br,base.state_br_mg,3157377,Santa Cruz de Salinas
city_3157401,base.br,base.state_br_mg,3157401,Santa Cruz do Escalvado
city_3157500,base.br,base.state_br_mg,3157500,Santa Efigênia de Minas
city_3157609,base.br,base.state_br_mg,3157609,Santa Fé de Minas
city_3157658,base.br,base.state_br_mg,3157658,Santa Helena de Minas
city_3157708,base.br,base.state_br_mg,3157708,Santa Juliana
city_3157807,base.br,base.state_br_mg,3157807,Santa Luzia
city_3157906,base.br,base.state_br_mg,3157906,Santa Margarida
city_3158003,base.br,base.state_br_mg,3158003,Santa Maria de Itabira
city_3158102,base.br,base.state_br_mg,3158102,Santa Maria do Salto
city_3158201,base.br,base.state_br_mg,3158201,Santa Maria do Suaçuí
city_3159209,base.br,base.state_br_mg,3159209,Santa Rita de Caldas
city_3159407,base.br,base.state_br_mg,3159407,Santa Rita de Ibitipoca
city_3159308,base.br,base.state_br_mg,3159308,Santa Rita de Jacutinga
city_3159357,base.br,base.state_br_mg,3159357,Santa Rita de Minas
city_3159506,base.br,base.state_br_mg,3159506,Santa Rita do Itueto
city_3159605,base.br,base.state_br_mg,3159605,Santa Rita do Sapucaí
city_3159704,base.br,base.state_br_mg,3159704,Santa Rosa da Serra
city_3159803,base.br,base.state_br_mg,3159803,Santa Vitória
city_3158300,base.br,base.state_br_mg,3158300,Santana da Vargem
city_3158409,base.br,base.state_br_mg,3158409,Santana de Cataguases
city_3158508,base.br,base.state_br_mg,3158508,Santana de Pirapama
city_3158607,base.br,base.state_br_mg,3158607,Santana do Deserto
city_3158706,base.br,base.state_br_mg,3158706,Santana do Garambéu
city_3158805,base.br,base.state_br_mg,3158805,Santana do Jacaré
city_3158904,base.br,base.state_br_mg,3158904,Santana do Manhuaçu
city_3158953,base.br,base.state_br_mg,3158953,Santana do Paraíso
city_3159001,base.br,base.state_br_mg,3159001,Santana do Riacho
city_3159100,base.br,base.state_br_mg,3159100,Santana dos Montes
city_3159902,base.br,base.state_br_mg,3159902,Santo Antônio do Amparo
city_3160009,base.br,base.state_br_mg,3160009,Santo Antônio do Aventureiro
city_3160108,base.br,base.state_br_mg,3160108,Santo Antônio do Grama
city_3160207,base.br,base.state_br_mg,3160207,Santo Antônio do Itambé
city_3160306,base.br,base.state_br_mg,3160306,Santo Antônio do Jacinto
city_3160405,base.br,base.state_br_mg,3160405,Santo Antônio do Monte
city_3160454,base.br,base.state_br_mg,3160454,Santo Antônio do Retiro
city_3160504,base.br,base.state_br_mg,3160504,Santo Antônio do Rio Abaixo
city_3160603,base.br,base.state_br_mg,3160603,Santo Hipólito
city_3160702,base.br,base.state_br_mg,3160702,Santos Dumont
city_3160801,base.br,base.state_br_mg,3160801,São Bento Abade
city_3160900,base.br,base.state_br_mg,3160900,São Brás do Suaçuí
city_3160959,base.br,base.state_br_mg,3160959,São Domingos das Dores
city_3161007,base.br,base.state_br_mg,3161007,São Domingos do Prata
city_3161056,base.br,base.state_br_mg,3161056,São Félix de Minas
city_3161106,base.br,base.state_br_mg,3161106,São Francisco
city_3161205,base.br,base.state_br_mg,3161205,São Francisco de Paula
city_3161304,base.br,base.state_br_mg,3161304,São Francisco de Sales
city_3161403,base.br,base.state_br_mg,3161403,São Francisco do Glória
city_3161502,base.br,base.state_br_mg,3161502,São Geraldo
city_3161601,base.br,base.state_br_mg,3161601,São Geraldo da Piedade
city_3161650,base.br,base.state_br_mg,3161650,São Geraldo do Baixio
city_3161700,base.br,base.state_br_mg,3161700,São Gonçalo do Abaeté
city_3161809,base.br,base.state_br_mg,3161809,São Gonçalo do Pará
city_3161908,base.br,base.state_br_mg,3161908,São Gonçalo do Rio Abaixo
city_3125507,base.br,base.state_br_mg,3125507,São Gonçalo do Rio Preto
city_3162005,base.br,base.state_br_mg,3162005,São Gonçalo do Sapucaí
city_3162104,base.br,base.state_br_mg,3162104,São Gotardo
city_3162203,base.br,base.state_br_mg,3162203,São João Batista do Glória
city_3162252,base.br,base.state_br_mg,3162252,São João da Lagoa
city_3162302,base.br,base.state_br_mg,3162302,São João da Mata
city_3162401,base.br,base.state_br_mg,3162401,São João da Ponte
city_3162450,base.br,base.state_br_mg,3162450,São João das Missões
city_3162500,base.br,base.state_br_mg,3162500,São João del Rei
city_3162559,base.br,base.state_br_mg,3162559,São João do Manhuaçu
city_3162575,base.br,base.state_br_mg,3162575,São João do Manteninha
city_3162609,base.br,base.state_br_mg,3162609,São João do Oriente
city_3162658,base.br,base.state_br_mg,3162658,São João do Pacuí
city_3162708,base.br,base.state_br_mg,3162708,São João do Paraíso
city_3162807,base.br,base.state_br_mg,3162807,São João Evangelista
city_3162906,base.br,base.state_br_mg,3162906,São João Nepomuceno
city_3162922,base.br,base.state_br_mg,3162922,São Joaquim de Bicas
city_3162948,base.br,base.state_br_mg,3162948,São José da Barra
city_3162955,base.br,base.state_br_mg,3162955,São José da Lapa
city_3163003,base.br,base.state_br_mg,3163003,São José da Safira
city_3163102,base.br,base.state_br_mg,3163102,São José da Varginha
city_3163201,base.br,base.state_br_mg,3163201,São José do Alegre
city_3163300,base.br,base.state_br_mg,3163300,São José do Divino
city_3163409,base.br,base.state_br_mg,3163409,São José do Goiabal
city_3163508,base.br,base.state_br_mg,3163508,São José do Jacuri
city_3163607,base.br,base.state_br_mg,3163607,São José do Mantimento
city_3163706,base.br,base.state_br_mg,3163706,São Lourenço
city_3163805,base.br,base.state_br_mg,3163805,São Miguel do Anta
city_3163904,base.br,base.state_br_mg,3163904,São Pedro da União
city_3164100,base.br,base.state_br_mg,3164100,São Pedro do Suaçuí
city_3164001,base.br,base.state_br_mg,3164001,São Pedro dos Ferros
city_3164209,base.br,base.state_br_mg,3164209,São Romão
city_3164308,base.br,base.state_br_mg,3164308,São Roque de Minas
city_3164407,base.br,base.state_br_mg,3164407,São Sebastião da Bela Vista
city_3164431,base.br,base.state_br_mg,3164431,São Sebastião da Vargem Alegre
city_3164472,base.br,base.state_br_mg,3164472,São Sebastião do Anta
city_3164506,base.br,base.state_br_mg,3164506,São Sebastião do Maranhão
city_3164605,base.br,base.state_br_mg,3164605,São Sebastião do Oeste
city_3164704,base.br,base.state_br_mg,3164704,São Sebastião do Paraíso
city_3164803,base.br,base.state_br_mg,3164803,São Sebastião do Rio Preto
city_3164902,base.br,base.state_br_mg,3164902,São Sebastião do Rio Verde
city_3165008,base.br,base.state_br_mg,3165008,São Tiago
city_3165107,base.br,base.state_br_mg,3165107,São Tomás de Aquino
city_3165206,base.br,base.state_br_mg,3165206,São Tomé das Letras
city_3165305,base.br,base.state_br_mg,3165305,São Vicente de Minas
city_3165404,base.br,base.state_br_mg,3165404,Sapucaí-Mirim
city_3165503,base.br,base.state_br_mg,3165503,Sardoá
city_3165537,base.br,base.state_br_mg,3165537,Sarzedo
city_3165560,base.br,base.state_br_mg,3165560,Sem-Peixe
city_3165578,base.br,base.state_br_mg,3165578,Senador Amaral
city_3165602,base.br,base.state_br_mg,3165602,Senador Cortes
city_3165701,base.br,base.state_br_mg,3165701,Senador Firmino
city_3165800,base.br,base.state_br_mg,3165800,Senador José Bento
city_3165909,base.br,base.state_br_mg,3165909,Senador Modestino Gonçalves
city_3166006,base.br,base.state_br_mg,3166006,Senhora de Oliveira
city_3166105,base.br,base.state_br_mg,3166105,Senhora do Porto
city_3166204,base.br,base.state_br_mg,3166204,Senhora dos Remédios
city_3166303,base.br,base.state_br_mg,3166303,Sericita
city_3166402,base.br,base.state_br_mg,3166402,Seritinga
city_3166501,base.br,base.state_br_mg,3166501,Serra Azul de Minas
city_3166600,base.br,base.state_br_mg,3166600,Serra da Saudade
city_3166808,base.br,base.state_br_mg,3166808,Serra do Salitre
city_3166709,base.br,base.state_br_mg,3166709,Serra dos Aimorés
city_3166907,base.br,base.state_br_mg,3166907,Serrania
city_3166956,base.br,base.state_br_mg,3166956,Serranópolis de Minas
city_3167004,base.br,base.state_br_mg,3167004,Serranos
city_3167103,base.br,base.state_br_mg,3167103,Serro
city_3167202,base.br,base.state_br_mg,3167202,Sete Lagoas
city_3165552,base.br,base.state_br_mg,3165552,Setubinha
city_3167301,base.br,base.state_br_mg,3167301,Silveirânia
city_3167400,base.br,base.state_br_mg,3167400,Silvianópolis
city_3167509,base.br,base.state_br_mg,3167509,Simão Pereira
city_3167608,base.br,base.state_br_mg,3167608,Simonésia
city_3167707,base.br,base.state_br_mg,3167707,Sobrália
city_3167806,base.br,base.state_br_mg,3167806,Soledade de Minas
city_3167905,base.br,base.state_br_mg,3167905,Tabuleiro
city_3168002,base.br,base.state_br_mg,3168002,Taiobeiras
city_3168051,base.br,base.state_br_mg,3168051,Taparuba
city_3168101,base.br,base.state_br_mg,3168101,Tapira
city_3168200,base.br,base.state_br_mg,3168200,Tapiraí
city_3168309,base.br,base.state_br_mg,3168309,Taquaraçu de Minas
city_3168408,base.br,base.state_br_mg,3168408,Tarumirim
city_3168507,base.br,base.state_br_mg,3168507,Teixeiras
city_3168606,base.br,base.state_br_mg,3168606,Teófilo Otoni
city_3168705,base.br,base.state_br_mg,3168705,Timóteo
city_3168804,base.br,base.state_br_mg,3168804,Tiradentes
city_3168903,base.br,base.state_br_mg,3168903,Tiros
city_3169000,base.br,base.state_br_mg,3169000,Tocantins
city_3169059,base.br,base.state_br_mg,3169059,Tocos do Moji
city_3169109,base.br,base.state_br_mg,3169109,Toledo
city_3169208,base.br,base.state_br_mg,3169208,Tombos
city_3169307,base.br,base.state_br_mg,3169307,Três Corações
city_3169356,base.br,base.state_br_mg,3169356,Três Marias
city_3169406,base.br,base.state_br_mg,3169406,Três Pontas
city_3169505,base.br,base.state_br_mg,3169505,Tumiritinga
city_3169604,base.br,base.state_br_mg,3169604,Tupaciguara
city_3169703,base.br,base.state_br_mg,3169703,Turmalina
city_3169802,base.br,base.state_br_mg,3169802,Turvolândia
city_3169901,base.br,base.state_br_mg,3169901,Ubá
city_3170008,base.br,base.state_br_mg,3170008,Ubaí
city_3170057,base.br,base.state_br_mg,3170057,Ubaporanga
city_3170107,base.br,base.state_br_mg,3170107,Uberaba
city_3170206,base.br,base.state_br_mg,3170206,Uberlândia
city_3170305,base.br,base.state_br_mg,3170305,Umburatiba
city_3170404,base.br,base.state_br_mg,3170404,Unaí
city_3170438,base.br,base.state_br_mg,3170438,União de Minas
city_3170479,base.br,base.state_br_mg,3170479,Uruana de Minas
city_3170503,base.br,base.state_br_mg,3170503,Urucânia
city_3170529,base.br,base.state_br_mg,3170529,Urucuia
city_3170578,base.br,base.state_br_mg,3170578,Vargem Alegre
city_3170602,base.br,base.state_br_mg,3170602,Vargem Bonita
city_3170651,base.br,base.state_br_mg,3170651,Vargem Grande do Rio Pardo
city_3170701,base.br,base.state_br_mg,3170701,Varginha
city_3170750,base.br,base.state_br_mg,3170750,Varjão de Minas
city_3170800,base.br,base.state_br_mg,3170800,Várzea da Palma
city_3170909,base.br,base.state_br_mg,3170909,Varzelândia
city_3171006,base.br,base.state_br_mg,3171006,Vazante
city_3171030,base.br,base.state_br_mg,3171030,Verdelândia
city_3171071,base.br,base.state_br_mg,3171071,Veredinha
city_3171105,base.br,base.state_br_mg,3171105,Veríssimo
city_3171154,base.br,base.state_br_mg,3171154,Vermelho Novo
city_3171204,base.br,base.state_br_mg,3171204,Vespasiano
city_3171303,base.br,base.state_br_mg,3171303,Viçosa
city_3171402,base.br,base.state_br_mg,3171402,Vieiras
city_3171600,base.br,base.state_br_mg,3171600,Virgem da Lapa
city_3171709,base.br,base.state_br_mg,3171709,Virgínia
city_3171808,base.br,base.state_br_mg,3171808,Virginópolis
city_3171907,base.br,base.state_br_mg,3171907,Virgolândia
city_3172004,base.br,base.state_br_mg,3172004,Visconde do Rio Branco
city_3172103,base.br,base.state_br_mg,3172103,Volta Grande
city_3172202,base.br,base.state_br_mg,3172202,Wenceslau Braz
city_3200102,base.br,base.state_br_es,3200102,Afonso Cláudio
city_3200169,base.br,base.state_br_es,3200169,Água Doce do Norte
city_3200136,base.br,base.state_br_es,3200136,Águia Branca
city_3200201,base.br,base.state_br_es,3200201,Alegre
city_3200300,base.br,base.state_br_es,3200300,Alfredo Chaves
city_3200359,base.br,base.state_br_es,3200359,Alto Rio Novo
city_3200409,base.br,base.state_br_es,3200409,Anchieta
city_3200508,base.br,base.state_br_es,3200508,Apiacá
city_3200607,base.br,base.state_br_es,3200607,Aracruz
city_3200706,base.br,base.state_br_es,3200706,Atílio Vivácqua
city_3200805,base.br,base.state_br_es,3200805,Baixo Guandu
city_3200904,base.br,base.state_br_es,3200904,Barra de São Francisco
city_3201001,base.br,base.state_br_es,3201001,Boa Esperança
city_3201100,base.br,base.state_br_es,3201100,Bom Jesus do Norte
city_3201159,base.br,base.state_br_es,3201159,Brejetuba
city_3201209,base.br,base.state_br_es,3201209,Cachoeiro de Itapemirim
city_3201308,base.br,base.state_br_es,3201308,Cariacica
city_3201407,base.br,base.state_br_es,3201407,Castelo
city_3201506,base.br,base.state_br_es,3201506,Colatina
city_3201605,base.br,base.state_br_es,3201605,Conceição da Barra
city_3201704,base.br,base.state_br_es,3201704,Conceição do Castelo
city_3201803,base.br,base.state_br_es,3201803,Divino de São Lourenço
city_3201902,base.br,base.state_br_es,3201902,Domingos Martins
city_3202009,base.br,base.state_br_es,3202009,Dores do Rio Preto
city_3202108,base.br,base.state_br_es,3202108,Ecoporanga
city_3202207,base.br,base.state_br_es,3202207,Fundão
city_3202256,base.br,base.state_br_es,3202256,Governador Lindenberg
city_3202306,base.br,base.state_br_es,3202306,Guaçuí
city_3202405,base.br,base.state_br_es,3202405,Guarapari
city_3202454,base.br,base.state_br_es,3202454,Ibatiba
city_3202504,base.br,base.state_br_es,3202504,Ibiraçu
city_3202553,base.br,base.state_br_es,3202553,Ibitirama
city_3202603,base.br,base.state_br_es,3202603,Iconha
city_3202652,base.br,base.state_br_es,3202652,Irupi
city_3202702,base.br,base.state_br_es,3202702,Itaguaçu
city_3202801,base.br,base.state_br_es,3202801,Itapemirim
city_3202900,base.br,base.state_br_es,3202900,Itarana
city_3203007,base.br,base.state_br_es,3203007,Iúna
city_3203056,base.br,base.state_br_es,3203056,Jaguaré
city_3203106,base.br,base.state_br_es,3203106,Jerônimo Monteiro
city_3203130,base.br,base.state_br_es,3203130,João Neiva
city_3203163,base.br,base.state_br_es,3203163,Laranja da Terra
city_3203205,base.br,base.state_br_es,3203205,Linhares
city_3203304,base.br,base.state_br_es,3203304,Mantenópolis
city_3203320,base.br,base.state_br_es,3203320,Marataízes
city_3203346,base.br,base.state_br_es,3203346,Marechal Floriano
city_3203353,base.br,base.state_br_es,3203353,Marilândia
city_3203403,base.br,base.state_br_es,3203403,Mimoso do Sul
city_3203502,base.br,base.state_br_es,3203502,Montanha
city_3203601,base.br,base.state_br_es,3203601,Mucurici
city_3203700,base.br,base.state_br_es,3203700,Muniz Freire
city_3203809,base.br,base.state_br_es,3203809,Muqui
city_3203908,base.br,base.state_br_es,3203908,Nova Venécia
city_3204005,base.br,base.state_br_es,3204005,Pancas
city_3204054,base.br,base.state_br_es,3204054,Pedro Canário
city_3204104,base.br,base.state_br_es,3204104,Pinheiros
city_3204203,base.br,base.state_br_es,3204203,Piúma
city_3204252,base.br,base.state_br_es,3204252,Ponto Belo
city_3204302,base.br,base.state_br_es,3204302,Presidente Kennedy
city_3204351,base.br,base.state_br_es,3204351,Rio Bananal
city_3204401,base.br,base.state_br_es,3204401,Rio Novo do Sul
city_3204500,base.br,base.state_br_es,3204500,Santa Leopoldina
city_3204559,base.br,base.state_br_es,3204559,Santa Maria de Jetibá
city_3204609,base.br,base.state_br_es,3204609,Santa Teresa
city_3204658,base.br,base.state_br_es,3204658,São Domingos do Norte
city_3204708,base.br,base.state_br_es,3204708,São Gabriel da Palha
city_3204807,base.br,base.state_br_es,3204807,São José do Calçado
city_3204906,base.br,base.state_br_es,3204906,São Mateus
city_3204955,base.br,base.state_br_es,3204955,São Roque do Canaã
city_3205002,base.br,base.state_br_es,3205002,Serra
city_3205010,base.br,base.state_br_es,3205010,Sooretama
city_3205036,base.br,base.state_br_es,3205036,Vargem Alta
city_3205069,base.br,base.state_br_es,3205069,Venda Nova do Imigrante
city_3205101,base.br,base.state_br_es,3205101,Viana
city_3205150,base.br,base.state_br_es,3205150,Vila Pavão
city_3205176,base.br,base.state_br_es,3205176,Vila Valério
city_3205200,base.br,base.state_br_es,3205200,Vila Velha
city_3205309,base.br,base.state_br_es,3205309,Vitória
city_3300100,base.br,base.state_br_rj,3300100,Angra dos Reis
city_3300159,base.br,base.state_br_rj,3300159,Aperibé
city_3300209,base.br,base.state_br_rj,3300209,Araruama
city_3300225,base.br,base.state_br_rj,3300225,Areal
city_3300233,base.br,base.state_br_rj,3300233,Armação dos Búzios
city_3300258,base.br,base.state_br_rj,3300258,Arraial do Cabo
city_3300308,base.br,base.state_br_rj,3300308,Barra do Piraí
city_3300407,base.br,base.state_br_rj,3300407,Barra Mansa
city_3300456,base.br,base.state_br_rj,3300456,Belford Roxo
city_3300506,base.br,base.state_br_rj,3300506,Bom Jardim
city_3300605,base.br,base.state_br_rj,3300605,Bom Jesus do Itabapoana
city_3300704,base.br,base.state_br_rj,3300704,Cabo Frio
city_3300803,base.br,base.state_br_rj,3300803,Cachoeiras de Macacu
city_3300902,base.br,base.state_br_rj,3300902,Cambuci
city_3301009,base.br,base.state_br_rj,3301009,Campos dos Goytacazes
city_3301108,base.br,base.state_br_rj,3301108,Cantagalo
city_3300936,base.br,base.state_br_rj,3300936,Carapebus
city_3301157,base.br,base.state_br_rj,3301157,Cardoso Moreira
city_3301207,base.br,base.state_br_rj,3301207,Carmo
city_3301306,base.br,base.state_br_rj,3301306,Casimiro de Abreu
city_3300951,base.br,base.state_br_rj,3300951,Comendador Levy Gasparian
city_3301405,base.br,base.state_br_rj,3301405,Conceição de Macabu
city_3301504,base.br,base.state_br_rj,3301504,Cordeiro
city_3301603,base.br,base.state_br_rj,3301603,Duas Barras
city_3301702,base.br,base.state_br_rj,3301702,Duque de Caxias
city_3301801,base.br,base.state_br_rj,3301801,Engenheiro Paulo de Frontin
city_3301850,base.br,base.state_br_rj,3301850,Guapimirim
city_3301876,base.br,base.state_br_rj,3301876,Iguaba Grande
city_3301900,base.br,base.state_br_rj,3301900,Itaboraí
city_3302007,base.br,base.state_br_rj,3302007,Itaguaí
city_3302056,base.br,base.state_br_rj,3302056,Italva
city_3302106,base.br,base.state_br_rj,3302106,Itaocara
city_3302205,base.br,base.state_br_rj,3302205,Itaperuna
city_3302254,base.br,base.state_br_rj,3302254,Itatiaia
city_3302270,base.br,base.state_br_rj,3302270,Japeri
city_3302304,base.br,base.state_br_rj,3302304,Laje do Muriaé
city_3302403,base.br,base.state_br_rj,3302403,Macaé
city_3302452,base.br,base.state_br_rj,3302452,Macuco
city_3302502,base.br,base.state_br_rj,3302502,Magé
city_3302601,base.br,base.state_br_rj,3302601,Mangaratiba
city_3302700,base.br,base.state_br_rj,3302700,Maricá
city_3302809,base.br,base.state_br_rj,3302809,Mendes
city_3302858,base.br,base.state_br_rj,3302858,Mesquita
city_3302908,base.br,base.state_br_rj,3302908,Miguel Pereira
city_3303005,base.br,base.state_br_rj,3303005,Miracema
city_3303104,base.br,base.state_br_rj,3303104,Natividade
city_3303203,base.br,base.state_br_rj,3303203,Nilópolis
city_3303302,base.br,base.state_br_rj,3303302,Niterói
city_3303401,base.br,base.state_br_rj,3303401,Nova Friburgo
city_3303500,base.br,base.state_br_rj,3303500,Nova Iguaçu
city_3303609,base.br,base.state_br_rj,3303609,Paracambi
city_3303708,base.br,base.state_br_rj,3303708,Paraíba do Sul
city_3303807,base.br,base.state_br_rj,3303807,Paraty
city_3303856,base.br,base.state_br_rj,3303856,Paty do Alferes
city_3303906,base.br,base.state_br_rj,3303906,Petrópolis
city_3303955,base.br,base.state_br_rj,3303955,Pinheiral
city_3304003,base.br,base.state_br_rj,3304003,Piraí
city_3304102,base.br,base.state_br_rj,3304102,Porciúncula
city_3304110,base.br,base.state_br_rj,3304110,Porto Real
city_3304128,base.br,base.state_br_rj,3304128,Quatis
city_3304144,base.br,base.state_br_rj,3304144,Queimados
city_3304151,base.br,base.state_br_rj,3304151,Quissamã
city_3304201,base.br,base.state_br_rj,3304201,Resende
city_3304300,base.br,base.state_br_rj,3304300,Rio Bonito
city_3304409,base.br,base.state_br_rj,3304409,Rio Claro
city_3304508,base.br,base.state_br_rj,3304508,Rio das Flores
city_3304524,base.br,base.state_br_rj,3304524,Rio das Ostras
city_3304557,base.br,base.state_br_rj,3304557,Rio de Janeiro
city_3304607,base.br,base.state_br_rj,3304607,Santa Maria Madalena
city_3304706,base.br,base.state_br_rj,3304706,Santo Antônio de Pádua
city_3304805,base.br,base.state_br_rj,3304805,São Fidélis
city_3304755,base.br,base.state_br_rj,3304755,São Francisco de Itabapoana
city_3304904,base.br,base.state_br_rj,3304904,São Gonçalo
city_3305000,base.br,base.state_br_rj,3305000,São João da Barra
city_3305109,base.br,base.state_br_rj,3305109,São João de Meriti
city_3305133,base.br,base.state_br_rj,3305133,São José de Ubá
city_3305158,base.br,base.state_br_rj,3305158,São José do Vale do Rio Preto
city_3305208,base.br,base.state_br_rj,3305208,São Pedro da Aldeia
city_3305307,base.br,base.state_br_rj,3305307,São Sebastião do Alto
city_3305406,base.br,base.state_br_rj,3305406,Sapucaia
city_3305505,base.br,base.state_br_rj,3305505,Saquarema
city_3305554,base.br,base.state_br_rj,3305554,Seropédica
city_3305604,base.br,base.state_br_rj,3305604,Silva Jardim
city_3305703,base.br,base.state_br_rj,3305703,Sumidouro
city_3305752,base.br,base.state_br_rj,3305752,Tanguá
city_3305802,base.br,base.state_br_rj,3305802,Teresópolis
city_3305901,base.br,base.state_br_rj,3305901,Trajano de Moraes
city_3306008,base.br,base.state_br_rj,3306008,Três Rios
city_3306107,base.br,base.state_br_rj,3306107,Valença
city_3306156,base.br,base.state_br_rj,3306156,Varre-Sai
city_3306206,base.br,base.state_br_rj,3306206,Vassouras
city_3306305,base.br,base.state_br_rj,3306305,Volta Redonda
city_3500105,base.br,base.state_br_sp,3500105,Adamantina
city_3500204,base.br,base.state_br_sp,3500204,Adolfo
city_3500303,base.br,base.state_br_sp,3500303,Aguaí
city_3500402,base.br,base.state_br_sp,3500402,Águas da Prata
city_3500501,base.br,base.state_br_sp,3500501,Águas de Lindóia
city_3500550,base.br,base.state_br_sp,3500550,Águas de Santa Bárbara
city_3500600,base.br,base.state_br_sp,3500600,Águas de São Pedro
city_3500709,base.br,base.state_br_sp,3500709,Agudos
city_3500758,base.br,base.state_br_sp,3500758,Alambari
city_3500808,base.br,base.state_br_sp,3500808,Alfredo Marcondes
city_3500907,base.br,base.state_br_sp,3500907,Altair
city_3501004,base.br,base.state_br_sp,3501004,Altinópolis
city_3501103,base.br,base.state_br_sp,3501103,Alto Alegre
city_3501152,base.br,base.state_br_sp,3501152,Alumínio
city_3501202,base.br,base.state_br_sp,3501202,Álvares Florence
city_3501301,base.br,base.state_br_sp,3501301,Álvares Machado
city_3501400,base.br,base.state_br_sp,3501400,Álvaro de Carvalho
city_3501509,base.br,base.state_br_sp,3501509,Alvinlândia
city_3501608,base.br,base.state_br_sp,3501608,Americana
city_3501707,base.br,base.state_br_sp,3501707,Américo Brasiliense
city_3501806,base.br,base.state_br_sp,3501806,Américo de Campos
city_3501905,base.br,base.state_br_sp,3501905,Amparo
city_3502002,base.br,base.state_br_sp,3502002,Analândia
city_3502101,base.br,base.state_br_sp,3502101,Andradina
city_3502200,base.br,base.state_br_sp,3502200,Angatuba
city_3502309,base.br,base.state_br_sp,3502309,Anhembi
city_3502408,base.br,base.state_br_sp,3502408,Anhumas
city_3502507,base.br,base.state_br_sp,3502507,Aparecida
city_3502606,base.br,base.state_br_sp,3502606,Aparecida d'Oeste
city_3502705,base.br,base.state_br_sp,3502705,Apiaí
city_3502754,base.br,base.state_br_sp,3502754,Araçariguama
city_3502804,base.br,base.state_br_sp,3502804,Araçatuba
city_3502903,base.br,base.state_br_sp,3502903,Araçoiaba da Serra
city_3503000,base.br,base.state_br_sp,3503000,Aramina
city_3503109,base.br,base.state_br_sp,3503109,Arandu
city_3503158,base.br,base.state_br_sp,3503158,Arapeí
city_3503208,base.br,base.state_br_sp,3503208,Araraquara
city_3503307,base.br,base.state_br_sp,3503307,Araras
city_3503356,base.br,base.state_br_sp,3503356,Arco-Íris
city_3503406,base.br,base.state_br_sp,3503406,Arealva
city_3503505,base.br,base.state_br_sp,3503505,Areias
city_3503604,base.br,base.state_br_sp,3503604,Areiópolis
city_3503703,base.br,base.state_br_sp,3503703,Ariranha
city_3503802,base.br,base.state_br_sp,3503802,Artur Nogueira
city_3503901,base.br,base.state_br_sp,3503901,Arujá
city_3503950,base.br,base.state_br_sp,3503950,Aspásia
city_3504008,base.br,base.state_br_sp,3504008,Assis
city_3504107,base.br,base.state_br_sp,3504107,Atibaia
city_3504206,base.br,base.state_br_sp,3504206,Auriflama
city_3504305,base.br,base.state_br_sp,3504305,Avaí
city_3504404,base.br,base.state_br_sp,3504404,Avanhandava
city_3504503,base.br,base.state_br_sp,3504503,Avaré
city_3504602,base.br,base.state_br_sp,3504602,Bady Bassitt
city_3504701,base.br,base.state_br_sp,3504701,Balbinos
city_3504800,base.br,base.state_br_sp,3504800,Bálsamo
city_3504909,base.br,base.state_br_sp,3504909,Bananal
city_3505005,base.br,base.state_br_sp,3505005,Barão de Antonina
city_3505104,base.br,base.state_br_sp,3505104,Barbosa
city_3505203,base.br,base.state_br_sp,3505203,Bariri
city_3505302,base.br,base.state_br_sp,3505302,Barra Bonita
city_3505351,base.br,base.state_br_sp,3505351,Barra do Chapéu
city_3505401,base.br,base.state_br_sp,3505401,Barra do Turvo
city_3505500,base.br,base.state_br_sp,3505500,Barretos
city_3505609,base.br,base.state_br_sp,3505609,Barrinha
city_3505708,base.br,base.state_br_sp,3505708,Barueri
city_3505807,base.br,base.state_br_sp,3505807,Bastos
city_3505906,base.br,base.state_br_sp,3505906,Batatais
city_3506003,base.br,base.state_br_sp,3506003,Bauru
city_3506102,base.br,base.state_br_sp,3506102,Bebedouro
city_3506201,base.br,base.state_br_sp,3506201,Bento de Abreu
city_3506300,base.br,base.state_br_sp,3506300,Bernardino de Campos
city_3506359,base.br,base.state_br_sp,3506359,Bertioga
city_3506409,base.br,base.state_br_sp,3506409,Bilac
city_3506508,base.br,base.state_br_sp,3506508,Birigui
city_3506607,base.br,base.state_br_sp,3506607,Biritiba Mirim
city_3506706,base.br,base.state_br_sp,3506706,Boa Esperança do Sul
city_3506805,base.br,base.state_br_sp,3506805,Bocaina
city_3506904,base.br,base.state_br_sp,3506904,Bofete
city_3507001,base.br,base.state_br_sp,3507001,Boituva
city_3507100,base.br,base.state_br_sp,3507100,Bom Jesus dos Perdões
city_3507159,base.br,base.state_br_sp,3507159,Bom Sucesso de Itararé
city_3507209,base.br,base.state_br_sp,3507209,Borá
city_3507308,base.br,base.state_br_sp,3507308,Boracéia
city_3507407,base.br,base.state_br_sp,3507407,Borborema
city_3507456,base.br,base.state_br_sp,3507456,Borebi
city_3507506,base.br,base.state_br_sp,3507506,Botucatu
city_3507605,base.br,base.state_br_sp,3507605,Bragança Paulista
city_3507704,base.br,base.state_br_sp,3507704,Braúna
city_3507753,base.br,base.state_br_sp,3507753,Brejo Alegre
city_3507803,base.br,base.state_br_sp,3507803,Brodowski
city_3507902,base.br,base.state_br_sp,3507902,Brotas
city_3508009,base.br,base.state_br_sp,3508009,Buri
city_3508108,base.br,base.state_br_sp,3508108,Buritama
city_3508207,base.br,base.state_br_sp,3508207,Buritizal
city_3508306,base.br,base.state_br_sp,3508306,Cabrália Paulista
city_3508405,base.br,base.state_br_sp,3508405,Cabreúva
city_3508504,base.br,base.state_br_sp,3508504,Caçapava
city_3508603,base.br,base.state_br_sp,3508603,Cachoeira Paulista
city_3508702,base.br,base.state_br_sp,3508702,Caconde
city_3508801,base.br,base.state_br_sp,3508801,Cafelândia
city_3508900,base.br,base.state_br_sp,3508900,Caiabu
city_3509007,base.br,base.state_br_sp,3509007,Caieiras
city_3509106,base.br,base.state_br_sp,3509106,Caiuá
city_3509205,base.br,base.state_br_sp,3509205,Cajamar
city_3509254,base.br,base.state_br_sp,3509254,Cajati
city_3509304,base.br,base.state_br_sp,3509304,Cajobi
city_3509403,base.br,base.state_br_sp,3509403,Cajuru
city_3509452,base.br,base.state_br_sp,3509452,Campina do Monte Alegre
city_3509502,base.br,base.state_br_sp,3509502,Campinas
city_3509601,base.br,base.state_br_sp,3509601,Campo Limpo Paulista
city_3509700,base.br,base.state_br_sp,3509700,Campos do Jordão
city_3509809,base.br,base.state_br_sp,3509809,Campos Novos Paulista
city_3509908,base.br,base.state_br_sp,3509908,Cananéia
city_3509957,base.br,base.state_br_sp,3509957,Canas
city_3510005,base.br,base.state_br_sp,3510005,Cândido Mota
city_3510104,base.br,base.state_br_sp,3510104,Cândido Rodrigues
city_3510153,base.br,base.state_br_sp,3510153,Canitar
city_3510203,base.br,base.state_br_sp,3510203,Capão Bonito
city_3510302,base.br,base.state_br_sp,3510302,Capela do Alto
city_3510401,base.br,base.state_br_sp,3510401,Capivari
city_3510500,base.br,base.state_br_sp,3510500,Caraguatatuba
city_3510609,base.br,base.state_br_sp,3510609,Carapicuíba
city_3510708,base.br,base.state_br_sp,3510708,Cardoso
city_3510807,base.br,base.state_br_sp,3510807,Casa Branca
city_3510906,base.br,base.state_br_sp,3510906,Cássia dos Coqueiros
city_3511003,base.br,base.state_br_sp,3511003,Castilho
city_3511102,base.br,base.state_br_sp,3511102,Catanduva
city_3511201,base.br,base.state_br_sp,3511201,Catiguá
city_3511300,base.br,base.state_br_sp,3511300,Cedral
city_3511409,base.br,base.state_br_sp,3511409,Cerqueira César
city_3511508,base.br,base.state_br_sp,3511508,Cerquilho
city_3511607,base.br,base.state_br_sp,3511607,Cesário Lange
city_3511706,base.br,base.state_br_sp,3511706,Charqueada
city_3557204,base.br,base.state_br_sp,3557204,Chavantes
city_3511904,base.br,base.state_br_sp,3511904,Clementina
city_3512001,base.br,base.state_br_sp,3512001,Colina
city_3512100,base.br,base.state_br_sp,3512100,Colômbia
city_3512209,base.br,base.state_br_sp,3512209,Conchal
city_3512308,base.br,base.state_br_sp,3512308,Conchas
city_3512407,base.br,base.state_br_sp,3512407,Cordeirópolis
city_3512506,base.br,base.state_br_sp,3512506,Coroados
city_3512605,base.br,base.state_br_sp,3512605,Coronel Macedo
city_3512704,base.br,base.state_br_sp,3512704,Corumbataí
city_3512803,base.br,base.state_br_sp,3512803,Cosmópolis
city_3512902,base.br,base.state_br_sp,3512902,Cosmorama
city_3513009,base.br,base.state_br_sp,3513009,Cotia
city_3513108,base.br,base.state_br_sp,3513108,Cravinhos
city_3513207,base.br,base.state_br_sp,3513207,Cristais Paulista
city_3513306,base.br,base.state_br_sp,3513306,Cruzália
city_3513405,base.br,base.state_br_sp,3513405,Cruzeiro
city_3513504,base.br,base.state_br_sp,3513504,Cubatão
city_3513603,base.br,base.state_br_sp,3513603,Cunha
city_3513702,base.br,base.state_br_sp,3513702,Descalvado
city_3513801,base.br,base.state_br_sp,3513801,Diadema
city_3513850,base.br,base.state_br_sp,3513850,Dirce Reis
city_3513900,base.br,base.state_br_sp,3513900,Divinolândia
city_3514007,base.br,base.state_br_sp,3514007,Dobrada
city_3514106,base.br,base.state_br_sp,3514106,Dois Córregos
city_3514205,base.br,base.state_br_sp,3514205,Dolcinópolis
city_3514304,base.br,base.state_br_sp,3514304,Dourado
city_3514403,base.br,base.state_br_sp,3514403,Dracena
city_3514502,base.br,base.state_br_sp,3514502,Duartina
city_3514601,base.br,base.state_br_sp,3514601,Dumont
city_3514700,base.br,base.state_br_sp,3514700,Echaporã
city_3514809,base.br,base.state_br_sp,3514809,Eldorado
city_3514908,base.br,base.state_br_sp,3514908,Elias Fausto
city_3514924,base.br,base.state_br_sp,3514924,Elisiário
city_3514957,base.br,base.state_br_sp,3514957,Embaúba
city_3515004,base.br,base.state_br_sp,3515004,Embu das Artes
city_3515103,base.br,base.state_br_sp,3515103,Embu-Guaçu
city_3515129,base.br,base.state_br_sp,3515129,Emilianópolis
city_3515152,base.br,base.state_br_sp,3515152,Engenheiro Coelho
city_3515186,base.br,base.state_br_sp,3515186,Espírito Santo do Pinhal
city_3515194,base.br,base.state_br_sp,3515194,Espírito Santo do Turvo
city_3557303,base.br,base.state_br_sp,3557303,Estiva Gerbi
city_3515301,base.br,base.state_br_sp,3515301,Estrela do Norte
city_3515202,base.br,base.state_br_sp,3515202,Estrela d'Oeste
city_3515350,base.br,base.state_br_sp,3515350,Euclides da Cunha Paulista
city_3515400,base.br,base.state_br_sp,3515400,Fartura
city_3515608,base.br,base.state_br_sp,3515608,Fernando Prestes
city_3515509,base.br,base.state_br_sp,3515509,Fernandópolis
city_3515657,base.br,base.state_br_sp,3515657,Fernão
city_3515707,base.br,base.state_br_sp,3515707,Ferraz de Vasconcelos
city_3515806,base.br,base.state_br_sp,3515806,Flora Rica
city_3515905,base.br,base.state_br_sp,3515905,Floreal
city_3516002,base.br,base.state_br_sp,3516002,Flórida Paulista
city_3516101,base.br,base.state_br_sp,3516101,Florínea
city_3516200,base.br,base.state_br_sp,3516200,Franca
city_3516309,base.br,base.state_br_sp,3516309,Francisco Morato
city_3516408,base.br,base.state_br_sp,3516408,Franco da Rocha
city_3516507,base.br,base.state_br_sp,3516507,Gabriel Monteiro
city_3516606,base.br,base.state_br_sp,3516606,Gália
city_3516705,base.br,base.state_br_sp,3516705,Garça
city_3516804,base.br,base.state_br_sp,3516804,Gastão Vidigal
city_3516853,base.br,base.state_br_sp,3516853,Gavião Peixoto
city_3516903,base.br,base.state_br_sp,3516903,General Salgado
city_3517000,base.br,base.state_br_sp,3517000,Getulina
city_3517109,base.br,base.state_br_sp,3517109,Glicério
city_3517208,base.br,base.state_br_sp,3517208,Guaiçara
city_3517307,base.br,base.state_br_sp,3517307,Guaimbê
city_3517406,base.br,base.state_br_sp,3517406,Guaíra
city_3517505,base.br,base.state_br_sp,3517505,Guapiaçu
city_3517604,base.br,base.state_br_sp,3517604,Guapiara
city_3517703,base.br,base.state_br_sp,3517703,Guará
city_3517802,base.br,base.state_br_sp,3517802,Guaraçaí
city_3517901,base.br,base.state_br_sp,3517901,Guaraci
city_3518008,base.br,base.state_br_sp,3518008,Guarani d'Oeste
city_3518107,base.br,base.state_br_sp,3518107,Guarantã
city_3518206,base.br,base.state_br_sp,3518206,Guararapes
city_3518305,base.br,base.state_br_sp,3518305,Guararema
city_3518404,base.br,base.state_br_sp,3518404,Guaratinguetá
city_3518503,base.br,base.state_br_sp,3518503,Guareí
city_3518602,base.br,base.state_br_sp,3518602,Guariba
city_3518701,base.br,base.state_br_sp,3518701,Guarujá
city_3518800,base.br,base.state_br_sp,3518800,Guarulhos
city_3518859,base.br,base.state_br_sp,3518859,Guatapará
city_3518909,base.br,base.state_br_sp,3518909,Guzolândia
city_3519006,base.br,base.state_br_sp,3519006,Herculândia
city_3519055,base.br,base.state_br_sp,3519055,Holambra
city_3519071,base.br,base.state_br_sp,3519071,Hortolândia
city_3519105,base.br,base.state_br_sp,3519105,Iacanga
city_3519204,base.br,base.state_br_sp,3519204,Iacri
city_3519253,base.br,base.state_br_sp,3519253,Iaras
city_3519303,base.br,base.state_br_sp,3519303,Ibaté
city_3519402,base.br,base.state_br_sp,3519402,Ibirá
city_3519501,base.br,base.state_br_sp,3519501,Ibirarema
city_3519600,base.br,base.state_br_sp,3519600,Ibitinga
city_3519709,base.br,base.state_br_sp,3519709,Ibiúna
city_3519808,base.br,base.state_br_sp,3519808,Icém
city_3519907,base.br,base.state_br_sp,3519907,Iepê
city_3520004,base.br,base.state_br_sp,3520004,Igaraçu do Tietê
city_3520103,base.br,base.state_br_sp,3520103,Igarapava
city_3520202,base.br,base.state_br_sp,3520202,Igaratá
city_3520301,base.br,base.state_br_sp,3520301,Iguape
city_3520426,base.br,base.state_br_sp,3520426,Ilha Comprida
city_3520442,base.br,base.state_br_sp,3520442,Ilha Solteira
city_3520400,base.br,base.state_br_sp,3520400,Ilhabela
city_3520509,base.br,base.state_br_sp,3520509,Indaiatuba
city_3520608,base.br,base.state_br_sp,3520608,Indiana
city_3520707,base.br,base.state_br_sp,3520707,Indiaporã
city_3520806,base.br,base.state_br_sp,3520806,Inúbia Paulista
city_3520905,base.br,base.state_br_sp,3520905,Ipaussu
city_3521002,base.br,base.state_br_sp,3521002,Iperó
city_3521101,base.br,base.state_br_sp,3521101,Ipeúna
city_3521150,base.br,base.state_br_sp,3521150,Ipiguá
city_3521200,base.br,base.state_br_sp,3521200,Iporanga
city_3521309,base.br,base.state_br_sp,3521309,Ipuã
city_3521408,base.br,base.state_br_sp,3521408,Iracemápolis
city_3521507,base.br,base.state_br_sp,3521507,Irapuã
city_3521606,base.br,base.state_br_sp,3521606,Irapuru
city_3521705,base.br,base.state_br_sp,3521705,Itaberá
city_3521804,base.br,base.state_br_sp,3521804,Itaí
city_3521903,base.br,base.state_br_sp,3521903,Itajobi
city_3522000,base.br,base.state_br_sp,3522000,Itaju
city_3522109,base.br,base.state_br_sp,3522109,Itanhaém
city_3522158,base.br,base.state_br_sp,3522158,Itaoca
city_3522208,base.br,base.state_br_sp,3522208,Itapecerica da Serra
city_3522307,base.br,base.state_br_sp,3522307,Itapetininga
city_3522406,base.br,base.state_br_sp,3522406,Itapeva
city_3522505,base.br,base.state_br_sp,3522505,Itapevi
city_3522604,base.br,base.state_br_sp,3522604,Itapira
city_3522653,base.br,base.state_br_sp,3522653,Itapirapuã Paulista
city_3522703,base.br,base.state_br_sp,3522703,Itápolis
city_3522802,base.br,base.state_br_sp,3522802,Itaporanga
city_3522901,base.br,base.state_br_sp,3522901,Itapuí
city_3523008,base.br,base.state_br_sp,3523008,Itapura
city_3523107,base.br,base.state_br_sp,3523107,Itaquaquecetuba
city_3523206,base.br,base.state_br_sp,3523206,Itararé
city_3523305,base.br,base.state_br_sp,3523305,Itariri
city_3523404,base.br,base.state_br_sp,3523404,Itatiba
city_3523503,base.br,base.state_br_sp,3523503,Itatinga
city_3523602,base.br,base.state_br_sp,3523602,Itirapina
city_3523701,base.br,base.state_br_sp,3523701,Itirapuã
city_3523800,base.br,base.state_br_sp,3523800,Itobi
city_3523909,base.br,base.state_br_sp,3523909,Itu
city_3524006,base.br,base.state_br_sp,3524006,Itupeva
city_3524105,base.br,base.state_br_sp,3524105,Ituverava
city_3524204,base.br,base.state_br_sp,3524204,Jaborandi
city_3524303,base.br,base.state_br_sp,3524303,Jaboticabal
city_3524402,base.br,base.state_br_sp,3524402,Jacareí
city_3524501,base.br,base.state_br_sp,3524501,Jaci
city_3524600,base.br,base.state_br_sp,3524600,Jacupiranga
city_3524709,base.br,base.state_br_sp,3524709,Jaguariúna
city_3524808,base.br,base.state_br_sp,3524808,Jales
city_3524907,base.br,base.state_br_sp,3524907,Jambeiro
city_3525003,base.br,base.state_br_sp,3525003,Jandira
city_3525102,base.br,base.state_br_sp,3525102,Jardinópolis
city_3525201,base.br,base.state_br_sp,3525201,Jarinu
city_3525300,base.br,base.state_br_sp,3525300,Jaú
city_3525409,base.br,base.state_br_sp,3525409,Jeriquara
city_3525508,base.br,base.state_br_sp,3525508,Joanópolis
city_3525607,base.br,base.state_br_sp,3525607,João Ramalho
city_3525706,base.br,base.state_br_sp,3525706,José Bonifácio
city_3525805,base.br,base.state_br_sp,3525805,Júlio Mesquita
city_3525854,base.br,base.state_br_sp,3525854,Jumirim
city_3525904,base.br,base.state_br_sp,3525904,Jundiaí
city_3526001,base.br,base.state_br_sp,3526001,Junqueirópolis
city_3526100,base.br,base.state_br_sp,3526100,Juquiá
city_3526209,base.br,base.state_br_sp,3526209,Juquitiba
city_3526308,base.br,base.state_br_sp,3526308,Lagoinha
city_3526407,base.br,base.state_br_sp,3526407,Laranjal Paulista
city_3526506,base.br,base.state_br_sp,3526506,Lavínia
city_3526605,base.br,base.state_br_sp,3526605,Lavrinhas
city_3526704,base.br,base.state_br_sp,3526704,Leme
city_3526803,base.br,base.state_br_sp,3526803,Lençóis Paulista
city_3526902,base.br,base.state_br_sp,3526902,Limeira
city_3527009,base.br,base.state_br_sp,3527009,Lindóia
city_3527108,base.br,base.state_br_sp,3527108,Lins
city_3527207,base.br,base.state_br_sp,3527207,Lorena
city_3527256,base.br,base.state_br_sp,3527256,Lourdes
city_3527306,base.br,base.state_br_sp,3527306,Louveira
city_3527405,base.br,base.state_br_sp,3527405,Lucélia
city_3527504,base.br,base.state_br_sp,3527504,Lucianópolis
city_3527603,base.br,base.state_br_sp,3527603,Luís Antônio
city_3527702,base.br,base.state_br_sp,3527702,Luiziânia
city_3527801,base.br,base.state_br_sp,3527801,Lupércio
city_3527900,base.br,base.state_br_sp,3527900,Lutécia
city_3528007,base.br,base.state_br_sp,3528007,Macatuba
city_3528106,base.br,base.state_br_sp,3528106,Macaubal
city_3528205,base.br,base.state_br_sp,3528205,Macedônia
city_3528304,base.br,base.state_br_sp,3528304,Magda
city_3528403,base.br,base.state_br_sp,3528403,Mairinque
city_3528502,base.br,base.state_br_sp,3528502,Mairiporã
city_3528601,base.br,base.state_br_sp,3528601,Manduri
city_3528700,base.br,base.state_br_sp,3528700,Marabá Paulista
city_3528809,base.br,base.state_br_sp,3528809,Maracaí
city_3528858,base.br,base.state_br_sp,3528858,Marapoama
city_3528908,base.br,base.state_br_sp,3528908,Mariápolis
city_3529005,base.br,base.state_br_sp,3529005,Marília
city_3529104,base.br,base.state_br_sp,3529104,Marinópolis
city_3529203,base.br,base.state_br_sp,3529203,Martinópolis
city_3529302,base.br,base.state_br_sp,3529302,Matão
city_3529401,base.br,base.state_br_sp,3529401,Mauá
city_3529500,base.br,base.state_br_sp,3529500,Mendonça
city_3529609,base.br,base.state_br_sp,3529609,Meridiano
city_3529658,base.br,base.state_br_sp,3529658,Mesópolis
city_3529708,base.br,base.state_br_sp,3529708,Miguelópolis
city_3529807,base.br,base.state_br_sp,3529807,Mineiros do Tietê
city_3530003,base.br,base.state_br_sp,3530003,Mira Estrela
city_3529906,base.br,base.state_br_sp,3529906,Miracatu
city_3530102,base.br,base.state_br_sp,3530102,Mirandópolis
city_3530201,base.br,base.state_br_sp,3530201,Mirante do Paranapanema
city_3530300,base.br,base.state_br_sp,3530300,Mirassol
city_3530409,base.br,base.state_br_sp,3530409,Mirassolândia
city_3530508,base.br,base.state_br_sp,3530508,Mococa
city_3530607,base.br,base.state_br_sp,3530607,Mogi das Cruzes
city_3530706,base.br,base.state_br_sp,3530706,Mogi Guaçu
city_3530805,base.br,base.state_br_sp,3530805,Mogi Mirim
city_3530904,base.br,base.state_br_sp,3530904,Mombuca
city_3531001,base.br,base.state_br_sp,3531001,Monções
city_3531100,base.br,base.state_br_sp,3531100,Mongaguá
city_3531209,base.br,base.state_br_sp,3531209,Monte Alegre do Sul
city_3531308,base.br,base.state_br_sp,3531308,Monte Alto
city_3531407,base.br,base.state_br_sp,3531407,Monte Aprazível
city_3531506,base.br,base.state_br_sp,3531506,Monte Azul Paulista
city_3531605,base.br,base.state_br_sp,3531605,Monte Castelo
city_3531803,base.br,base.state_br_sp,3531803,Monte Mor
city_3531704,base.br,base.state_br_sp,3531704,Monteiro Lobato
city_3531902,base.br,base.state_br_sp,3531902,Morro Agudo
city_3532009,base.br,base.state_br_sp,3532009,Morungaba
city_3532058,base.br,base.state_br_sp,3532058,Motuca
city_3532108,base.br,base.state_br_sp,3532108,Murutinga do Sul
city_3532157,base.br,base.state_br_sp,3532157,Nantes
city_3532207,base.br,base.state_br_sp,3532207,Narandiba
city_3532306,base.br,base.state_br_sp,3532306,Natividade da Serra
city_3532405,base.br,base.state_br_sp,3532405,Nazaré Paulista
city_3532504,base.br,base.state_br_sp,3532504,Neves Paulista
city_3532603,base.br,base.state_br_sp,3532603,Nhandeara
city_3532702,base.br,base.state_br_sp,3532702,Nipoã
city_3532801,base.br,base.state_br_sp,3532801,Nova Aliança
city_3532827,base.br,base.state_br_sp,3532827,Nova Campina
city_3532843,base.br,base.state_br_sp,3532843,Nova Canaã Paulista
city_3532868,base.br,base.state_br_sp,3532868,Nova Castilho
city_3532900,base.br,base.state_br_sp,3532900,Nova Europa
city_3533007,base.br,base.state_br_sp,3533007,Nova Granada
city_3533106,base.br,base.state_br_sp,3533106,Nova Guataporanga
city_3533205,base.br,base.state_br_sp,3533205,Nova Independência
city_3533304,base.br,base.state_br_sp,3533304,Nova Luzitânia
city_3533403,base.br,base.state_br_sp,3533403,Nova Odessa
city_3533254,base.br,base.state_br_sp,3533254,Novais
city_3533502,base.br,base.state_br_sp,3533502,Novo Horizonte
city_3533601,base.br,base.state_br_sp,3533601,Nuporanga
city_3533700,base.br,base.state_br_sp,3533700,Ocauçu
city_3533809,base.br,base.state_br_sp,3533809,Óleo
city_3533908,base.br,base.state_br_sp,3533908,Olímpia
city_3534005,base.br,base.state_br_sp,3534005,Onda Verde
city_3534104,base.br,base.state_br_sp,3534104,Oriente
city_3534203,base.br,base.state_br_sp,3534203,Orindiúva
city_3534302,base.br,base.state_br_sp,3534302,Orlândia
city_3534401,base.br,base.state_br_sp,3534401,Osasco
city_3534500,base.br,base.state_br_sp,3534500,Oscar Bressane
city_3534609,base.br,base.state_br_sp,3534609,Osvaldo Cruz
city_3534708,base.br,base.state_br_sp,3534708,Ourinhos
city_3534807,base.br,base.state_br_sp,3534807,Ouro Verde
city_3534757,base.br,base.state_br_sp,3534757,Ouroeste
city_3534906,base.br,base.state_br_sp,3534906,Pacaembu
city_3535002,base.br,base.state_br_sp,3535002,Palestina
city_3535101,base.br,base.state_br_sp,3535101,Palmares Paulista
city_3535200,base.br,base.state_br_sp,3535200,Palmeira d'Oeste
city_3535309,base.br,base.state_br_sp,3535309,Palmital
city_3535408,base.br,base.state_br_sp,3535408,Panorama
city_3535507,base.br,base.state_br_sp,3535507,Paraguaçu Paulista
city_3535606,base.br,base.state_br_sp,3535606,Paraibuna
city_3535705,base.br,base.state_br_sp,3535705,Paraíso
city_3535804,base.br,base.state_br_sp,3535804,Paranapanema
city_3535903,base.br,base.state_br_sp,3535903,Paranapuã
city_3536000,base.br,base.state_br_sp,3536000,Parapuã
city_3536109,base.br,base.state_br_sp,3536109,Pardinho
city_3536208,base.br,base.state_br_sp,3536208,Pariquera-Açu
city_3536257,base.br,base.state_br_sp,3536257,Parisi
city_3536307,base.br,base.state_br_sp,3536307,Patrocínio Paulista
city_3536406,base.br,base.state_br_sp,3536406,Paulicéia
city_3536505,base.br,base.state_br_sp,3536505,Paulínia
city_3536570,base.br,base.state_br_sp,3536570,Paulistânia
city_3536604,base.br,base.state_br_sp,3536604,Paulo de Faria
city_3536703,base.br,base.state_br_sp,3536703,Pederneiras
city_3536802,base.br,base.state_br_sp,3536802,Pedra Bela
city_3536901,base.br,base.state_br_sp,3536901,Pedranópolis
city_3537008,base.br,base.state_br_sp,3537008,Pedregulho
city_3537107,base.br,base.state_br_sp,3537107,Pedreira
city_3537156,base.br,base.state_br_sp,3537156,Pedrinhas Paulista
city_3537206,base.br,base.state_br_sp,3537206,Pedro de Toledo
city_3537305,base.br,base.state_br_sp,3537305,Penápolis
city_3537404,base.br,base.state_br_sp,3537404,Pereira Barreto
city_3537503,base.br,base.state_br_sp,3537503,Pereiras
city_3537602,base.br,base.state_br_sp,3537602,Peruíbe
city_3537701,base.br,base.state_br_sp,3537701,Piacatu
city_3537800,base.br,base.state_br_sp,3537800,Piedade
city_3537909,base.br,base.state_br_sp,3537909,Pilar do Sul
city_3538006,base.br,base.state_br_sp,3538006,Pindamonhangaba
city_3538105,base.br,base.state_br_sp,3538105,Pindorama
city_3538204,base.br,base.state_br_sp,3538204,Pinhalzinho
city_3538303,base.br,base.state_br_sp,3538303,Piquerobi
city_3538501,base.br,base.state_br_sp,3538501,Piquete
city_3538600,base.br,base.state_br_sp,3538600,Piracaia
city_3538709,base.br,base.state_br_sp,3538709,Piracicaba
city_3538808,base.br,base.state_br_sp,3538808,Piraju
city_3538907,base.br,base.state_br_sp,3538907,Pirajuí
city_3539004,base.br,base.state_br_sp,3539004,Pirangi
city_3539103,base.br,base.state_br_sp,3539103,Pirapora do Bom Jesus
city_3539202,base.br,base.state_br_sp,3539202,Pirapozinho
city_3539301,base.br,base.state_br_sp,3539301,Pirassununga
city_3539400,base.br,base.state_br_sp,3539400,Piratininga
city_3539509,base.br,base.state_br_sp,3539509,Pitangueiras
city_3539608,base.br,base.state_br_sp,3539608,Planalto
city_3539707,base.br,base.state_br_sp,3539707,Platina
city_3539806,base.br,base.state_br_sp,3539806,Poá
city_3539905,base.br,base.state_br_sp,3539905,Poloni
city_3540002,base.br,base.state_br_sp,3540002,Pompéia
city_3540101,base.br,base.state_br_sp,3540101,Pongaí
city_3540200,base.br,base.state_br_sp,3540200,Pontal
city_3540259,base.br,base.state_br_sp,3540259,Pontalinda
city_3540309,base.br,base.state_br_sp,3540309,Pontes Gestal
city_3540408,base.br,base.state_br_sp,3540408,Populina
city_3540507,base.br,base.state_br_sp,3540507,Porangaba
city_3540606,base.br,base.state_br_sp,3540606,Porto Feliz
city_3540705,base.br,base.state_br_sp,3540705,Porto Ferreira
city_3540754,base.br,base.state_br_sp,3540754,Potim
city_3540804,base.br,base.state_br_sp,3540804,Potirendaba
city_3540853,base.br,base.state_br_sp,3540853,Pracinha
city_3540903,base.br,base.state_br_sp,3540903,Pradópolis
city_3541000,base.br,base.state_br_sp,3541000,Praia Grande
city_3541059,base.br,base.state_br_sp,3541059,Pratânia
city_3541109,base.br,base.state_br_sp,3541109,Presidente Alves
city_3541208,base.br,base.state_br_sp,3541208,Presidente Bernardes
city_3541307,base.br,base.state_br_sp,3541307,Presidente Epitácio
city_3541406,base.br,base.state_br_sp,3541406,Presidente Prudente
city_3541505,base.br,base.state_br_sp,3541505,Presidente Venceslau
city_3541604,base.br,base.state_br_sp,3541604,Promissão
city_3541653,base.br,base.state_br_sp,3541653,Quadra
city_3541703,base.br,base.state_br_sp,3541703,Quatá
city_3541802,base.br,base.state_br_sp,3541802,Queiroz
city_3541901,base.br,base.state_br_sp,3541901,Queluz
city_3542008,base.br,base.state_br_sp,3542008,Quintana
city_3542107,base.br,base.state_br_sp,3542107,Rafard
city_3542206,base.br,base.state_br_sp,3542206,Rancharia
city_3542305,base.br,base.state_br_sp,3542305,Redenção da Serra
city_3542404,base.br,base.state_br_sp,3542404,Regente Feijó
city_3542503,base.br,base.state_br_sp,3542503,Reginópolis
city_3542602,base.br,base.state_br_sp,3542602,Registro
city_3542701,base.br,base.state_br_sp,3542701,Restinga
city_3542800,base.br,base.state_br_sp,3542800,Ribeira
city_3542909,base.br,base.state_br_sp,3542909,Ribeirão Bonito
city_3543006,base.br,base.state_br_sp,3543006,Ribeirão Branco
city_3543105,base.br,base.state_br_sp,3543105,Ribeirão Corrente
city_3543204,base.br,base.state_br_sp,3543204,Ribeirão do Sul
city_3543238,base.br,base.state_br_sp,3543238,Ribeirão dos Índios
city_3543253,base.br,base.state_br_sp,3543253,Ribeirão Grande
city_3543303,base.br,base.state_br_sp,3543303,Ribeirão Pires
city_3543402,base.br,base.state_br_sp,3543402,Ribeirão Preto
city_3543600,base.br,base.state_br_sp,3543600,Rifaina
city_3543709,base.br,base.state_br_sp,3543709,Rincão
city_3543808,base.br,base.state_br_sp,3543808,Rinópolis
city_3543907,base.br,base.state_br_sp,3543907,Rio Claro
city_3544004,base.br,base.state_br_sp,3544004,Rio das Pedras
city_3544103,base.br,base.state_br_sp,3544103,Rio Grande da Serra
city_3544202,base.br,base.state_br_sp,3544202,Riolândia
city_3543501,base.br,base.state_br_sp,3543501,Riversul
city_3544251,base.br,base.state_br_sp,3544251,Rosana
city_3544301,base.br,base.state_br_sp,3544301,Roseira
city_3544400,base.br,base.state_br_sp,3544400,Rubiácea
city_3544509,base.br,base.state_br_sp,3544509,Rubinéia
city_3544608,base.br,base.state_br_sp,3544608,Sabino
city_3544707,base.br,base.state_br_sp,3544707,Sagres
city_3544806,base.br,base.state_br_sp,3544806,Sales
city_3544905,base.br,base.state_br_sp,3544905,Sales Oliveira
city_3545001,base.br,base.state_br_sp,3545001,Salesópolis
city_3545100,base.br,base.state_br_sp,3545100,Salmourão
city_3545159,base.br,base.state_br_sp,3545159,Saltinho
city_3545209,base.br,base.state_br_sp,3545209,Salto
city_3545308,base.br,base.state_br_sp,3545308,Salto de Pirapora
city_3545407,base.br,base.state_br_sp,3545407,Salto Grande
city_3545506,base.br,base.state_br_sp,3545506,Sandovalina
city_3545605,base.br,base.state_br_sp,3545605,Santa Adélia
city_3545704,base.br,base.state_br_sp,3545704,Santa Albertina
city_3545803,base.br,base.state_br_sp,3545803,Santa Bárbara d'Oeste
city_3546009,base.br,base.state_br_sp,3546009,Santa Branca
city_3546108,base.br,base.state_br_sp,3546108,Santa Clara d'Oeste
city_3546207,base.br,base.state_br_sp,3546207,Santa Cruz da Conceição
city_3546256,base.br,base.state_br_sp,3546256,Santa Cruz da Esperança
city_3546306,base.br,base.state_br_sp,3546306,Santa Cruz das Palmeiras
city_3546405,base.br,base.state_br_sp,3546405,Santa Cruz do Rio Pardo
city_3546504,base.br,base.state_br_sp,3546504,Santa Ernestina
city_3546603,base.br,base.state_br_sp,3546603,Santa Fé do Sul
city_3546702,base.br,base.state_br_sp,3546702,Santa Gertrudes
city_3546801,base.br,base.state_br_sp,3546801,Santa Isabel
city_3546900,base.br,base.state_br_sp,3546900,Santa Lúcia
city_3547007,base.br,base.state_br_sp,3547007,Santa Maria da Serra
city_3547106,base.br,base.state_br_sp,3547106,Santa Mercedes
city_3547502,base.br,base.state_br_sp,3547502,Santa Rita do Passa Quatro
city_3547403,base.br,base.state_br_sp,3547403,Santa Rita d'Oeste
city_3547601,base.br,base.state_br_sp,3547601,Santa Rosa de Viterbo
city_3547650,base.br,base.state_br_sp,3547650,Santa Salete
city_3547205,base.br,base.state_br_sp,3547205,Santana da Ponte Pensa
city_3547304,base.br,base.state_br_sp,3547304,Santana de Parnaíba
city_3547700,base.br,base.state_br_sp,3547700,Santo Anastácio
city_3547809,base.br,base.state_br_sp,3547809,Santo André
city_3547908,base.br,base.state_br_sp,3547908,Santo Antônio da Alegria
city_3548005,base.br,base.state_br_sp,3548005,Santo Antônio de Posse
city_3548054,base.br,base.state_br_sp,3548054,Santo Antônio do Aracanguá
city_3548104,base.br,base.state_br_sp,3548104,Santo Antônio do Jardim
city_3548203,base.br,base.state_br_sp,3548203,Santo Antônio do Pinhal
city_3548302,base.br,base.state_br_sp,3548302,Santo Expedito
city_3548401,base.br,base.state_br_sp,3548401,Santópolis do Aguapeí
city_3548500,base.br,base.state_br_sp,3548500,Santos
city_3548609,base.br,base.state_br_sp,3548609,São Bento do Sapucaí
city_3548708,base.br,base.state_br_sp,3548708,São Bernardo do Campo
city_3548807,base.br,base.state_br_sp,3548807,São Caetano do Sul
city_3548906,base.br,base.state_br_sp,3548906,São Carlos
city_3549003,base.br,base.state_br_sp,3549003,São Francisco
city_3549102,base.br,base.state_br_sp,3549102,São João da Boa Vista
city_3549201,base.br,base.state_br_sp,3549201,São João das Duas Pontes
city_3549250,base.br,base.state_br_sp,3549250,São João de Iracema
city_3549300,base.br,base.state_br_sp,3549300,São João do Pau d'Alho
city_3549409,base.br,base.state_br_sp,3549409,São Joaquim da Barra
city_3549508,base.br,base.state_br_sp,3549508,São José da Bela Vista
city_3549607,base.br,base.state_br_sp,3549607,São José do Barreiro
city_3549706,base.br,base.state_br_sp,3549706,São José do Rio Pardo
city_3549805,base.br,base.state_br_sp,3549805,São José do Rio Preto
city_3549904,base.br,base.state_br_sp,3549904,São José dos Campos
city_3549953,base.br,base.state_br_sp,3549953,São Lourenço da Serra
city_3550001,base.br,base.state_br_sp,3550001,São Luiz do Paraitinga
city_3550100,base.br,base.state_br_sp,3550100,São Manuel
city_3550209,base.br,base.state_br_sp,3550209,São Miguel Arcanjo
city_3550308,base.br,base.state_br_sp,3550308,São Paulo
city_3550407,base.br,base.state_br_sp,3550407,São Pedro
city_3550506,base.br,base.state_br_sp,3550506,São Pedro do Turvo
city_3550605,base.br,base.state_br_sp,3550605,São Roque
city_3550704,base.br,base.state_br_sp,3550704,São Sebastião
city_3550803,base.br,base.state_br_sp,3550803,São Sebastião da Grama
city_3550902,base.br,base.state_br_sp,3550902,São Simão
city_3551009,base.br,base.state_br_sp,3551009,São Vicente
city_3551108,base.br,base.state_br_sp,3551108,Sarapuí
city_3551207,base.br,base.state_br_sp,3551207,Sarutaiá
city_3551306,base.br,base.state_br_sp,3551306,Sebastianópolis do Sul
city_3551405,base.br,base.state_br_sp,3551405,Serra Azul
city_3551603,base.br,base.state_br_sp,3551603,Serra Negra
city_3551504,base.br,base.state_br_sp,3551504,Serrana
city_3551702,base.br,base.state_br_sp,3551702,Sertãozinho
city_3551801,base.br,base.state_br_sp,3551801,Sete Barras
city_3551900,base.br,base.state_br_sp,3551900,Severínia
city_3552007,base.br,base.state_br_sp,3552007,Silveiras
city_3552106,base.br,base.state_br_sp,3552106,Socorro
city_3552205,base.br,base.state_br_sp,3552205,Sorocaba
city_3552304,base.br,base.state_br_sp,3552304,Sud Mennucci
city_3552403,base.br,base.state_br_sp,3552403,Sumaré
city_3552551,base.br,base.state_br_sp,3552551,Suzanápolis
city_3552502,base.br,base.state_br_sp,3552502,Suzano
city_3552601,base.br,base.state_br_sp,3552601,Tabapuã
city_3552700,base.br,base.state_br_sp,3552700,Tabatinga
city_3552809,base.br,base.state_br_sp,3552809,Taboão da Serra
city_3552908,base.br,base.state_br_sp,3552908,Taciba
city_3553005,base.br,base.state_br_sp,3553005,Taguaí
city_3553104,base.br,base.state_br_sp,3553104,Taiaçu
city_3553203,base.br,base.state_br_sp,3553203,Taiúva
city_3553302,base.br,base.state_br_sp,3553302,Tambaú
city_3553401,base.br,base.state_br_sp,3553401,Tanabi
city_3553500,base.br,base.state_br_sp,3553500,Tapiraí
city_3553609,base.br,base.state_br_sp,3553609,Tapiratiba
city_3553658,base.br,base.state_br_sp,3553658,Taquaral
city_3553708,base.br,base.state_br_sp,3553708,Taquaritinga
city_3553807,base.br,base.state_br_sp,3553807,Taquarituba
city_3553856,base.br,base.state_br_sp,3553856,Taquarivaí
city_3553906,base.br,base.state_br_sp,3553906,Tarabai
city_3553955,base.br,base.state_br_sp,3553955,Tarumã
city_3554003,base.br,base.state_br_sp,3554003,Tatuí
city_3554102,base.br,base.state_br_sp,3554102,Taubaté
city_3554201,base.br,base.state_br_sp,3554201,Tejupá
city_3554300,base.br,base.state_br_sp,3554300,Teodoro Sampaio
city_3554409,base.br,base.state_br_sp,3554409,Terra Roxa
city_3554508,base.br,base.state_br_sp,3554508,Tietê
city_3554607,base.br,base.state_br_sp,3554607,Timburi
city_3554656,base.br,base.state_br_sp,3554656,Torre de Pedra
city_3554706,base.br,base.state_br_sp,3554706,Torrinha
city_3554755,base.br,base.state_br_sp,3554755,Trabiju
city_3554805,base.br,base.state_br_sp,3554805,Tremembé
city_3554904,base.br,base.state_br_sp,3554904,Três Fronteiras
city_3554953,base.br,base.state_br_sp,3554953,Tuiuti
city_3555000,base.br,base.state_br_sp,3555000,Tupã
city_3555109,base.br,base.state_br_sp,3555109,Tupi Paulista
city_3555208,base.br,base.state_br_sp,3555208,Turiúba
city_3555307,base.br,base.state_br_sp,3555307,Turmalina
city_3555356,base.br,base.state_br_sp,3555356,Ubarana
city_3555406,base.br,base.state_br_sp,3555406,Ubatuba
city_3555505,base.br,base.state_br_sp,3555505,Ubirajara
city_3555604,base.br,base.state_br_sp,3555604,Uchoa
city_3555703,base.br,base.state_br_sp,3555703,União Paulista
city_3555802,base.br,base.state_br_sp,3555802,Urânia
city_3555901,base.br,base.state_br_sp,3555901,Uru
city_3556008,base.br,base.state_br_sp,3556008,Urupês
city_3556107,base.br,base.state_br_sp,3556107,Valentim Gentil
city_3556206,base.br,base.state_br_sp,3556206,Valinhos
city_3556305,base.br,base.state_br_sp,3556305,Valparaíso
city_3556354,base.br,base.state_br_sp,3556354,Vargem
city_3556404,base.br,base.state_br_sp,3556404,Vargem Grande do Sul
city_3556453,base.br,base.state_br_sp,3556453,Vargem Grande Paulista
city_3556503,base.br,base.state_br_sp,3556503,Várzea Paulista
city_3556602,base.br,base.state_br_sp,3556602,Vera Cruz
city_3556701,base.br,base.state_br_sp,3556701,Vinhedo
city_3556800,base.br,base.state_br_sp,3556800,Viradouro
city_3556909,base.br,base.state_br_sp,3556909,Vista Alegre do Alto
city_3556958,base.br,base.state_br_sp,3556958,Vitória Brasil
city_3557006,base.br,base.state_br_sp,3557006,Votorantim
city_3557105,base.br,base.state_br_sp,3557105,Votuporanga
city_3557154,base.br,base.state_br_sp,3557154,Zacarias
city_4100103,base.br,base.state_br_pr,4100103,Abatiá
city_4100202,base.br,base.state_br_pr,4100202,Adrianópolis
city_4100301,base.br,base.state_br_pr,4100301,Agudos do Sul
city_4100400,base.br,base.state_br_pr,4100400,Almirante Tamandaré
city_4100459,base.br,base.state_br_pr,4100459,Altamira do Paraná
city_4128625,base.br,base.state_br_pr,4128625,Alto Paraíso
city_4100608,base.br,base.state_br_pr,4100608,Alto Paraná
city_4100707,base.br,base.state_br_pr,4100707,Alto Piquiri
city_4100509,base.br,base.state_br_pr,4100509,Altônia
city_4100806,base.br,base.state_br_pr,4100806,Alvorada do Sul
city_4100905,base.br,base.state_br_pr,4100905,Amaporã
city_4101002,base.br,base.state_br_pr,4101002,Ampére
city_4101051,base.br,base.state_br_pr,4101051,Anahy
city_4101101,base.br,base.state_br_pr,4101101,Andirá
city_4101150,base.br,base.state_br_pr,4101150,Ângulo
city_4101200,base.br,base.state_br_pr,4101200,Antonina
city_4101309,base.br,base.state_br_pr,4101309,Antônio Olinto
city_4101408,base.br,base.state_br_pr,4101408,Apucarana
city_4101507,base.br,base.state_br_pr,4101507,Arapongas
city_4101606,base.br,base.state_br_pr,4101606,Arapoti
city_4101655,base.br,base.state_br_pr,4101655,Arapuã
city_4101705,base.br,base.state_br_pr,4101705,Araruna
city_4101804,base.br,base.state_br_pr,4101804,Araucária
city_4101853,base.br,base.state_br_pr,4101853,Ariranha do Ivaí
city_4101903,base.br,base.state_br_pr,4101903,Assaí
city_4102000,base.br,base.state_br_pr,4102000,Assis Chateaubriand
city_4102109,base.br,base.state_br_pr,4102109,Astorga
city_4102208,base.br,base.state_br_pr,4102208,Atalaia
city_4102307,base.br,base.state_br_pr,4102307,Balsa Nova
city_4102406,base.br,base.state_br_pr,4102406,Bandeirantes
city_4102505,base.br,base.state_br_pr,4102505,Barbosa Ferraz
city_4102703,base.br,base.state_br_pr,4102703,Barra do Jacaré
city_4102604,base.br,base.state_br_pr,4102604,Barracão
city_4102752,base.br,base.state_br_pr,4102752,Bela Vista da Caroba
city_4102802,base.br,base.state_br_pr,4102802,Bela Vista do Paraíso
city_4102901,base.br,base.state_br_pr,4102901,Bituruna
city_4103008,base.br,base.state_br_pr,4103008,Boa Esperança
city_4103024,base.br,base.state_br_pr,4103024,Boa Esperança do Iguaçu
city_4103040,base.br,base.state_br_pr,4103040,Boa Ventura de São Roque
city_4103057,base.br,base.state_br_pr,4103057,Boa Vista da Aparecida
city_4103107,base.br,base.state_br_pr,4103107,Bocaiúva do Sul
city_4103156,base.br,base.state_br_pr,4103156,Bom Jesus do Sul
city_4103206,base.br,base.state_br_pr,4103206,Bom Sucesso
city_4103222,base.br,base.state_br_pr,4103222,Bom Sucesso do Sul
city_4103305,base.br,base.state_br_pr,4103305,Borrazópolis
city_4103354,base.br,base.state_br_pr,4103354,Braganey
city_4103370,base.br,base.state_br_pr,4103370,Brasilândia do Sul
city_4103404,base.br,base.state_br_pr,4103404,Cafeara
city_4103453,base.br,base.state_br_pr,4103453,Cafelândia
city_4103479,base.br,base.state_br_pr,4103479,Cafezal do Sul
city_4103503,base.br,base.state_br_pr,4103503,Califórnia
city_4103602,base.br,base.state_br_pr,4103602,Cambará
city_4103701,base.br,base.state_br_pr,4103701,Cambé
city_4103800,base.br,base.state_br_pr,4103800,Cambira
city_4103909,base.br,base.state_br_pr,4103909,Campina da Lagoa
city_4103958,base.br,base.state_br_pr,4103958,Campina do Simão
city_4104006,base.br,base.state_br_pr,4104006,Campina Grande do Sul
city_4104055,base.br,base.state_br_pr,4104055,Campo Bonito
city_4104105,base.br,base.state_br_pr,4104105,Campo do Tenente
city_4104204,base.br,base.state_br_pr,4104204,Campo Largo
city_4104253,base.br,base.state_br_pr,4104253,Campo Magro
city_4104303,base.br,base.state_br_pr,4104303,Campo Mourão
city_4104402,base.br,base.state_br_pr,4104402,Cândido de Abreu
city_4104428,base.br,base.state_br_pr,4104428,Candói
city_4104451,base.br,base.state_br_pr,4104451,Cantagalo
city_4104501,base.br,base.state_br_pr,4104501,Capanema
city_4104600,base.br,base.state_br_pr,4104600,Capitão Leônidas Marques
city_4104659,base.br,base.state_br_pr,4104659,Carambeí
city_4104709,base.br,base.state_br_pr,4104709,Carlópolis
city_4104808,base.br,base.state_br_pr,4104808,Cascavel
city_4104907,base.br,base.state_br_pr,4104907,Castro
city_4105003,base.br,base.state_br_pr,4105003,Catanduvas
city_4105102,base.br,base.state_br_pr,4105102,Centenário do Sul
city_4105201,base.br,base.state_br_pr,4105201,Cerro Azul
city_4105300,base.br,base.state_br_pr,4105300,Céu Azul
city_4105409,base.br,base.state_br_pr,4105409,Chopinzinho
city_4105508,base.br,base.state_br_pr,4105508,Cianorte
city_4105607,base.br,base.state_br_pr,4105607,Cidade Gaúcha
city_4105706,base.br,base.state_br_pr,4105706,Clevelândia
city_4105805,base.br,base.state_br_pr,4105805,Colombo
city_4105904,base.br,base.state_br_pr,4105904,Colorado
city_4106001,base.br,base.state_br_pr,4106001,Congonhinhas
city_4106100,base.br,base.state_br_pr,4106100,Conselheiro Mairinck
city_4106209,base.br,base.state_br_pr,4106209,Contenda
city_4106308,base.br,base.state_br_pr,4106308,Corbélia
city_4106407,base.br,base.state_br_pr,4106407,Cornélio Procópio
city_4106456,base.br,base.state_br_pr,4106456,Coronel Domingos Soares
city_4106506,base.br,base.state_br_pr,4106506,Coronel Vivida
city_4106555,base.br,base.state_br_pr,4106555,Corumbataí do Sul
city_4106803,base.br,base.state_br_pr,4106803,Cruz Machado
city_4106571,base.br,base.state_br_pr,4106571,Cruzeiro do Iguaçu
city_4106605,base.br,base.state_br_pr,4106605,Cruzeiro do Oeste
city_4106704,base.br,base.state_br_pr,4106704,Cruzeiro do Sul
city_4106852,base.br,base.state_br_pr,4106852,Cruzmaltina
city_4106902,base.br,base.state_br_pr,4106902,Curitiba
city_4107009,base.br,base.state_br_pr,4107009,Curiúva
city_4107108,base.br,base.state_br_pr,4107108,Diamante do Norte
city_4107124,base.br,base.state_br_pr,4107124,Diamante do Sul
city_4107157,base.br,base.state_br_pr,4107157,Diamante D'Oeste
city_4107207,base.br,base.state_br_pr,4107207,Dois Vizinhos
city_4107256,base.br,base.state_br_pr,4107256,Douradina
city_4107306,base.br,base.state_br_pr,4107306,Doutor Camargo
city_4128633,base.br,base.state_br_pr,4128633,Doutor Ulysses
city_4107405,base.br,base.state_br_pr,4107405,Enéas Marques
city_4107504,base.br,base.state_br_pr,4107504,Engenheiro Beltrão
city_4107538,base.br,base.state_br_pr,4107538,Entre Rios do Oeste
city_4107520,base.br,base.state_br_pr,4107520,Esperança Nova
city_4107546,base.br,base.state_br_pr,4107546,Espigão Alto do Iguaçu
city_4107553,base.br,base.state_br_pr,4107553,Farol
city_4107603,base.br,base.state_br_pr,4107603,Faxinal
city_4107652,base.br,base.state_br_pr,4107652,Fazenda Rio Grande
city_4107702,base.br,base.state_br_pr,4107702,Fênix
city_4107736,base.br,base.state_br_pr,4107736,Fernandes Pinheiro
city_4107751,base.br,base.state_br_pr,4107751,Figueira
city_4107850,base.br,base.state_br_pr,4107850,Flor da Serra do Sul
city_4107801,base.br,base.state_br_pr,4107801,Floraí
city_4107900,base.br,base.state_br_pr,4107900,Floresta
city_4108007,base.br,base.state_br_pr,4108007,Florestópolis
city_4108106,base.br,base.state_br_pr,4108106,Flórida
city_4108205,base.br,base.state_br_pr,4108205,Formosa do Oeste
city_4108304,base.br,base.state_br_pr,4108304,Foz do Iguaçu
city_4108452,base.br,base.state_br_pr,4108452,Foz do Jordão
city_4108320,base.br,base.state_br_pr,4108320,Francisco Alves
city_4108403,base.br,base.state_br_pr,4108403,Francisco Beltrão
city_4108502,base.br,base.state_br_pr,4108502,General Carneiro
city_4108551,base.br,base.state_br_pr,4108551,Godoy Moreira
city_4108601,base.br,base.state_br_pr,4108601,Goioerê
city_4108650,base.br,base.state_br_pr,4108650,Goioxim
city_4108700,base.br,base.state_br_pr,4108700,Grandes Rios
city_4108809,base.br,base.state_br_pr,4108809,Guaíra
city_4108908,base.br,base.state_br_pr,4108908,Guairaçá
city_4108957,base.br,base.state_br_pr,4108957,Guamiranga
city_4109005,base.br,base.state_br_pr,4109005,Guapirama
city_4109104,base.br,base.state_br_pr,4109104,Guaporema
city_4109203,base.br,base.state_br_pr,4109203,Guaraci
city_4109302,base.br,base.state_br_pr,4109302,Guaraniaçu
city_4109401,base.br,base.state_br_pr,4109401,Guarapuava
city_4109500,base.br,base.state_br_pr,4109500,Guaraqueçaba
city_4109609,base.br,base.state_br_pr,4109609,Guaratuba
city_4109658,base.br,base.state_br_pr,4109658,Honório Serpa
city_4109708,base.br,base.state_br_pr,4109708,Ibaiti
city_4109757,base.br,base.state_br_pr,4109757,Ibema
city_4109807,base.br,base.state_br_pr,4109807,Ibiporã
city_4109906,base.br,base.state_br_pr,4109906,Icaraíma
city_4110003,base.br,base.state_br_pr,4110003,Iguaraçu
city_4110052,base.br,base.state_br_pr,4110052,Iguatu
city_4110078,base.br,base.state_br_pr,4110078,Imbaú
city_4110102,base.br,base.state_br_pr,4110102,Imbituva
city_4110201,base.br,base.state_br_pr,4110201,Inácio Martins
city_4110300,base.br,base.state_br_pr,4110300,Inajá
city_4110409,base.br,base.state_br_pr,4110409,Indianópolis
city_4110508,base.br,base.state_br_pr,4110508,Ipiranga
city_4110607,base.br,base.state_br_pr,4110607,Iporã
city_4110656,base.br,base.state_br_pr,4110656,Iracema do Oeste
city_4110706,base.br,base.state_br_pr,4110706,Irati
city_4110805,base.br,base.state_br_pr,4110805,Iretama
city_4110904,base.br,base.state_br_pr,4110904,Itaguajé
city_4110953,base.br,base.state_br_pr,4110953,Itaipulândia
city_4111001,base.br,base.state_br_pr,4111001,Itambaracá
city_4111100,base.br,base.state_br_pr,4111100,Itambé
city_4111209,base.br,base.state_br_pr,4111209,Itapejara d'Oeste
city_4111258,base.br,base.state_br_pr,4111258,Itaperuçu
city_4111308,base.br,base.state_br_pr,4111308,Itaúna do Sul
city_4111407,base.br,base.state_br_pr,4111407,Ivaí
city_4111506,base.br,base.state_br_pr,4111506,Ivaiporã
city_4111555,base.br,base.state_br_pr,4111555,Ivaté
city_4111605,base.br,base.state_br_pr,4111605,Ivatuba
city_4111704,base.br,base.state_br_pr,4111704,Jaboti
city_4111803,base.br,base.state_br_pr,4111803,Jacarezinho
city_4111902,base.br,base.state_br_pr,4111902,Jaguapitã
city_4112009,base.br,base.state_br_pr,4112009,Jaguariaíva
city_4112108,base.br,base.state_br_pr,4112108,Jandaia do Sul
city_4112207,base.br,base.state_br_pr,4112207,Janiópolis
city_4112306,base.br,base.state_br_pr,4112306,Japira
city_4112405,base.br,base.state_br_pr,4112405,Japurá
city_4112504,base.br,base.state_br_pr,4112504,Jardim Alegre
city_4112603,base.br,base.state_br_pr,4112603,Jardim Olinda
city_4112702,base.br,base.state_br_pr,4112702,Jataizinho
city_4112751,base.br,base.state_br_pr,4112751,Jesuítas
city_4112801,base.br,base.state_br_pr,4112801,Joaquim Távora
city_4112900,base.br,base.state_br_pr,4112900,Jundiaí do Sul
city_4112959,base.br,base.state_br_pr,4112959,Juranda
city_4113007,base.br,base.state_br_pr,4113007,Jussara
city_4113106,base.br,base.state_br_pr,4113106,Kaloré
city_4113205,base.br,base.state_br_pr,4113205,Lapa
city_4113254,base.br,base.state_br_pr,4113254,Laranjal
city_4113304,base.br,base.state_br_pr,4113304,Laranjeiras do Sul
city_4113403,base.br,base.state_br_pr,4113403,Leópolis
city_4113429,base.br,base.state_br_pr,4113429,Lidianópolis
city_4113452,base.br,base.state_br_pr,4113452,Lindoeste
city_4113502,base.br,base.state_br_pr,4113502,Loanda
city_4113601,base.br,base.state_br_pr,4113601,Lobato
city_4113700,base.br,base.state_br_pr,4113700,Londrina
city_4113734,base.br,base.state_br_pr,4113734,Luiziana
city_4113759,base.br,base.state_br_pr,4113759,Lunardelli
city_4113809,base.br,base.state_br_pr,4113809,Lupionópolis
city_4113908,base.br,base.state_br_pr,4113908,Mallet
city_4114005,base.br,base.state_br_pr,4114005,Mamborê
city_4114104,base.br,base.state_br_pr,4114104,Mandaguaçu
city_4114203,base.br,base.state_br_pr,4114203,Mandaguari
city_4114302,base.br,base.state_br_pr,4114302,Mandirituba
city_4114351,base.br,base.state_br_pr,4114351,Manfrinópolis
city_4114401,base.br,base.state_br_pr,4114401,Mangueirinha
city_4114500,base.br,base.state_br_pr,4114500,Manoel Ribas
city_4114609,base.br,base.state_br_pr,4114609,Marechal Cândido Rondon
city_4114708,base.br,base.state_br_pr,4114708,Maria Helena
city_4114807,base.br,base.state_br_pr,4114807,Marialva
city_4114906,base.br,base.state_br_pr,4114906,Marilândia do Sul
city_4115002,base.br,base.state_br_pr,4115002,Marilena
city_4115101,base.br,base.state_br_pr,4115101,Mariluz
city_4115200,base.br,base.state_br_pr,4115200,Maringá
city_4115309,base.br,base.state_br_pr,4115309,Mariópolis
city_4115358,base.br,base.state_br_pr,4115358,Maripá
city_4115408,base.br,base.state_br_pr,4115408,Marmeleiro
city_4115457,base.br,base.state_br_pr,4115457,Marquinho
city_4115507,base.br,base.state_br_pr,4115507,Marumbi
city_4115606,base.br,base.state_br_pr,4115606,Matelândia
city_4115705,base.br,base.state_br_pr,4115705,Matinhos
city_4115739,base.br,base.state_br_pr,4115739,Mato Rico
city_4115754,base.br,base.state_br_pr,4115754,Mauá da Serra
city_4115804,base.br,base.state_br_pr,4115804,Medianeira
city_4115853,base.br,base.state_br_pr,4115853,Mercedes
city_4115903,base.br,base.state_br_pr,4115903,Mirador
city_4116000,base.br,base.state_br_pr,4116000,Miraselva
city_4116059,base.br,base.state_br_pr,4116059,Missal
city_4116109,base.br,base.state_br_pr,4116109,Moreira Sales
city_4116208,base.br,base.state_br_pr,4116208,Morretes
city_4116307,base.br,base.state_br_pr,4116307,Munhoz de Melo
city_4116406,base.br,base.state_br_pr,4116406,Nossa Senhora das Graças
city_4116505,base.br,base.state_br_pr,4116505,Nova Aliança do Ivaí
city_4116604,base.br,base.state_br_pr,4116604,Nova América da Colina
city_4116703,base.br,base.state_br_pr,4116703,Nova Aurora
city_4116802,base.br,base.state_br_pr,4116802,Nova Cantu
city_4116901,base.br,base.state_br_pr,4116901,Nova Esperança
city_4116950,base.br,base.state_br_pr,4116950,Nova Esperança do Sudoeste
city_4117008,base.br,base.state_br_pr,4117008,Nova Fátima
city_4117057,base.br,base.state_br_pr,4117057,Nova Laranjeiras
city_4117107,base.br,base.state_br_pr,4117107,Nova Londrina
city_4117206,base.br,base.state_br_pr,4117206,Nova Olímpia
city_4117255,base.br,base.state_br_pr,4117255,Nova Prata do Iguaçu
city_4117214,base.br,base.state_br_pr,4117214,Nova Santa Bárbara
city_4117222,base.br,base.state_br_pr,4117222,Nova Santa Rosa
city_4117271,base.br,base.state_br_pr,4117271,Nova Tebas
city_4117297,base.br,base.state_br_pr,4117297,Novo Itacolomi
city_4117305,base.br,base.state_br_pr,4117305,Ortigueira
city_4117404,base.br,base.state_br_pr,4117404,Ourizona
city_4117453,base.br,base.state_br_pr,4117453,Ouro Verde do Oeste
city_4117503,base.br,base.state_br_pr,4117503,Paiçandu
city_4117602,base.br,base.state_br_pr,4117602,Palmas
city_4117701,base.br,base.state_br_pr,4117701,Palmeira
city_4117800,base.br,base.state_br_pr,4117800,Palmital
city_4117909,base.br,base.state_br_pr,4117909,Palotina
city_4118006,base.br,base.state_br_pr,4118006,Paraíso do Norte
city_4118105,base.br,base.state_br_pr,4118105,Paranacity
city_4118204,base.br,base.state_br_pr,4118204,Paranaguá
city_4118303,base.br,base.state_br_pr,4118303,Paranapoema
city_4118402,base.br,base.state_br_pr,4118402,Paranavaí
city_4118451,base.br,base.state_br_pr,4118451,Pato Bragado
city_4118501,base.br,base.state_br_pr,4118501,Pato Branco
city_4118600,base.br,base.state_br_pr,4118600,Paula Freitas
city_4118709,base.br,base.state_br_pr,4118709,Paulo Frontin
city_4118808,base.br,base.state_br_pr,4118808,Peabiru
city_4118857,base.br,base.state_br_pr,4118857,Perobal
city_4118907,base.br,base.state_br_pr,4118907,Pérola
city_4119004,base.br,base.state_br_pr,4119004,Pérola d'Oeste
city_4119103,base.br,base.state_br_pr,4119103,Piên
city_4119152,base.br,base.state_br_pr,4119152,Pinhais
city_4119251,base.br,base.state_br_pr,4119251,Pinhal de São Bento
city_4119202,base.br,base.state_br_pr,4119202,Pinhalão
city_4119301,base.br,base.state_br_pr,4119301,Pinhão
city_4119400,base.br,base.state_br_pr,4119400,Piraí do Sul
city_4119509,base.br,base.state_br_pr,4119509,Piraquara
city_4119608,base.br,base.state_br_pr,4119608,Pitanga
city_4119657,base.br,base.state_br_pr,4119657,Pitangueiras
city_4119707,base.br,base.state_br_pr,4119707,Planaltina do Paraná
city_4119806,base.br,base.state_br_pr,4119806,Planalto
city_4119905,base.br,base.state_br_pr,4119905,Ponta Grossa
city_4119954,base.br,base.state_br_pr,4119954,Pontal do Paraná
city_4120002,base.br,base.state_br_pr,4120002,Porecatu
city_4120101,base.br,base.state_br_pr,4120101,Porto Amazonas
city_4120150,base.br,base.state_br_pr,4120150,Porto Barreiro
city_4120200,base.br,base.state_br_pr,4120200,Porto Rico
city_4120309,base.br,base.state_br_pr,4120309,Porto Vitória
city_4120333,base.br,base.state_br_pr,4120333,Prado Ferreira
city_4120358,base.br,base.state_br_pr,4120358,Pranchita
city_4120408,base.br,base.state_br_pr,4120408,Presidente Castelo Branco
city_4120507,base.br,base.state_br_pr,4120507,Primeiro de Maio
city_4120606,base.br,base.state_br_pr,4120606,Prudentópolis
city_4120655,base.br,base.state_br_pr,4120655,Quarto Centenário
city_4120705,base.br,base.state_br_pr,4120705,Quatiguá
city_4120804,base.br,base.state_br_pr,4120804,Quatro Barras
city_4120853,base.br,base.state_br_pr,4120853,Quatro Pontes
city_4120903,base.br,base.state_br_pr,4120903,Quedas do Iguaçu
city_4121000,base.br,base.state_br_pr,4121000,Querência do Norte
city_4121109,base.br,base.state_br_pr,4121109,Quinta do Sol
city_4121208,base.br,base.state_br_pr,4121208,Quitandinha
city_4121257,base.br,base.state_br_pr,4121257,Ramilândia
city_4121307,base.br,base.state_br_pr,4121307,Rancho Alegre
city_4121356,base.br,base.state_br_pr,4121356,Rancho Alegre D'Oeste
city_4121406,base.br,base.state_br_pr,4121406,Realeza
city_4121505,base.br,base.state_br_pr,4121505,Rebouças
city_4121604,base.br,base.state_br_pr,4121604,Renascença
city_4121703,base.br,base.state_br_pr,4121703,Reserva
city_4121752,base.br,base.state_br_pr,4121752,Reserva do Iguaçu
city_4121802,base.br,base.state_br_pr,4121802,Ribeirão Claro
city_4121901,base.br,base.state_br_pr,4121901,Ribeirão do Pinhal
city_4122008,base.br,base.state_br_pr,4122008,Rio Azul
city_4122107,base.br,base.state_br_pr,4122107,Rio Bom
city_4122156,base.br,base.state_br_pr,4122156,Rio Bonito do Iguaçu
city_4122172,base.br,base.state_br_pr,4122172,Rio Branco do Ivaí
city_4122206,base.br,base.state_br_pr,4122206,Rio Branco do Sul
city_4122305,base.br,base.state_br_pr,4122305,Rio Negro
city_4122404,base.br,base.state_br_pr,4122404,Rolândia
city_4122503,base.br,base.state_br_pr,4122503,Roncador
city_4122602,base.br,base.state_br_pr,4122602,Rondon
city_4122651,base.br,base.state_br_pr,4122651,Rosário do Ivaí
city_4122701,base.br,base.state_br_pr,4122701,Sabáudia
city_4122800,base.br,base.state_br_pr,4122800,Salgado Filho
city_4122909,base.br,base.state_br_pr,4122909,Salto do Itararé
city_4123006,base.br,base.state_br_pr,4123006,Salto do Lontra
city_4123105,base.br,base.state_br_pr,4123105,Santa Amélia
city_4123204,base.br,base.state_br_pr,4123204,Santa Cecília do Pavão
city_4123303,base.br,base.state_br_pr,4123303,Santa Cruz de Monte Castelo
city_4123402,base.br,base.state_br_pr,4123402,Santa Fé
city_4123501,base.br,base.state_br_pr,4123501,Santa Helena
city_4123600,base.br,base.state_br_pr,4123600,Santa Inês
city_4123709,base.br,base.state_br_pr,4123709,Santa Isabel do Ivaí
city_4123808,base.br,base.state_br_pr,4123808,Santa Izabel do Oeste
city_4123824,base.br,base.state_br_pr,4123824,Santa Lúcia
city_4123857,base.br,base.state_br_pr,4123857,Santa Maria do Oeste
city_4123907,base.br,base.state_br_pr,4123907,Santa Mariana
city_4123956,base.br,base.state_br_pr,4123956,Santa Mônica
city_4124020,base.br,base.state_br_pr,4124020,Santa Tereza do Oeste
city_4124053,base.br,base.state_br_pr,4124053,Santa Terezinha de Itaipu
city_4124004,base.br,base.state_br_pr,4124004,Santana do Itararé
city_4124103,base.br,base.state_br_pr,4124103,Santo Antônio da Platina
city_4124202,base.br,base.state_br_pr,4124202,Santo Antônio do Caiuá
city_4124301,base.br,base.state_br_pr,4124301,Santo Antônio do Paraíso
city_4124400,base.br,base.state_br_pr,4124400,Santo Antônio do Sudoeste
city_4124509,base.br,base.state_br_pr,4124509,Santo Inácio
city_4124608,base.br,base.state_br_pr,4124608,São Carlos do Ivaí
city_4124707,base.br,base.state_br_pr,4124707,São Jerônimo da Serra
city_4124806,base.br,base.state_br_pr,4124806,São João
city_4124905,base.br,base.state_br_pr,4124905,São João do Caiuá
city_4125001,base.br,base.state_br_pr,4125001,São João do Ivaí
city_4125100,base.br,base.state_br_pr,4125100,São João do Triunfo
city_4125308,base.br,base.state_br_pr,4125308,São Jorge do Ivaí
city_4125357,base.br,base.state_br_pr,4125357,São Jorge do Patrocínio
city_4125209,base.br,base.state_br_pr,4125209,São Jorge d'Oeste
city_4125407,base.br,base.state_br_pr,4125407,São José da Boa Vista
city_4125456,base.br,base.state_br_pr,4125456,São José das Palmeiras
city_4125506,base.br,base.state_br_pr,4125506,São José dos Pinhais
city_4125555,base.br,base.state_br_pr,4125555,São Manoel do Paraná
city_4125605,base.br,base.state_br_pr,4125605,São Mateus do Sul
city_4125704,base.br,base.state_br_pr,4125704,São Miguel do Iguaçu
city_4125753,base.br,base.state_br_pr,4125753,São Pedro do Iguaçu
city_4125803,base.br,base.state_br_pr,4125803,São Pedro do Ivaí
city_4125902,base.br,base.state_br_pr,4125902,São Pedro do Paraná
city_4126009,base.br,base.state_br_pr,4126009,São Sebastião da Amoreira
city_4126108,base.br,base.state_br_pr,4126108,São Tomé
city_4126207,base.br,base.state_br_pr,4126207,Sapopema
city_4126256,base.br,base.state_br_pr,4126256,Sarandi
city_4126272,base.br,base.state_br_pr,4126272,Saudade do Iguaçu
city_4126306,base.br,base.state_br_pr,4126306,Sengés
city_4126355,base.br,base.state_br_pr,4126355,Serranópolis do Iguaçu
city_4126405,base.br,base.state_br_pr,4126405,Sertaneja
city_4126504,base.br,base.state_br_pr,4126504,Sertanópolis
city_4126603,base.br,base.state_br_pr,4126603,Siqueira Campos
city_4126652,base.br,base.state_br_pr,4126652,Sulina
city_4126678,base.br,base.state_br_pr,4126678,Tamarana
city_4126702,base.br,base.state_br_pr,4126702,Tamboara
city_4126801,base.br,base.state_br_pr,4126801,Tapejara
city_4126900,base.br,base.state_br_pr,4126900,Tapira
city_4127007,base.br,base.state_br_pr,4127007,Teixeira Soares
city_4127106,base.br,base.state_br_pr,4127106,Telêmaco Borba
city_4127205,base.br,base.state_br_pr,4127205,Terra Boa
city_4127304,base.br,base.state_br_pr,4127304,Terra Rica
city_4127403,base.br,base.state_br_pr,4127403,Terra Roxa
city_4127502,base.br,base.state_br_pr,4127502,Tibagi
city_4127601,base.br,base.state_br_pr,4127601,Tijucas do Sul
city_4127700,base.br,base.state_br_pr,4127700,Toledo
city_4127809,base.br,base.state_br_pr,4127809,Tomazina
city_4127858,base.br,base.state_br_pr,4127858,Três Barras do Paraná
city_4127882,base.br,base.state_br_pr,4127882,Tunas do Paraná
city_4127908,base.br,base.state_br_pr,4127908,Tuneiras do Oeste
city_4127957,base.br,base.state_br_pr,4127957,Tupãssi
city_4127965,base.br,base.state_br_pr,4127965,Turvo
city_4128005,base.br,base.state_br_pr,4128005,Ubiratã
city_4128104,base.br,base.state_br_pr,4128104,Umuarama
city_4128203,base.br,base.state_br_pr,4128203,União da Vitória
city_4128302,base.br,base.state_br_pr,4128302,Uniflor
city_4128401,base.br,base.state_br_pr,4128401,Uraí
city_4128534,base.br,base.state_br_pr,4128534,Ventania
city_4128559,base.br,base.state_br_pr,4128559,Vera Cruz do Oeste
city_4128609,base.br,base.state_br_pr,4128609,Verê
city_4128658,base.br,base.state_br_pr,4128658,Virmond
city_4128708,base.br,base.state_br_pr,4128708,Vitorino
city_4128500,base.br,base.state_br_pr,4128500,Wenceslau Braz
city_4128807,base.br,base.state_br_pr,4128807,Xambrê
city_4200051,base.br,base.state_br_sc,4200051,Abdon Batista
city_4200101,base.br,base.state_br_sc,4200101,Abelardo Luz
city_4200200,base.br,base.state_br_sc,4200200,Agrolândia
city_4200309,base.br,base.state_br_sc,4200309,Agronômica
city_4200408,base.br,base.state_br_sc,4200408,Água Doce
city_4200507,base.br,base.state_br_sc,4200507,Águas de Chapecó
city_4200556,base.br,base.state_br_sc,4200556,Águas Frias
city_4200606,base.br,base.state_br_sc,4200606,Águas Mornas
city_4200705,base.br,base.state_br_sc,4200705,Alfredo Wagner
city_4200754,base.br,base.state_br_sc,4200754,Alto Bela Vista
city_4200804,base.br,base.state_br_sc,4200804,Anchieta
city_4200903,base.br,base.state_br_sc,4200903,Angelina
city_4201000,base.br,base.state_br_sc,4201000,Anita Garibaldi
city_4201109,base.br,base.state_br_sc,4201109,Anitápolis
city_4201208,base.br,base.state_br_sc,4201208,Antônio Carlos
city_4201257,base.br,base.state_br_sc,4201257,Apiúna
city_4201273,base.br,base.state_br_sc,4201273,Arabutã
city_4201307,base.br,base.state_br_sc,4201307,Araquari
city_4201406,base.br,base.state_br_sc,4201406,Araranguá
city_4201505,base.br,base.state_br_sc,4201505,Armazém
city_4201604,base.br,base.state_br_sc,4201604,Arroio Trinta
city_4201653,base.br,base.state_br_sc,4201653,Arvoredo
city_4201703,base.br,base.state_br_sc,4201703,Ascurra
city_4201802,base.br,base.state_br_sc,4201802,Atalanta
city_4201901,base.br,base.state_br_sc,4201901,Aurora
city_4201950,base.br,base.state_br_sc,4201950,Balneário Arroio do Silva
city_4202057,base.br,base.state_br_sc,4202057,Balneário Barra do Sul
city_4202008,base.br,base.state_br_sc,4202008,Balneário Camboriú
city_4202073,base.br,base.state_br_sc,4202073,Balneário Gaivota
city_4212809,base.br,base.state_br_sc,4212809,Balneário Piçarras
city_4220000,base.br,base.state_br_sc,4220000,Balneário Rincão
city_4202081,base.br,base.state_br_sc,4202081,Bandeirante
city_4202099,base.br,base.state_br_sc,4202099,Barra Bonita
city_4202107,base.br,base.state_br_sc,4202107,Barra Velha
city_4202131,base.br,base.state_br_sc,4202131,Bela Vista do Toldo
city_4202156,base.br,base.state_br_sc,4202156,Belmonte
city_4202206,base.br,base.state_br_sc,4202206,Benedito Novo
city_4202305,base.br,base.state_br_sc,4202305,Biguaçu
city_4202404,base.br,base.state_br_sc,4202404,Blumenau
city_4202438,base.br,base.state_br_sc,4202438,Bocaina do Sul
city_4202503,base.br,base.state_br_sc,4202503,Bom Jardim da Serra
city_4202537,base.br,base.state_br_sc,4202537,Bom Jesus
city_4202578,base.br,base.state_br_sc,4202578,Bom Jesus do Oeste
city_4202602,base.br,base.state_br_sc,4202602,Bom Retiro
city_4202453,base.br,base.state_br_sc,4202453,Bombinhas
city_4202701,base.br,base.state_br_sc,4202701,Botuverá
city_4202800,base.br,base.state_br_sc,4202800,Braço do Norte
city_4202859,base.br,base.state_br_sc,4202859,Braço do Trombudo
city_4202875,base.br,base.state_br_sc,4202875,Brunópolis
city_4202909,base.br,base.state_br_sc,4202909,Brusque
city_4203006,base.br,base.state_br_sc,4203006,Caçador
city_4203105,base.br,base.state_br_sc,4203105,Caibi
city_4203154,base.br,base.state_br_sc,4203154,Calmon
city_4203204,base.br,base.state_br_sc,4203204,Camboriú
city_4203303,base.br,base.state_br_sc,4203303,Campo Alegre
city_4203402,base.br,base.state_br_sc,4203402,Campo Belo do Sul
city_4203501,base.br,base.state_br_sc,4203501,Campo Erê
city_4203600,base.br,base.state_br_sc,4203600,Campos Novos
city_4203709,base.br,base.state_br_sc,4203709,Canelinha
city_4203808,base.br,base.state_br_sc,4203808,Canoinhas
city_4203253,base.br,base.state_br_sc,4203253,Capão Alto
city_4203907,base.br,base.state_br_sc,4203907,Capinzal
city_4203956,base.br,base.state_br_sc,4203956,Capivari de Baixo
city_4204004,base.br,base.state_br_sc,4204004,Catanduvas
city_4204103,base.br,base.state_br_sc,4204103,Caxambu do Sul
city_4204152,base.br,base.state_br_sc,4204152,Celso Ramos
city_4204178,base.br,base.state_br_sc,4204178,Cerro Negro
city_4204194,base.br,base.state_br_sc,4204194,Chapadão do Lageado
city_4204202,base.br,base.state_br_sc,4204202,Chapecó
city_4204251,base.br,base.state_br_sc,4204251,Cocal do Sul
city_4204301,base.br,base.state_br_sc,4204301,Concórdia
city_4204350,base.br,base.state_br_sc,4204350,Cordilheira Alta
city_4204400,base.br,base.state_br_sc,4204400,Coronel Freitas
city_4204459,base.br,base.state_br_sc,4204459,Coronel Martins
city_4204558,base.br,base.state_br_sc,4204558,Correia Pinto
city_4204509,base.br,base.state_br_sc,4204509,Corupá
city_4204608,base.br,base.state_br_sc,4204608,Criciúma
city_4204707,base.br,base.state_br_sc,4204707,Cunha Porã
city_4204756,base.br,base.state_br_sc,4204756,Cunhataí
city_4204806,base.br,base.state_br_sc,4204806,Curitibanos
city_4204905,base.br,base.state_br_sc,4204905,Descanso
city_4205001,base.br,base.state_br_sc,4205001,Dionísio Cerqueira
city_4205100,base.br,base.state_br_sc,4205100,Dona Emma
city_4205159,base.br,base.state_br_sc,4205159,Doutor Pedrinho
city_4205175,base.br,base.state_br_sc,4205175,Entre Rios
city_4205191,base.br,base.state_br_sc,4205191,Ermo
city_4205209,base.br,base.state_br_sc,4205209,Erval Velho
city_4205308,base.br,base.state_br_sc,4205308,Faxinal dos Guedes
city_4205357,base.br,base.state_br_sc,4205357,Flor do Sertão
city_4205407,base.br,base.state_br_sc,4205407,Florianópolis
city_4205431,base.br,base.state_br_sc,4205431,Formosa do Sul
city_4205456,base.br,base.state_br_sc,4205456,Forquilhinha
city_4205506,base.br,base.state_br_sc,4205506,Fraiburgo
city_4205555,base.br,base.state_br_sc,4205555,Frei Rogério
city_4205605,base.br,base.state_br_sc,4205605,Galvão
city_4205704,base.br,base.state_br_sc,4205704,Garopaba
city_4205803,base.br,base.state_br_sc,4205803,Garuva
city_4205902,base.br,base.state_br_sc,4205902,Gaspar
city_4206009,base.br,base.state_br_sc,4206009,Governador Celso Ramos
city_4206108,base.br,base.state_br_sc,4206108,Grão-Pará
city_4206207,base.br,base.state_br_sc,4206207,Gravatal
city_4206306,base.br,base.state_br_sc,4206306,Guabiruba
city_4206405,base.br,base.state_br_sc,4206405,Guaraciaba
city_4206504,base.br,base.state_br_sc,4206504,Guaramirim
city_4206603,base.br,base.state_br_sc,4206603,Guarujá do Sul
city_4206652,base.br,base.state_br_sc,4206652,Guatambú
city_4206702,base.br,base.state_br_sc,4206702,Herval d'Oeste
city_4206751,base.br,base.state_br_sc,4206751,Ibiam
city_4206801,base.br,base.state_br_sc,4206801,Ibicaré
city_4206900,base.br,base.state_br_sc,4206900,Ibirama
city_4207007,base.br,base.state_br_sc,4207007,Içara
city_4207106,base.br,base.state_br_sc,4207106,Ilhota
city_4207205,base.br,base.state_br_sc,4207205,Imaruí
city_4207304,base.br,base.state_br_sc,4207304,Imbituba
city_4207403,base.br,base.state_br_sc,4207403,Imbuia
city_4207502,base.br,base.state_br_sc,4207502,Indaial
city_4207577,base.br,base.state_br_sc,4207577,Iomerê
city_4207601,base.br,base.state_br_sc,4207601,Ipira
city_4207650,base.br,base.state_br_sc,4207650,Iporã do Oeste
city_4207684,base.br,base.state_br_sc,4207684,Ipuaçu
city_4207700,base.br,base.state_br_sc,4207700,Ipumirim
city_4207759,base.br,base.state_br_sc,4207759,Iraceminha
city_4207809,base.br,base.state_br_sc,4207809,Irani
city_4207858,base.br,base.state_br_sc,4207858,Irati
city_4207908,base.br,base.state_br_sc,4207908,Irineópolis
city_4208005,base.br,base.state_br_sc,4208005,Itá
city_4208104,base.br,base.state_br_sc,4208104,Itaiópolis
city_4208203,base.br,base.state_br_sc,4208203,Itajaí
city_4208302,base.br,base.state_br_sc,4208302,Itapema
city_4208401,base.br,base.state_br_sc,4208401,Itapiranga
city_4208450,base.br,base.state_br_sc,4208450,Itapoá
city_4208500,base.br,base.state_br_sc,4208500,Ituporanga
city_4208609,base.br,base.state_br_sc,4208609,Jaborá
city_4208708,base.br,base.state_br_sc,4208708,Jacinto Machado
city_4208807,base.br,base.state_br_sc,4208807,Jaguaruna
city_4208906,base.br,base.state_br_sc,4208906,Jaraguá do Sul
city_4208955,base.br,base.state_br_sc,4208955,Jardinópolis
city_4209003,base.br,base.state_br_sc,4209003,Joaçaba
city_4209102,base.br,base.state_br_sc,4209102,Joinville
city_4209151,base.br,base.state_br_sc,4209151,José Boiteux
city_4209177,base.br,base.state_br_sc,4209177,Jupiá
city_4209201,base.br,base.state_br_sc,4209201,Lacerdópolis
city_4209300,base.br,base.state_br_sc,4209300,Lages
city_4209409,base.br,base.state_br_sc,4209409,Laguna
city_4209458,base.br,base.state_br_sc,4209458,Lajeado Grande
city_4209508,base.br,base.state_br_sc,4209508,Laurentino
city_4209607,base.br,base.state_br_sc,4209607,Lauro Müller
city_4209706,base.br,base.state_br_sc,4209706,Lebon Régis
city_4209805,base.br,base.state_br_sc,4209805,Leoberto Leal
city_4209854,base.br,base.state_br_sc,4209854,Lindóia do Sul
city_4209904,base.br,base.state_br_sc,4209904,Lontras
city_4210001,base.br,base.state_br_sc,4210001,Luiz Alves
city_4210035,base.br,base.state_br_sc,4210035,Luzerna
city_4210050,base.br,base.state_br_sc,4210050,Macieira
city_4210100,base.br,base.state_br_sc,4210100,Mafra
city_4210209,base.br,base.state_br_sc,4210209,Major Gercino
city_4210308,base.br,base.state_br_sc,4210308,Major Vieira
city_4210407,base.br,base.state_br_sc,4210407,Maracajá
city_4210506,base.br,base.state_br_sc,4210506,Maravilha
city_4210555,base.br,base.state_br_sc,4210555,Marema
city_4210605,base.br,base.state_br_sc,4210605,Massaranduba
city_4210704,base.br,base.state_br_sc,4210704,Matos Costa
city_4210803,base.br,base.state_br_sc,4210803,Meleiro
city_4210852,base.br,base.state_br_sc,4210852,Mirim Doce
city_4210902,base.br,base.state_br_sc,4210902,Modelo
city_4211009,base.br,base.state_br_sc,4211009,Mondaí
city_4211058,base.br,base.state_br_sc,4211058,Monte Carlo
city_4211108,base.br,base.state_br_sc,4211108,Monte Castelo
city_4211207,base.br,base.state_br_sc,4211207,Morro da Fumaça
city_4211256,base.br,base.state_br_sc,4211256,Morro Grande
city_4211306,base.br,base.state_br_sc,4211306,Navegantes
city_4211405,base.br,base.state_br_sc,4211405,Nova Erechim
city_4211454,base.br,base.state_br_sc,4211454,Nova Itaberaba
city_4211504,base.br,base.state_br_sc,4211504,Nova Trento
city_4211603,base.br,base.state_br_sc,4211603,Nova Veneza
city_4211652,base.br,base.state_br_sc,4211652,Novo Horizonte
city_4211702,base.br,base.state_br_sc,4211702,Orleans
city_4211751,base.br,base.state_br_sc,4211751,Otacílio Costa
city_4211801,base.br,base.state_br_sc,4211801,Ouro
city_4211850,base.br,base.state_br_sc,4211850,Ouro Verde
city_4211876,base.br,base.state_br_sc,4211876,Paial
city_4211892,base.br,base.state_br_sc,4211892,Painel
city_4211900,base.br,base.state_br_sc,4211900,Palhoça
city_4212007,base.br,base.state_br_sc,4212007,Palma Sola
city_4212056,base.br,base.state_br_sc,4212056,Palmeira
city_4212106,base.br,base.state_br_sc,4212106,Palmitos
city_4212205,base.br,base.state_br_sc,4212205,Papanduva
city_4212239,base.br,base.state_br_sc,4212239,Paraíso
city_4212254,base.br,base.state_br_sc,4212254,Passo de Torres
city_4212270,base.br,base.state_br_sc,4212270,Passos Maia
city_4212304,base.br,base.state_br_sc,4212304,Paulo Lopes
city_4212403,base.br,base.state_br_sc,4212403,Pedras Grandes
city_4212502,base.br,base.state_br_sc,4212502,Penha
city_4212601,base.br,base.state_br_sc,4212601,Peritiba
city_4212650,base.br,base.state_br_sc,4212650,Pescaria Brava
city_4212700,base.br,base.state_br_sc,4212700,Petrolândia
city_4212908,base.br,base.state_br_sc,4212908,Pinhalzinho
city_4213005,base.br,base.state_br_sc,4213005,Pinheiro Preto
city_4213104,base.br,base.state_br_sc,4213104,Piratuba
city_4213153,base.br,base.state_br_sc,4213153,Planalto Alegre
city_4213203,base.br,base.state_br_sc,4213203,Pomerode
city_4213302,base.br,base.state_br_sc,4213302,Ponte Alta
city_4213351,base.br,base.state_br_sc,4213351,Ponte Alta do Norte
city_4213401,base.br,base.state_br_sc,4213401,Ponte Serrada
city_4213500,base.br,base.state_br_sc,4213500,Porto Belo
city_4213609,base.br,base.state_br_sc,4213609,Porto União
city_4213708,base.br,base.state_br_sc,4213708,Pouso Redondo
city_4213807,base.br,base.state_br_sc,4213807,Praia Grande
city_4213906,base.br,base.state_br_sc,4213906,Presidente Castello Branco
city_4214003,base.br,base.state_br_sc,4214003,Presidente Getúlio
city_4214102,base.br,base.state_br_sc,4214102,Presidente Nereu
city_4214151,base.br,base.state_br_sc,4214151,Princesa
city_4214201,base.br,base.state_br_sc,4214201,Quilombo
city_4214300,base.br,base.state_br_sc,4214300,Rancho Queimado
city_4214409,base.br,base.state_br_sc,4214409,Rio das Antas
city_4214508,base.br,base.state_br_sc,4214508,Rio do Campo
city_4214607,base.br,base.state_br_sc,4214607,Rio do Oeste
city_4214805,base.br,base.state_br_sc,4214805,Rio do Sul
city_4214706,base.br,base.state_br_sc,4214706,Rio dos Cedros
city_4214904,base.br,base.state_br_sc,4214904,Rio Fortuna
city_4215000,base.br,base.state_br_sc,4215000,Rio Negrinho
city_4215059,base.br,base.state_br_sc,4215059,Rio Rufino
city_4215075,base.br,base.state_br_sc,4215075,Riqueza
city_4215109,base.br,base.state_br_sc,4215109,Rodeio
city_4215208,base.br,base.state_br_sc,4215208,Romelândia
city_4215307,base.br,base.state_br_sc,4215307,Salete
city_4215356,base.br,base.state_br_sc,4215356,Saltinho
city_4215406,base.br,base.state_br_sc,4215406,Salto Veloso
city_4215455,base.br,base.state_br_sc,4215455,Sangão
city_4215505,base.br,base.state_br_sc,4215505,Santa Cecília
city_4215554,base.br,base.state_br_sc,4215554,Santa Helena
city_4215604,base.br,base.state_br_sc,4215604,Santa Rosa de Lima
city_4215653,base.br,base.state_br_sc,4215653,Santa Rosa do Sul
city_4215679,base.br,base.state_br_sc,4215679,Santa Terezinha
city_4215687,base.br,base.state_br_sc,4215687,Santa Terezinha do Progresso
city_4215695,base.br,base.state_br_sc,4215695,Santiago do Sul
city_4215703,base.br,base.state_br_sc,4215703,Santo Amaro da Imperatriz
city_4215802,base.br,base.state_br_sc,4215802,São Bento do Sul
city_4215752,base.br,base.state_br_sc,4215752,São Bernardino
city_4215901,base.br,base.state_br_sc,4215901,São Bonifácio
city_4216008,base.br,base.state_br_sc,4216008,São Carlos
city_4216057,base.br,base.state_br_sc,4216057,São Cristóvão do Sul
city_4216107,base.br,base.state_br_sc,4216107,São Domingos
city_4216206,base.br,base.state_br_sc,4216206,São Francisco do Sul
city_4216305,base.br,base.state_br_sc,4216305,São João Batista
city_4216354,base.br,base.state_br_sc,4216354,São João do Itaperiú
city_4216255,base.br,base.state_br_sc,4216255,São João do Oeste
city_4216404,base.br,base.state_br_sc,4216404,São João do Sul
city_4216503,base.br,base.state_br_sc,4216503,São Joaquim
city_4216602,base.br,base.state_br_sc,4216602,São José
city_4216701,base.br,base.state_br_sc,4216701,São José do Cedro
city_4216800,base.br,base.state_br_sc,4216800,São José do Cerrito
city_4216909,base.br,base.state_br_sc,4216909,São Lourenço do Oeste
city_4217006,base.br,base.state_br_sc,4217006,São Ludgero
city_4217105,base.br,base.state_br_sc,4217105,São Martinho
city_4217154,base.br,base.state_br_sc,4217154,São Miguel da Boa Vista
city_4217204,base.br,base.state_br_sc,4217204,São Miguel do Oeste
city_4217253,base.br,base.state_br_sc,4217253,São Pedro de Alcântara
city_4217303,base.br,base.state_br_sc,4217303,Saudades
city_4217402,base.br,base.state_br_sc,4217402,Schroeder
city_4217501,base.br,base.state_br_sc,4217501,Seara
city_4217550,base.br,base.state_br_sc,4217550,Serra Alta
city_4217600,base.br,base.state_br_sc,4217600,Siderópolis
city_4217709,base.br,base.state_br_sc,4217709,Sombrio
city_4217758,base.br,base.state_br_sc,4217758,Sul Brasil
city_4217808,base.br,base.state_br_sc,4217808,Taió
city_4217907,base.br,base.state_br_sc,4217907,Tangará
city_4217956,base.br,base.state_br_sc,4217956,Tigrinhos
city_4218004,base.br,base.state_br_sc,4218004,Tijucas
city_4218103,base.br,base.state_br_sc,4218103,Timbé do Sul
city_4218202,base.br,base.state_br_sc,4218202,Timbó
city_4218251,base.br,base.state_br_sc,4218251,Timbó Grande
city_4218301,base.br,base.state_br_sc,4218301,Três Barras
city_4218350,base.br,base.state_br_sc,4218350,Treviso
city_4218400,base.br,base.state_br_sc,4218400,Treze de Maio
city_4218509,base.br,base.state_br_sc,4218509,Treze Tílias
city_4218608,base.br,base.state_br_sc,4218608,Trombudo Central
city_4218707,base.br,base.state_br_sc,4218707,Tubarão
city_4218756,base.br,base.state_br_sc,4218756,Tunápolis
city_4218806,base.br,base.state_br_sc,4218806,Turvo
city_4218855,base.br,base.state_br_sc,4218855,União do Oeste
city_4218905,base.br,base.state_br_sc,4218905,Urubici
city_4218954,base.br,base.state_br_sc,4218954,Urupema
city_4219002,base.br,base.state_br_sc,4219002,Urussanga
city_4219101,base.br,base.state_br_sc,4219101,Vargeão
city_4219150,base.br,base.state_br_sc,4219150,Vargem
city_4219176,base.br,base.state_br_sc,4219176,Vargem Bonita
city_4219200,base.br,base.state_br_sc,4219200,Vidal Ramos
city_4219309,base.br,base.state_br_sc,4219309,Videira
city_4219358,base.br,base.state_br_sc,4219358,Vitor Meireles
city_4219408,base.br,base.state_br_sc,4219408,Witmarsum
city_4219507,base.br,base.state_br_sc,4219507,Xanxerê
city_4219606,base.br,base.state_br_sc,4219606,Xavantina
city_4219705,base.br,base.state_br_sc,4219705,Xaxim
city_4219853,base.br,base.state_br_sc,4219853,Zortéa
city_4300034,base.br,base.state_br_rs,4300034,Aceguá
city_4300059,base.br,base.state_br_rs,4300059,Água Santa
city_4300109,base.br,base.state_br_rs,4300109,Agudo
city_4300208,base.br,base.state_br_rs,4300208,Ajuricaba
city_4300307,base.br,base.state_br_rs,4300307,Alecrim
city_4300406,base.br,base.state_br_rs,4300406,Alegrete
city_4300455,base.br,base.state_br_rs,4300455,Alegria
city_4300471,base.br,base.state_br_rs,4300471,Almirante Tamandaré do Sul
city_4300505,base.br,base.state_br_rs,4300505,Alpestre
city_4300554,base.br,base.state_br_rs,4300554,Alto Alegre
city_4300570,base.br,base.state_br_rs,4300570,Alto Feliz
city_4300604,base.br,base.state_br_rs,4300604,Alvorada
city_4300638,base.br,base.state_br_rs,4300638,Amaral Ferrador
city_4300646,base.br,base.state_br_rs,4300646,Ametista do Sul
city_4300661,base.br,base.state_br_rs,4300661,André da Rocha
city_4300703,base.br,base.state_br_rs,4300703,Anta Gorda
city_4300802,base.br,base.state_br_rs,4300802,Antônio Prado
city_4300851,base.br,base.state_br_rs,4300851,Arambaré
city_4300877,base.br,base.state_br_rs,4300877,Araricá
city_4300901,base.br,base.state_br_rs,4300901,Aratiba
city_4301008,base.br,base.state_br_rs,4301008,Arroio do Meio
city_4301073,base.br,base.state_br_rs,4301073,Arroio do Padre
city_4301057,base.br,base.state_br_rs,4301057,Arroio do Sal
city_4301206,base.br,base.state_br_rs,4301206,Arroio do Tigre
city_4301107,base.br,base.state_br_rs,4301107,Arroio dos Ratos
city_4301305,base.br,base.state_br_rs,4301305,Arroio Grande
city_4301404,base.br,base.state_br_rs,4301404,Arvorezinha
city_4301503,base.br,base.state_br_rs,4301503,Augusto Pestana
city_4301552,base.br,base.state_br_rs,4301552,Áurea
city_4301602,base.br,base.state_br_rs,4301602,Bagé
city_4301636,base.br,base.state_br_rs,4301636,Balneário Pinhal
city_4301651,base.br,base.state_br_rs,4301651,Barão
city_4301701,base.br,base.state_br_rs,4301701,Barão de Cotegipe
city_4301750,base.br,base.state_br_rs,4301750,Barão do Triunfo
city_4301859,base.br,base.state_br_rs,4301859,Barra do Guarita
city_4301875,base.br,base.state_br_rs,4301875,Barra do Quaraí
city_4301909,base.br,base.state_br_rs,4301909,Barra do Ribeiro
city_4301925,base.br,base.state_br_rs,4301925,Barra do Rio Azul
city_4301958,base.br,base.state_br_rs,4301958,Barra Funda
city_4301800,base.br,base.state_br_rs,4301800,Barracão
city_4302006,base.br,base.state_br_rs,4302006,Barros Cassal
city_4302055,base.br,base.state_br_rs,4302055,Benjamin Constant do Sul
city_4302105,base.br,base.state_br_rs,4302105,Bento Gonçalves
city_4302154,base.br,base.state_br_rs,4302154,Boa Vista das Missões
city_4302204,base.br,base.state_br_rs,4302204,Boa Vista do Buricá
city_4302220,base.br,base.state_br_rs,4302220,Boa Vista do Cadeado
city_4302238,base.br,base.state_br_rs,4302238,Boa Vista do Incra
city_4302253,base.br,base.state_br_rs,4302253,Boa Vista do Sul
city_4302303,base.br,base.state_br_rs,4302303,Bom Jesus
city_4302352,base.br,base.state_br_rs,4302352,Bom Princípio
city_4302378,base.br,base.state_br_rs,4302378,Bom Progresso
city_4302402,base.br,base.state_br_rs,4302402,Bom Retiro do Sul
city_4302451,base.br,base.state_br_rs,4302451,Boqueirão do Leão
city_4302501,base.br,base.state_br_rs,4302501,Bossoroca
city_4302584,base.br,base.state_br_rs,4302584,Bozano
city_4302600,base.br,base.state_br_rs,4302600,Braga
city_4302659,base.br,base.state_br_rs,4302659,Brochier
city_4302709,base.br,base.state_br_rs,4302709,Butiá
city_4302808,base.br,base.state_br_rs,4302808,Caçapava do Sul
city_4302907,base.br,base.state_br_rs,4302907,Cacequi
city_4303004,base.br,base.state_br_rs,4303004,Cachoeira do Sul
city_4303103,base.br,base.state_br_rs,4303103,Cachoeirinha
city_4303202,base.br,base.state_br_rs,4303202,Cacique Doble
city_4303301,base.br,base.state_br_rs,4303301,Caibaté
city_4303400,base.br,base.state_br_rs,4303400,Caiçara
city_4303509,base.br,base.state_br_rs,4303509,Camaquã
city_4303558,base.br,base.state_br_rs,4303558,Camargo
city_4303608,base.br,base.state_br_rs,4303608,Cambará do Sul
city_4303673,base.br,base.state_br_rs,4303673,Campestre da Serra
city_4303707,base.br,base.state_br_rs,4303707,Campina das Missões
city_4303806,base.br,base.state_br_rs,4303806,Campinas do Sul
city_4303905,base.br,base.state_br_rs,4303905,Campo Bom
city_4304002,base.br,base.state_br_rs,4304002,Campo Novo
city_4304101,base.br,base.state_br_rs,4304101,Campos Borges
city_4304200,base.br,base.state_br_rs,4304200,Candelária
city_4304309,base.br,base.state_br_rs,4304309,Cândido Godói
city_4304358,base.br,base.state_br_rs,4304358,Candiota
city_4304408,base.br,base.state_br_rs,4304408,Canela
city_4304507,base.br,base.state_br_rs,4304507,Canguçu
city_4304606,base.br,base.state_br_rs,4304606,Canoas
city_4304614,base.br,base.state_br_rs,4304614,Canudos do Vale
city_4304622,base.br,base.state_br_rs,4304622,Capão Bonito do Sul
city_4304630,base.br,base.state_br_rs,4304630,Capão da Canoa
city_4304655,base.br,base.state_br_rs,4304655,Capão do Cipó
city_4304663,base.br,base.state_br_rs,4304663,Capão do Leão
city_4304689,base.br,base.state_br_rs,4304689,Capela de Santana
city_4304697,base.br,base.state_br_rs,4304697,Capitão
city_4304671,base.br,base.state_br_rs,4304671,Capivari do Sul
city_4304713,base.br,base.state_br_rs,4304713,Caraá
city_4304705,base.br,base.state_br_rs,4304705,Carazinho
city_4304804,base.br,base.state_br_rs,4304804,Carlos Barbosa
city_4304853,base.br,base.state_br_rs,4304853,Carlos Gomes
city_4304903,base.br,base.state_br_rs,4304903,Casca
city_4304952,base.br,base.state_br_rs,4304952,Caseiros
city_4305009,base.br,base.state_br_rs,4305009,Catuípe
city_4305108,base.br,base.state_br_rs,4305108,Caxias do Sul
city_4305116,base.br,base.state_br_rs,4305116,Centenário
city_4305124,base.br,base.state_br_rs,4305124,Cerrito
city_4305132,base.br,base.state_br_rs,4305132,Cerro Branco
city_4305157,base.br,base.state_br_rs,4305157,Cerro Grande
city_4305173,base.br,base.state_br_rs,4305173,Cerro Grande do Sul
city_4305207,base.br,base.state_br_rs,4305207,Cerro Largo
city_4305306,base.br,base.state_br_rs,4305306,Chapada
city_4305355,base.br,base.state_br_rs,4305355,Charqueadas
city_4305371,base.br,base.state_br_rs,4305371,Charrua
city_4305405,base.br,base.state_br_rs,4305405,Chiapetta
city_4305439,base.br,base.state_br_rs,4305439,Chuí
city_4305447,base.br,base.state_br_rs,4305447,Chuvisca
city_4305454,base.br,base.state_br_rs,4305454,Cidreira
city_4305504,base.br,base.state_br_rs,4305504,Ciríaco
city_4305587,base.br,base.state_br_rs,4305587,Colinas
city_4305603,base.br,base.state_br_rs,4305603,Colorado
city_4305702,base.br,base.state_br_rs,4305702,Condor
city_4305801,base.br,base.state_br_rs,4305801,Constantina
city_4305835,base.br,base.state_br_rs,4305835,Coqueiro Baixo
city_4305850,base.br,base.state_br_rs,4305850,Coqueiros do Sul
city_4305871,base.br,base.state_br_rs,4305871,Coronel Barros
city_4305900,base.br,base.state_br_rs,4305900,Coronel Bicaco
city_4305934,base.br,base.state_br_rs,4305934,Coronel Pilar
city_4305959,base.br,base.state_br_rs,4305959,Cotiporã
city_4305975,base.br,base.state_br_rs,4305975,Coxilha
city_4306007,base.br,base.state_br_rs,4306007,Crissiumal
city_4306056,base.br,base.state_br_rs,4306056,Cristal
city_4306072,base.br,base.state_br_rs,4306072,Cristal do Sul
city_4306106,base.br,base.state_br_rs,4306106,Cruz Alta
city_4306130,base.br,base.state_br_rs,4306130,Cruzaltense
city_4306205,base.br,base.state_br_rs,4306205,Cruzeiro do Sul
city_4306304,base.br,base.state_br_rs,4306304,David Canabarro
city_4306320,base.br,base.state_br_rs,4306320,Derrubadas
city_4306353,base.br,base.state_br_rs,4306353,Dezesseis de Novembro
city_4306379,base.br,base.state_br_rs,4306379,Dilermando de Aguiar
city_4306403,base.br,base.state_br_rs,4306403,Dois Irmãos
city_4306429,base.br,base.state_br_rs,4306429,Dois Irmãos das Missões
city_4306452,base.br,base.state_br_rs,4306452,Dois Lajeados
city_4306502,base.br,base.state_br_rs,4306502,Dom Feliciano
city_4306601,base.br,base.state_br_rs,4306601,Dom Pedrito
city_4306551,base.br,base.state_br_rs,4306551,Dom Pedro de Alcântara
city_4306700,base.br,base.state_br_rs,4306700,Dona Francisca
city_4306734,base.br,base.state_br_rs,4306734,Doutor Maurício Cardoso
city_4306759,base.br,base.state_br_rs,4306759,Doutor Ricardo
city_4306767,base.br,base.state_br_rs,4306767,Eldorado do Sul
city_4306809,base.br,base.state_br_rs,4306809,Encantado
city_4306908,base.br,base.state_br_rs,4306908,Encruzilhada do Sul
city_4306924,base.br,base.state_br_rs,4306924,Engenho Velho
city_4306957,base.br,base.state_br_rs,4306957,Entre Rios do Sul
city_4306932,base.br,base.state_br_rs,4306932,Entre-Ijuís
city_4306973,base.br,base.state_br_rs,4306973,Erebango
city_4307005,base.br,base.state_br_rs,4307005,Erechim
city_4307054,base.br,base.state_br_rs,4307054,Ernestina
city_4307203,base.br,base.state_br_rs,4307203,Erval Grande
city_4307302,base.br,base.state_br_rs,4307302,Erval Seco
city_4307401,base.br,base.state_br_rs,4307401,Esmeralda
city_4307450,base.br,base.state_br_rs,4307450,Esperança do Sul
city_4307500,base.br,base.state_br_rs,4307500,Espumoso
city_4307559,base.br,base.state_br_rs,4307559,Estação
city_4307609,base.br,base.state_br_rs,4307609,Estância Velha
city_4307708,base.br,base.state_br_rs,4307708,Esteio
city_4307807,base.br,base.state_br_rs,4307807,Estrela
city_4307815,base.br,base.state_br_rs,4307815,Estrela Velha
city_4307831,base.br,base.state_br_rs,4307831,Eugênio de Castro
city_4307864,base.br,base.state_br_rs,4307864,Fagundes Varela
city_4307906,base.br,base.state_br_rs,4307906,Farroupilha
city_4308003,base.br,base.state_br_rs,4308003,Faxinal do Soturno
city_4308052,base.br,base.state_br_rs,4308052,Faxinalzinho
city_4308078,base.br,base.state_br_rs,4308078,Fazenda Vilanova
city_4308102,base.br,base.state_br_rs,4308102,Feliz
city_4308201,base.br,base.state_br_rs,4308201,Flores da Cunha
city_4308250,base.br,base.state_br_rs,4308250,Floriano Peixoto
city_4308300,base.br,base.state_br_rs,4308300,Fontoura Xavier
city_4308409,base.br,base.state_br_rs,4308409,Formigueiro
city_4308433,base.br,base.state_br_rs,4308433,Forquetinha
city_4308458,base.br,base.state_br_rs,4308458,Fortaleza dos Valos
city_4308508,base.br,base.state_br_rs,4308508,Frederico Westphalen
city_4308607,base.br,base.state_br_rs,4308607,Garibaldi
city_4308656,base.br,base.state_br_rs,4308656,Garruchos
city_4308706,base.br,base.state_br_rs,4308706,Gaurama
city_4308805,base.br,base.state_br_rs,4308805,General Câmara
city_4308854,base.br,base.state_br_rs,4308854,Gentil
city_4308904,base.br,base.state_br_rs,4308904,Getúlio Vargas
city_4309001,base.br,base.state_br_rs,4309001,Giruá
city_4309050,base.br,base.state_br_rs,4309050,Glorinha
city_4309100,base.br,base.state_br_rs,4309100,Gramado
city_4309126,base.br,base.state_br_rs,4309126,Gramado dos Loureiros
city_4309159,base.br,base.state_br_rs,4309159,Gramado Xavier
city_4309209,base.br,base.state_br_rs,4309209,Gravataí
city_4309258,base.br,base.state_br_rs,4309258,Guabiju
city_4309308,base.br,base.state_br_rs,4309308,Guaíba
city_4309407,base.br,base.state_br_rs,4309407,Guaporé
city_4309506,base.br,base.state_br_rs,4309506,Guarani das Missões
city_4309555,base.br,base.state_br_rs,4309555,Harmonia
city_4307104,base.br,base.state_br_rs,4307104,Herval
city_4309571,base.br,base.state_br_rs,4309571,Herveiras
city_4309605,base.br,base.state_br_rs,4309605,Horizontina
city_4309654,base.br,base.state_br_rs,4309654,Hulha Negra
city_4309704,base.br,base.state_br_rs,4309704,Humaitá
city_4309753,base.br,base.state_br_rs,4309753,Ibarama
city_4309803,base.br,base.state_br_rs,4309803,Ibiaçá
city_4309902,base.br,base.state_br_rs,4309902,Ibiraiaras
city_4309951,base.br,base.state_br_rs,4309951,Ibirapuitã
city_4310009,base.br,base.state_br_rs,4310009,Ibirubá
city_4310108,base.br,base.state_br_rs,4310108,Igrejinha
city_4310207,base.br,base.state_br_rs,4310207,Ijuí
city_4310306,base.br,base.state_br_rs,4310306,Ilópolis
city_4310330,base.br,base.state_br_rs,4310330,Imbé
city_4310363,base.br,base.state_br_rs,4310363,Imigrante
city_4310405,base.br,base.state_br_rs,4310405,Independência
city_4310413,base.br,base.state_br_rs,4310413,Inhacorá
city_4310439,base.br,base.state_br_rs,4310439,Ipê
city_4310462,base.br,base.state_br_rs,4310462,Ipiranga do Sul
city_4310504,base.br,base.state_br_rs,4310504,Iraí
city_4310538,base.br,base.state_br_rs,4310538,Itaara
city_4310553,base.br,base.state_br_rs,4310553,Itacurubi
city_4310579,base.br,base.state_br_rs,4310579,Itapuca
city_4310603,base.br,base.state_br_rs,4310603,Itaqui
city_4310652,base.br,base.state_br_rs,4310652,Itati
city_4310702,base.br,base.state_br_rs,4310702,Itatiba do Sul
city_4310751,base.br,base.state_br_rs,4310751,Ivorá
city_4310801,base.br,base.state_br_rs,4310801,Ivoti
city_4310850,base.br,base.state_br_rs,4310850,Jaboticaba
city_4310876,base.br,base.state_br_rs,4310876,Jacuizinho
city_4310900,base.br,base.state_br_rs,4310900,Jacutinga
city_4311007,base.br,base.state_br_rs,4311007,Jaguarão
city_4311106,base.br,base.state_br_rs,4311106,Jaguari
city_4311122,base.br,base.state_br_rs,4311122,Jaquirana
city_4311130,base.br,base.state_br_rs,4311130,Jari
city_4311155,base.br,base.state_br_rs,4311155,Jóia
city_4311205,base.br,base.state_br_rs,4311205,Júlio de Castilhos
city_4311239,base.br,base.state_br_rs,4311239,Lagoa Bonita do Sul
city_4311270,base.br,base.state_br_rs,4311270,Lagoa dos Três Cantos
city_4311304,base.br,base.state_br_rs,4311304,Lagoa Vermelha
city_4311254,base.br,base.state_br_rs,4311254,Lagoão
city_4311403,base.br,base.state_br_rs,4311403,Lajeado
city_4311429,base.br,base.state_br_rs,4311429,Lajeado do Bugre
city_4311502,base.br,base.state_br_rs,4311502,Lavras do Sul
city_4311601,base.br,base.state_br_rs,4311601,Liberato Salzano
city_4311627,base.br,base.state_br_rs,4311627,Lindolfo Collor
city_4311643,base.br,base.state_br_rs,4311643,Linha Nova
city_4311718,base.br,base.state_br_rs,4311718,Maçambará
city_4311700,base.br,base.state_br_rs,4311700,Machadinho
city_4311734,base.br,base.state_br_rs,4311734,Mampituba
city_4311759,base.br,base.state_br_rs,4311759,Manoel Viana
city_4311775,base.br,base.state_br_rs,4311775,Maquiné
city_4311791,base.br,base.state_br_rs,4311791,Maratá
city_4311809,base.br,base.state_br_rs,4311809,Marau
city_4311908,base.br,base.state_br_rs,4311908,Marcelino Ramos
city_4311981,base.br,base.state_br_rs,4311981,Mariana Pimentel
city_4312005,base.br,base.state_br_rs,4312005,Mariano Moro
city_4312054,base.br,base.state_br_rs,4312054,Marques de Souza
city_4312104,base.br,base.state_br_rs,4312104,Mata
city_4312138,base.br,base.state_br_rs,4312138,Mato Castelhano
city_4312153,base.br,base.state_br_rs,4312153,Mato Leitão
city_4312179,base.br,base.state_br_rs,4312179,Mato Queimado
city_4312203,base.br,base.state_br_rs,4312203,Maximiliano de Almeida
city_4312252,base.br,base.state_br_rs,4312252,Minas do Leão
city_4312302,base.br,base.state_br_rs,4312302,Miraguaí
city_4312351,base.br,base.state_br_rs,4312351,Montauri
city_4312377,base.br,base.state_br_rs,4312377,Monte Alegre dos Campos
city_4312385,base.br,base.state_br_rs,4312385,Monte Belo do Sul
city_4312401,base.br,base.state_br_rs,4312401,Montenegro
city_4312427,base.br,base.state_br_rs,4312427,Mormaço
city_4312443,base.br,base.state_br_rs,4312443,Morrinhos do Sul
city_4312450,base.br,base.state_br_rs,4312450,Morro Redondo
city_4312476,base.br,base.state_br_rs,4312476,Morro Reuter
city_4312500,base.br,base.state_br_rs,4312500,Mostardas
city_4312609,base.br,base.state_br_rs,4312609,Muçum
city_4312617,base.br,base.state_br_rs,4312617,Muitos Capões
city_4312625,base.br,base.state_br_rs,4312625,Muliterno
city_4312658,base.br,base.state_br_rs,4312658,Não-Me-Toque
city_4312674,base.br,base.state_br_rs,4312674,Nicolau Vergueiro
city_4312708,base.br,base.state_br_rs,4312708,Nonoai
city_4312757,base.br,base.state_br_rs,4312757,Nova Alvorada
city_4312807,base.br,base.state_br_rs,4312807,Nova Araçá
city_4312906,base.br,base.state_br_rs,4312906,Nova Bassano
city_4312955,base.br,base.state_br_rs,4312955,Nova Boa Vista
city_4313003,base.br,base.state_br_rs,4313003,Nova Bréscia
city_4313011,base.br,base.state_br_rs,4313011,Nova Candelária
city_4313037,base.br,base.state_br_rs,4313037,Nova Esperança do Sul
city_4313060,base.br,base.state_br_rs,4313060,Nova Hartz
city_4313086,base.br,base.state_br_rs,4313086,Nova Pádua
city_4313102,base.br,base.state_br_rs,4313102,Nova Palma
city_4313201,base.br,base.state_br_rs,4313201,Nova Petrópolis
city_4313300,base.br,base.state_br_rs,4313300,Nova Prata
city_4313334,base.br,base.state_br_rs,4313334,Nova Ramada
city_4313359,base.br,base.state_br_rs,4313359,Nova Roma do Sul
city_4313375,base.br,base.state_br_rs,4313375,Nova Santa Rita
city_4313490,base.br,base.state_br_rs,4313490,Novo Barreiro
city_4313391,base.br,base.state_br_rs,4313391,Novo Cabrais
city_4313409,base.br,base.state_br_rs,4313409,Novo Hamburgo
city_4313425,base.br,base.state_br_rs,4313425,Novo Machado
city_4313441,base.br,base.state_br_rs,4313441,Novo Tiradentes
city_4313466,base.br,base.state_br_rs,4313466,Novo Xingu
city_4313508,base.br,base.state_br_rs,4313508,Osório
city_4313607,base.br,base.state_br_rs,4313607,Paim Filho
city_4313656,base.br,base.state_br_rs,4313656,Palmares do Sul
city_4313706,base.br,base.state_br_rs,4313706,Palmeira das Missões
city_4313805,base.br,base.state_br_rs,4313805,Palmitinho
city_4313904,base.br,base.state_br_rs,4313904,Panambi
city_4313953,base.br,base.state_br_rs,4313953,Pantano Grande
city_4314001,base.br,base.state_br_rs,4314001,Paraí
city_4314027,base.br,base.state_br_rs,4314027,Paraíso do Sul
city_4314035,base.br,base.state_br_rs,4314035,Pareci Novo
city_4314050,base.br,base.state_br_rs,4314050,Parobé
city_4314068,base.br,base.state_br_rs,4314068,Passa Sete
city_4314076,base.br,base.state_br_rs,4314076,Passo do Sobrado
city_4314100,base.br,base.state_br_rs,4314100,Passo Fundo
city_4314134,base.br,base.state_br_rs,4314134,Paulo Bento
city_4314159,base.br,base.state_br_rs,4314159,Paverama
city_4314175,base.br,base.state_br_rs,4314175,Pedras Altas
city_4314209,base.br,base.state_br_rs,4314209,Pedro Osório
city_4314308,base.br,base.state_br_rs,4314308,Pejuçara
city_4314407,base.br,base.state_br_rs,4314407,Pelotas
city_4314423,base.br,base.state_br_rs,4314423,Picada Café
city_4314456,base.br,base.state_br_rs,4314456,Pinhal
city_4314464,base.br,base.state_br_rs,4314464,Pinhal da Serra
city_4314472,base.br,base.state_br_rs,4314472,Pinhal Grande
city_4314498,base.br,base.state_br_rs,4314498,Pinheirinho do Vale
city_4314506,base.br,base.state_br_rs,4314506,Pinheiro Machado
city_4314548,base.br,base.state_br_rs,4314548,Pinto Bandeira
city_4314555,base.br,base.state_br_rs,4314555,Pirapó
city_4314605,base.br,base.state_br_rs,4314605,Piratini
city_4314704,base.br,base.state_br_rs,4314704,Planalto
city_4314753,base.br,base.state_br_rs,4314753,Poço das Antas
city_4314779,base.br,base.state_br_rs,4314779,Pontão
city_4314787,base.br,base.state_br_rs,4314787,Ponte Preta
city_4314803,base.br,base.state_br_rs,4314803,Portão
city_4314902,base.br,base.state_br_rs,4314902,Porto Alegre
city_4315008,base.br,base.state_br_rs,4315008,Porto Lucena
city_4315057,base.br,base.state_br_rs,4315057,Porto Mauá
city_4315073,base.br,base.state_br_rs,4315073,Porto Vera Cruz
city_4315107,base.br,base.state_br_rs,4315107,Porto Xavier
city_4315131,base.br,base.state_br_rs,4315131,Pouso Novo
city_4315149,base.br,base.state_br_rs,4315149,Presidente Lucena
city_4315156,base.br,base.state_br_rs,4315156,Progresso
city_4315172,base.br,base.state_br_rs,4315172,Protásio Alves
city_4315206,base.br,base.state_br_rs,4315206,Putinga
city_4315305,base.br,base.state_br_rs,4315305,Quaraí
city_4315313,base.br,base.state_br_rs,4315313,Quatro Irmãos
city_4315321,base.br,base.state_br_rs,4315321,Quevedos
city_4315354,base.br,base.state_br_rs,4315354,Quinze de Novembro
city_4315404,base.br,base.state_br_rs,4315404,Redentora
city_4315453,base.br,base.state_br_rs,4315453,Relvado
city_4315503,base.br,base.state_br_rs,4315503,Restinga Sêca
city_4315552,base.br,base.state_br_rs,4315552,Rio dos Índios
city_4315602,base.br,base.state_br_rs,4315602,Rio Grande
city_4315701,base.br,base.state_br_rs,4315701,Rio Pardo
city_4315750,base.br,base.state_br_rs,4315750,Riozinho
city_4315800,base.br,base.state_br_rs,4315800,Roca Sales
city_4315909,base.br,base.state_br_rs,4315909,Rodeio Bonito
city_4315958,base.br,base.state_br_rs,4315958,Rolador
city_4316006,base.br,base.state_br_rs,4316006,Rolante
city_4316105,base.br,base.state_br_rs,4316105,Ronda Alta
city_4316204,base.br,base.state_br_rs,4316204,Rondinha
city_4316303,base.br,base.state_br_rs,4316303,Roque Gonzales
city_4316402,base.br,base.state_br_rs,4316402,Rosário do Sul
city_4316428,base.br,base.state_br_rs,4316428,Sagrada Família
city_4316436,base.br,base.state_br_rs,4316436,Saldanha Marinho
city_4316451,base.br,base.state_br_rs,4316451,Salto do Jacuí
city_4316477,base.br,base.state_br_rs,4316477,Salvador das Missões
city_4316501,base.br,base.state_br_rs,4316501,Salvador do Sul
city_4316600,base.br,base.state_br_rs,4316600,Sananduva
city_4316709,base.br,base.state_br_rs,4316709,Santa Bárbara do Sul
city_4316733,base.br,base.state_br_rs,4316733,Santa Cecília do Sul
city_4316758,base.br,base.state_br_rs,4316758,Santa Clara do Sul
city_4316808,base.br,base.state_br_rs,4316808,Santa Cruz do Sul
city_4316972,base.br,base.state_br_rs,4316972,Santa Margarida do Sul
city_4316907,base.br,base.state_br_rs,4316907,Santa Maria
city_4316956,base.br,base.state_br_rs,4316956,Santa Maria do Herval
city_4317202,base.br,base.state_br_rs,4317202,Santa Rosa
city_4317251,base.br,base.state_br_rs,4317251,Santa Tereza
city_4317301,base.br,base.state_br_rs,4317301,Santa Vitória do Palmar
city_4317004,base.br,base.state_br_rs,4317004,Santana da Boa Vista
city_4317103,base.br,base.state_br_rs,4317103,Sant'Ana do Livramento
city_4317400,base.br,base.state_br_rs,4317400,Santiago
city_4317509,base.br,base.state_br_rs,4317509,Santo Ângelo
city_4317608,base.br,base.state_br_rs,4317608,Santo Antônio da Patrulha
city_4317707,base.br,base.state_br_rs,4317707,Santo Antônio das Missões
city_4317558,base.br,base.state_br_rs,4317558,Santo Antônio do Palma
city_4317756,base.br,base.state_br_rs,4317756,Santo Antônio do Planalto
city_4317806,base.br,base.state_br_rs,4317806,Santo Augusto
city_4317905,base.br,base.state_br_rs,4317905,Santo Cristo
city_4317954,base.br,base.state_br_rs,4317954,Santo Expedito do Sul
city_4318002,base.br,base.state_br_rs,4318002,São Borja
city_4318051,base.br,base.state_br_rs,4318051,São Domingos do Sul
city_4318101,base.br,base.state_br_rs,4318101,São Francisco de Assis
city_4318200,base.br,base.state_br_rs,4318200,São Francisco de Paula
city_4318309,base.br,base.state_br_rs,4318309,São Gabriel
city_4318408,base.br,base.state_br_rs,4318408,São Jerônimo
city_4318424,base.br,base.state_br_rs,4318424,São João da Urtiga
city_4318432,base.br,base.state_br_rs,4318432,São João do Polêsine
city_4318440,base.br,base.state_br_rs,4318440,São Jorge
city_4318457,base.br,base.state_br_rs,4318457,São José das Missões
city_4318465,base.br,base.state_br_rs,4318465,São José do Herval
city_4318481,base.br,base.state_br_rs,4318481,São José do Hortêncio
city_4318499,base.br,base.state_br_rs,4318499,São José do Inhacorá
city_4318507,base.br,base.state_br_rs,4318507,São José do Norte
city_4318606,base.br,base.state_br_rs,4318606,São José do Ouro
city_4318614,base.br,base.state_br_rs,4318614,São José do Sul
city_4318622,base.br,base.state_br_rs,4318622,São José dos Ausentes
city_4318705,base.br,base.state_br_rs,4318705,São Leopoldo
city_4318804,base.br,base.state_br_rs,4318804,São Lourenço do Sul
city_4318903,base.br,base.state_br_rs,4318903,São Luiz Gonzaga
city_4319000,base.br,base.state_br_rs,4319000,São Marcos
city_4319109,base.br,base.state_br_rs,4319109,São Martinho
city_4319125,base.br,base.state_br_rs,4319125,São Martinho da Serra
city_4319158,base.br,base.state_br_rs,4319158,São Miguel das Missões
city_4319208,base.br,base.state_br_rs,4319208,São Nicolau
city_4319307,base.br,base.state_br_rs,4319307,São Paulo das Missões
city_4319356,base.br,base.state_br_rs,4319356,São Pedro da Serra
city_4319364,base.br,base.state_br_rs,4319364,São Pedro das Missões
city_4319372,base.br,base.state_br_rs,4319372,São Pedro do Butiá
city_4319406,base.br,base.state_br_rs,4319406,São Pedro do Sul
city_4319505,base.br,base.state_br_rs,4319505,São Sebastião do Caí
city_4319604,base.br,base.state_br_rs,4319604,São Sepé
city_4319703,base.br,base.state_br_rs,4319703,São Valentim
city_4319711,base.br,base.state_br_rs,4319711,São Valentim do Sul
city_4319737,base.br,base.state_br_rs,4319737,São Valério do Sul
city_4319752,base.br,base.state_br_rs,4319752,São Vendelino
city_4319802,base.br,base.state_br_rs,4319802,São Vicente do Sul
city_4319901,base.br,base.state_br_rs,4319901,Sapiranga
city_4320008,base.br,base.state_br_rs,4320008,Sapucaia do Sul
city_4320107,base.br,base.state_br_rs,4320107,Sarandi
city_4320206,base.br,base.state_br_rs,4320206,Seberi
city_4320230,base.br,base.state_br_rs,4320230,Sede Nova
city_4320263,base.br,base.state_br_rs,4320263,Segredo
city_4320305,base.br,base.state_br_rs,4320305,Selbach
city_4320321,base.br,base.state_br_rs,4320321,Senador Salgado Filho
city_4320354,base.br,base.state_br_rs,4320354,Sentinela do Sul
city_4320404,base.br,base.state_br_rs,4320404,Serafina Corrêa
city_4320453,base.br,base.state_br_rs,4320453,Sério
city_4320503,base.br,base.state_br_rs,4320503,Sertão
city_4320552,base.br,base.state_br_rs,4320552,Sertão Santana
city_4320578,base.br,base.state_br_rs,4320578,Sete de Setembro
city_4320602,base.br,base.state_br_rs,4320602,Severiano de Almeida
city_4320651,base.br,base.state_br_rs,4320651,Silveira Martins
city_4320677,base.br,base.state_br_rs,4320677,Sinimbu
city_4320701,base.br,base.state_br_rs,4320701,Sobradinho
city_4320800,base.br,base.state_br_rs,4320800,Soledade
city_4320859,base.br,base.state_br_rs,4320859,Tabaí
city_4320909,base.br,base.state_br_rs,4320909,Tapejara
city_4321006,base.br,base.state_br_rs,4321006,Tapera
city_4321105,base.br,base.state_br_rs,4321105,Tapes
city_4321204,base.br,base.state_br_rs,4321204,Taquara
city_4321303,base.br,base.state_br_rs,4321303,Taquari
city_4321329,base.br,base.state_br_rs,4321329,Taquaruçu do Sul
city_4321352,base.br,base.state_br_rs,4321352,Tavares
city_4321402,base.br,base.state_br_rs,4321402,Tenente Portela
city_4321436,base.br,base.state_br_rs,4321436,Terra de Areia
city_4321451,base.br,base.state_br_rs,4321451,Teutônia
city_4321469,base.br,base.state_br_rs,4321469,Tio Hugo
city_4321477,base.br,base.state_br_rs,4321477,Tiradentes do Sul
city_4321493,base.br,base.state_br_rs,4321493,Toropi
city_4321501,base.br,base.state_br_rs,4321501,Torres
city_4321600,base.br,base.state_br_rs,4321600,Tramandaí
city_4321626,base.br,base.state_br_rs,4321626,Travesseiro
city_4321634,base.br,base.state_br_rs,4321634,Três Arroios
city_4321667,base.br,base.state_br_rs,4321667,Três Cachoeiras
city_4321709,base.br,base.state_br_rs,4321709,Três Coroas
city_4321808,base.br,base.state_br_rs,4321808,Três de Maio
city_4321832,base.br,base.state_br_rs,4321832,Três Forquilhas
city_4321857,base.br,base.state_br_rs,4321857,Três Palmeiras
city_4321907,base.br,base.state_br_rs,4321907,Três Passos
city_4321956,base.br,base.state_br_rs,4321956,Trindade do Sul
city_4322004,base.br,base.state_br_rs,4322004,Triunfo
city_4322103,base.br,base.state_br_rs,4322103,Tucunduva
city_4322152,base.br,base.state_br_rs,4322152,Tunas
city_4322186,base.br,base.state_br_rs,4322186,Tupanci do Sul
city_4322202,base.br,base.state_br_rs,4322202,Tupanciretã
city_4322251,base.br,base.state_br_rs,4322251,Tupandi
city_4322301,base.br,base.state_br_rs,4322301,Tuparendi
city_4322327,base.br,base.state_br_rs,4322327,Turuçu
city_4322343,base.br,base.state_br_rs,4322343,Ubiretama
city_4322350,base.br,base.state_br_rs,4322350,União da Serra
city_4322376,base.br,base.state_br_rs,4322376,Unistalda
city_4322400,base.br,base.state_br_rs,4322400,Uruguaiana
city_4322509,base.br,base.state_br_rs,4322509,Vacaria
city_4322533,base.br,base.state_br_rs,4322533,Vale do Sol
city_4322541,base.br,base.state_br_rs,4322541,Vale Real
city_4322525,base.br,base.state_br_rs,4322525,Vale Verde
city_4322558,base.br,base.state_br_rs,4322558,Vanini
city_4322608,base.br,base.state_br_rs,4322608,Venâncio Aires
city_4322707,base.br,base.state_br_rs,4322707,Vera Cruz
city_4322806,base.br,base.state_br_rs,4322806,Veranópolis
city_4322855,base.br,base.state_br_rs,4322855,Vespasiano Corrêa
city_4322905,base.br,base.state_br_rs,4322905,Viadutos
city_4323002,base.br,base.state_br_rs,4323002,Viamão
city_4323101,base.br,base.state_br_rs,4323101,Vicente Dutra
city_4323200,base.br,base.state_br_rs,4323200,Victor Graeff
city_4323309,base.br,base.state_br_rs,4323309,Vila Flores
city_4323358,base.br,base.state_br_rs,4323358,Vila Lângaro
city_4323408,base.br,base.state_br_rs,4323408,Vila Maria
city_4323457,base.br,base.state_br_rs,4323457,Vila Nova do Sul
city_4323507,base.br,base.state_br_rs,4323507,Vista Alegre
city_4323606,base.br,base.state_br_rs,4323606,Vista Alegre do Prata
city_4323705,base.br,base.state_br_rs,4323705,Vista Gaúcha
city_4323754,base.br,base.state_br_rs,4323754,Vitória das Missões
city_4323770,base.br,base.state_br_rs,4323770,Westfália
city_4323804,base.br,base.state_br_rs,4323804,Xangri-lá
city_5000203,base.br,base.state_br_ms,5000203,Água Clara
city_5000252,base.br,base.state_br_ms,5000252,Alcinópolis
city_5000609,base.br,base.state_br_ms,5000609,Amambai
city_5000708,base.br,base.state_br_ms,5000708,Anastácio
city_5000807,base.br,base.state_br_ms,5000807,Anaurilândia
city_5000856,base.br,base.state_br_ms,5000856,Angélica
city_5000906,base.br,base.state_br_ms,5000906,Antônio João
city_5001003,base.br,base.state_br_ms,5001003,Aparecida do Taboado
city_5001102,base.br,base.state_br_ms,5001102,Aquidauana
city_5001243,base.br,base.state_br_ms,5001243,Aral Moreira
city_5001508,base.br,base.state_br_ms,5001508,Bandeirantes
city_5001904,base.br,base.state_br_ms,5001904,Bataguassu
city_5002001,base.br,base.state_br_ms,5002001,Batayporã
city_5002100,base.br,base.state_br_ms,5002100,Bela Vista
city_5002159,base.br,base.state_br_ms,5002159,Bodoquena
city_5002209,base.br,base.state_br_ms,5002209,Bonito
city_5002308,base.br,base.state_br_ms,5002308,Brasilândia
city_5002407,base.br,base.state_br_ms,5002407,Caarapó
city_5002605,base.br,base.state_br_ms,5002605,Camapuã
city_5002704,base.br,base.state_br_ms,5002704,Campo Grande
city_5002803,base.br,base.state_br_ms,5002803,Caracol
city_5002902,base.br,base.state_br_ms,5002902,Cassilândia
city_5002951,base.br,base.state_br_ms,5002951,Chapadão do Sul
city_5003108,base.br,base.state_br_ms,5003108,Corguinho
city_5003157,base.br,base.state_br_ms,5003157,Coronel Sapucaia
city_5003207,base.br,base.state_br_ms,5003207,Corumbá
city_5003256,base.br,base.state_br_ms,5003256,Costa Rica
city_5003306,base.br,base.state_br_ms,5003306,Coxim
city_5003454,base.br,base.state_br_ms,5003454,Deodápolis
city_5003488,base.br,base.state_br_ms,5003488,Dois Irmãos do Buriti
city_5003504,base.br,base.state_br_ms,5003504,Douradina
city_5003702,base.br,base.state_br_ms,5003702,Dourados
city_5003751,base.br,base.state_br_ms,5003751,Eldorado
city_5003801,base.br,base.state_br_ms,5003801,Fátima do Sul
city_5003900,base.br,base.state_br_ms,5003900,Figueirão
city_5004007,base.br,base.state_br_ms,5004007,Glória de Dourados
city_5004106,base.br,base.state_br_ms,5004106,Guia Lopes da Laguna
city_5004304,base.br,base.state_br_ms,5004304,Iguatemi
city_5004403,base.br,base.state_br_ms,5004403,Inocência
city_5004502,base.br,base.state_br_ms,5004502,Itaporã
city_5004601,base.br,base.state_br_ms,5004601,Itaquiraí
city_5004700,base.br,base.state_br_ms,5004700,Ivinhema
city_5004809,base.br,base.state_br_ms,5004809,Japorã
city_5004908,base.br,base.state_br_ms,5004908,Jaraguari
city_5005004,base.br,base.state_br_ms,5005004,Jardim
city_5005103,base.br,base.state_br_ms,5005103,Jateí
city_5005152,base.br,base.state_br_ms,5005152,Juti
city_5005202,base.br,base.state_br_ms,5005202,Ladário
city_5005251,base.br,base.state_br_ms,5005251,Laguna Carapã
city_5005400,base.br,base.state_br_ms,5005400,Maracaju
city_5005608,base.br,base.state_br_ms,5005608,Miranda
city_5005681,base.br,base.state_br_ms,5005681,Mundo Novo
city_5005707,base.br,base.state_br_ms,5005707,Naviraí
city_5005806,base.br,base.state_br_ms,5005806,Nioaque
city_5006002,base.br,base.state_br_ms,5006002,Nova Alvorada do Sul
city_5006200,base.br,base.state_br_ms,5006200,Nova Andradina
city_5006259,base.br,base.state_br_ms,5006259,Novo Horizonte do Sul
city_5006275,base.br,base.state_br_ms,5006275,Paraíso das Águas
city_5006309,base.br,base.state_br_ms,5006309,Paranaíba
city_5006358,base.br,base.state_br_ms,5006358,Paranhos
city_5006408,base.br,base.state_br_ms,5006408,Pedro Gomes
city_5006606,base.br,base.state_br_ms,5006606,Ponta Porã
city_5006903,base.br,base.state_br_ms,5006903,Porto Murtinho
city_5007109,base.br,base.state_br_ms,5007109,Ribas do Rio Pardo
city_5007208,base.br,base.state_br_ms,5007208,Rio Brilhante
city_5007307,base.br,base.state_br_ms,5007307,Rio Negro
city_5007406,base.br,base.state_br_ms,5007406,Rio Verde de Mato Grosso
city_5007505,base.br,base.state_br_ms,5007505,Rochedo
city_5007554,base.br,base.state_br_ms,5007554,Santa Rita do Pardo
city_5007695,base.br,base.state_br_ms,5007695,São Gabriel do Oeste
city_5007802,base.br,base.state_br_ms,5007802,Selvíria
city_5007703,base.br,base.state_br_ms,5007703,Sete Quedas
city_5007901,base.br,base.state_br_ms,5007901,Sidrolândia
city_5007935,base.br,base.state_br_ms,5007935,Sonora
city_5007950,base.br,base.state_br_ms,5007950,Tacuru
city_5007976,base.br,base.state_br_ms,5007976,Taquarussu
city_5008008,base.br,base.state_br_ms,5008008,Terenos
city_5008305,base.br,base.state_br_ms,5008305,Três Lagoas
city_5008404,base.br,base.state_br_ms,5008404,Vicentina
city_5100102,base.br,base.state_br_mt,5100102,Acorizal
city_5100201,base.br,base.state_br_mt,5100201,Água Boa
city_5100250,base.br,base.state_br_mt,5100250,Alta Floresta
city_5100300,base.br,base.state_br_mt,5100300,Alto Araguaia
city_5100359,base.br,base.state_br_mt,5100359,Alto Boa Vista
city_5100409,base.br,base.state_br_mt,5100409,Alto Garças
city_5100508,base.br,base.state_br_mt,5100508,Alto Paraguai
city_5100607,base.br,base.state_br_mt,5100607,Alto Taquari
city_5100805,base.br,base.state_br_mt,5100805,Apiacás
city_5101001,base.br,base.state_br_mt,5101001,Araguaiana
city_5101209,base.br,base.state_br_mt,5101209,Araguainha
city_5101258,base.br,base.state_br_mt,5101258,Araputanga
city_5101308,base.br,base.state_br_mt,5101308,Arenápolis
city_5101407,base.br,base.state_br_mt,5101407,Aripuanã
city_5101605,base.br,base.state_br_mt,5101605,Barão de Melgaço
city_5101704,base.br,base.state_br_mt,5101704,Barra do Bugres
city_5101803,base.br,base.state_br_mt,5101803,Barra do Garças
city_5101837,base.br,base.state_br_mt,5101837,Boa Esperança do Norte
city_5101852,base.br,base.state_br_mt,5101852,Bom Jesus do Araguaia
city_5101902,base.br,base.state_br_mt,5101902,Brasnorte
city_5102504,base.br,base.state_br_mt,5102504,Cáceres
city_5102603,base.br,base.state_br_mt,5102603,Campinápolis
city_5102637,base.br,base.state_br_mt,5102637,Campo Novo do Parecis
city_5102678,base.br,base.state_br_mt,5102678,Campo Verde
city_5102686,base.br,base.state_br_mt,5102686,Campos de Júlio
city_5102694,base.br,base.state_br_mt,5102694,Canabrava do Norte
city_5102702,base.br,base.state_br_mt,5102702,Canarana
city_5102793,base.br,base.state_br_mt,5102793,Carlinda
city_5102850,base.br,base.state_br_mt,5102850,Castanheira
city_5103007,base.br,base.state_br_mt,5103007,Chapada dos Guimarães
city_5103056,base.br,base.state_br_mt,5103056,Cláudia
city_5103106,base.br,base.state_br_mt,5103106,Cocalinho
city_5103205,base.br,base.state_br_mt,5103205,Colíder
city_5103254,base.br,base.state_br_mt,5103254,Colniza
city_5103304,base.br,base.state_br_mt,5103304,Comodoro
city_5103353,base.br,base.state_br_mt,5103353,Confresa
city_5103361,base.br,base.state_br_mt,5103361,Conquista D'Oeste
city_5103379,base.br,base.state_br_mt,5103379,Cotriguaçu
city_5103403,base.br,base.state_br_mt,5103403,Cuiabá
city_5103437,base.br,base.state_br_mt,5103437,Curvelândia
city_5103452,base.br,base.state_br_mt,5103452,Denise
city_5103502,base.br,base.state_br_mt,5103502,Diamantino
city_5103601,base.br,base.state_br_mt,5103601,Dom Aquino
city_5103700,base.br,base.state_br_mt,5103700,Feliz Natal
city_5103809,base.br,base.state_br_mt,5103809,Figueirópolis D'Oeste
city_5103858,base.br,base.state_br_mt,5103858,Gaúcha do Norte
city_5103908,base.br,base.state_br_mt,5103908,General Carneiro
city_5103957,base.br,base.state_br_mt,5103957,Glória D'Oeste
city_5104104,base.br,base.state_br_mt,5104104,Guarantã do Norte
city_5104203,base.br,base.state_br_mt,5104203,Guiratinga
city_5104500,base.br,base.state_br_mt,5104500,Indiavaí
city_5104526,base.br,base.state_br_mt,5104526,Ipiranga do Norte
city_5104542,base.br,base.state_br_mt,5104542,Itanhangá
city_5104559,base.br,base.state_br_mt,5104559,Itaúba
city_5104609,base.br,base.state_br_mt,5104609,Itiquira
city_5104807,base.br,base.state_br_mt,5104807,Jaciara
city_5104906,base.br,base.state_br_mt,5104906,Jangada
city_5105002,base.br,base.state_br_mt,5105002,Jauru
city_5105101,base.br,base.state_br_mt,5105101,Juara
city_5105150,base.br,base.state_br_mt,5105150,Juína
city_5105176,base.br,base.state_br_mt,5105176,Juruena
city_5105200,base.br,base.state_br_mt,5105200,Juscimeira
city_5105234,base.br,base.state_br_mt,5105234,Lambari D'Oeste
city_5105259,base.br,base.state_br_mt,5105259,Lucas do Rio Verde
city_5105309,base.br,base.state_br_mt,5105309,Luciara
city_5105580,base.br,base.state_br_mt,5105580,Marcelândia
city_5105606,base.br,base.state_br_mt,5105606,Matupá
city_5105622,base.br,base.state_br_mt,5105622,Mirassol d'Oeste
city_5105903,base.br,base.state_br_mt,5105903,Nobres
city_5106000,base.br,base.state_br_mt,5106000,Nortelândia
city_5106109,base.br,base.state_br_mt,5106109,Nossa Senhora do Livramento
city_5106158,base.br,base.state_br_mt,5106158,Nova Bandeirantes
city_5106208,base.br,base.state_br_mt,5106208,Nova Brasilândia
city_5106216,base.br,base.state_br_mt,5106216,Nova Canaã do Norte
city_5108808,base.br,base.state_br_mt,5108808,Nova Guarita
city_5106182,base.br,base.state_br_mt,5106182,Nova Lacerda
city_5108857,base.br,base.state_br_mt,5108857,Nova Marilândia
city_5108907,base.br,base.state_br_mt,5108907,Nova Maringá
city_5108956,base.br,base.state_br_mt,5108956,Nova Monte Verde
city_5106224,base.br,base.state_br_mt,5106224,Nova Mutum
city_5106174,base.br,base.state_br_mt,5106174,Nova Nazaré
city_5106232,base.br,base.state_br_mt,5106232,Nova Olímpia
city_5106190,base.br,base.state_br_mt,5106190,Nova Santa Helena
city_5106240,base.br,base.state_br_mt,5106240,Nova Ubiratã
city_5106257,base.br,base.state_br_mt,5106257,Nova Xavantina
city_5106273,base.br,base.state_br_mt,5106273,Novo Horizonte do Norte
city_5106265,base.br,base.state_br_mt,5106265,Novo Mundo
city_5106315,base.br,base.state_br_mt,5106315,Novo Santo Antônio
city_5106281,base.br,base.state_br_mt,5106281,Novo São Joaquim
city_5106299,base.br,base.state_br_mt,5106299,Paranaíta
city_5106307,base.br,base.state_br_mt,5106307,Paranatinga
city_5106372,base.br,base.state_br_mt,5106372,Pedra Preta
city_5106422,base.br,base.state_br_mt,5106422,Peixoto de Azevedo
city_5106455,base.br,base.state_br_mt,5106455,Planalto da Serra
city_5106505,base.br,base.state_br_mt,5106505,Poconé
city_5106653,base.br,base.state_br_mt,5106653,Pontal do Araguaia
city_5106703,base.br,base.state_br_mt,5106703,Ponte Branca
city_5106752,base.br,base.state_br_mt,5106752,Pontes e Lacerda
city_5106778,base.br,base.state_br_mt,5106778,Porto Alegre do Norte
city_5106802,base.br,base.state_br_mt,5106802,Porto dos Gaúchos
city_5106828,base.br,base.state_br_mt,5106828,Porto Esperidião
city_5106851,base.br,base.state_br_mt,5106851,Porto Estrela
city_5107008,base.br,base.state_br_mt,5107008,Poxoréu
city_5107040,base.br,base.state_br_mt,5107040,Primavera do Leste
city_5107065,base.br,base.state_br_mt,5107065,Querência
city_5107156,base.br,base.state_br_mt,5107156,Reserva do Cabaçal
city_5107180,base.br,base.state_br_mt,5107180,Ribeirão Cascalheira
city_5107198,base.br,base.state_br_mt,5107198,Ribeirãozinho
city_5107206,base.br,base.state_br_mt,5107206,Rio Branco
city_5107578,base.br,base.state_br_mt,5107578,Rondolândia
city_5107602,base.br,base.state_br_mt,5107602,Rondonópolis
city_5107701,base.br,base.state_br_mt,5107701,Rosário Oeste
city_5107750,base.br,base.state_br_mt,5107750,Salto do Céu
city_5107248,base.br,base.state_br_mt,5107248,Santa Carmem
city_5107743,base.br,base.state_br_mt,5107743,Santa Cruz do Xingu
city_5107768,base.br,base.state_br_mt,5107768,Santa Rita do Trivelato
city_5107776,base.br,base.state_br_mt,5107776,Santa Terezinha
city_5107263,base.br,base.state_br_mt,5107263,Santo Afonso
city_5107800,base.br,base.state_br_mt,5107800,Santo Antônio de Leverger
city_5107792,base.br,base.state_br_mt,5107792,Santo Antônio do Leste
city_5107859,base.br,base.state_br_mt,5107859,São Félix do Araguaia
city_5107297,base.br,base.state_br_mt,5107297,São José do Povo
city_5107305,base.br,base.state_br_mt,5107305,São José do Rio Claro
city_5107354,base.br,base.state_br_mt,5107354,São José do Xingu
city_5107107,base.br,base.state_br_mt,5107107,São José dos Quatro Marcos
city_5107404,base.br,base.state_br_mt,5107404,São Pedro da Cipa
city_5107875,base.br,base.state_br_mt,5107875,Sapezal
city_5107883,base.br,base.state_br_mt,5107883,Serra Nova Dourada
city_5107909,base.br,base.state_br_mt,5107909,Sinop
city_5107925,base.br,base.state_br_mt,5107925,Sorriso
city_5107941,base.br,base.state_br_mt,5107941,Tabaporã
city_5107958,base.br,base.state_br_mt,5107958,Tangará da Serra
city_5108006,base.br,base.state_br_mt,5108006,Tapurah
city_5108055,base.br,base.state_br_mt,5108055,Terra Nova do Norte
city_5108105,base.br,base.state_br_mt,5108105,Tesouro
city_5108204,base.br,base.state_br_mt,5108204,Torixoréu
city_5108303,base.br,base.state_br_mt,5108303,União do Sul
city_5108352,base.br,base.state_br_mt,5108352,Vale de São Domingos
city_5108402,base.br,base.state_br_mt,5108402,Várzea Grande
city_5108501,base.br,base.state_br_mt,5108501,Vera
city_5105507,base.br,base.state_br_mt,5105507,Vila Bela da Santíssima Trindade
city_5108600,base.br,base.state_br_mt,5108600,Vila Rica
city_5200050,base.br,base.state_br_go,5200050,Abadia de Goiás
city_5200100,base.br,base.state_br_go,5200100,Abadiânia
city_5200134,base.br,base.state_br_go,5200134,Acreúna
city_5200159,base.br,base.state_br_go,5200159,Adelândia
city_5200175,base.br,base.state_br_go,5200175,Água Fria de Goiás
city_5200209,base.br,base.state_br_go,5200209,Água Limpa
city_5200258,base.br,base.state_br_go,5200258,Águas Lindas de Goiás
city_5200308,base.br,base.state_br_go,5200308,Alexânia
city_5200506,base.br,base.state_br_go,5200506,Aloândia
city_5200555,base.br,base.state_br_go,5200555,Alto Horizonte
city_5200605,base.br,base.state_br_go,5200605,Alto Paraíso de Goiás
city_5200803,base.br,base.state_br_go,5200803,Alvorada do Norte
city_5200829,base.br,base.state_br_go,5200829,Amaralina
city_5200852,base.br,base.state_br_go,5200852,Americano do Brasil
city_5200902,base.br,base.state_br_go,5200902,Amorinópolis
city_5201108,base.br,base.state_br_go,5201108,Anápolis
city_5201207,base.br,base.state_br_go,5201207,Anhanguera
city_5201306,base.br,base.state_br_go,5201306,Anicuns
city_5201405,base.br,base.state_br_go,5201405,Aparecida de Goiânia
city_5201454,base.br,base.state_br_go,5201454,Aparecida do Rio Doce
city_5201504,base.br,base.state_br_go,5201504,Aporé
city_5201603,base.br,base.state_br_go,5201603,Araçu
city_5201702,base.br,base.state_br_go,5201702,Aragarças
city_5201801,base.br,base.state_br_go,5201801,Aragoiânia
city_5202155,base.br,base.state_br_go,5202155,Araguapaz
city_5202353,base.br,base.state_br_go,5202353,Arenópolis
city_5202502,base.br,base.state_br_go,5202502,Aruanã
city_5202601,base.br,base.state_br_go,5202601,Aurilândia
city_5202809,base.br,base.state_br_go,5202809,Avelinópolis
city_5203104,base.br,base.state_br_go,5203104,Baliza
city_5203203,base.br,base.state_br_go,5203203,Barro Alto
city_5203302,base.br,base.state_br_go,5203302,Bela Vista de Goiás
city_5203401,base.br,base.state_br_go,5203401,Bom Jardim de Goiás
city_5203500,base.br,base.state_br_go,5203500,Bom Jesus de Goiás
city_5203559,base.br,base.state_br_go,5203559,Bonfinópolis
city_5203575,base.br,base.state_br_go,5203575,Bonópolis
city_5203609,base.br,base.state_br_go,5203609,Brazabrantes
city_5203807,base.br,base.state_br_go,5203807,Britânia
city_5203906,base.br,base.state_br_go,5203906,Buriti Alegre
city_5203939,base.br,base.state_br_go,5203939,Buriti de Goiás
city_5203962,base.br,base.state_br_go,5203962,Buritinópolis
city_5204003,base.br,base.state_br_go,5204003,Cabeceiras
city_5204102,base.br,base.state_br_go,5204102,Cachoeira Alta
city_5204201,base.br,base.state_br_go,5204201,Cachoeira de Goiás
city_5204250,base.br,base.state_br_go,5204250,Cachoeira Dourada
city_5204300,base.br,base.state_br_go,5204300,Caçu
city_5204409,base.br,base.state_br_go,5204409,Caiapônia
city_5204508,base.br,base.state_br_go,5204508,Caldas Novas
city_5204557,base.br,base.state_br_go,5204557,Caldazinha
city_5204607,base.br,base.state_br_go,5204607,Campestre de Goiás
city_5204656,base.br,base.state_br_go,5204656,Campinaçu
city_5204706,base.br,base.state_br_go,5204706,Campinorte
city_5204805,base.br,base.state_br_go,5204805,Campo Alegre de Goiás
city_5204854,base.br,base.state_br_go,5204854,Campo Limpo de Goiás
city_5204904,base.br,base.state_br_go,5204904,Campos Belos
city_5204953,base.br,base.state_br_go,5204953,Campos Verdes
city_5205000,base.br,base.state_br_go,5205000,Carmo do Rio Verde
city_5205059,base.br,base.state_br_go,5205059,Castelândia
city_5205109,base.br,base.state_br_go,5205109,Catalão
city_5205208,base.br,base.state_br_go,5205208,Caturaí
city_5205307,base.br,base.state_br_go,5205307,Cavalcante
city_5205406,base.br,base.state_br_go,5205406,Ceres
city_5205455,base.br,base.state_br_go,5205455,Cezarina
city_5205471,base.br,base.state_br_go,5205471,Chapadão do Céu
city_5205497,base.br,base.state_br_go,5205497,Cidade Ocidental
city_5205513,base.br,base.state_br_go,5205513,Cocalzinho de Goiás
city_5205521,base.br,base.state_br_go,5205521,Colinas do Sul
city_5205703,base.br,base.state_br_go,5205703,Córrego do Ouro
city_5205802,base.br,base.state_br_go,5205802,Corumbá de Goiás
city_5205901,base.br,base.state_br_go,5205901,Corumbaíba
city_5206206,base.br,base.state_br_go,5206206,Cristalina
city_5206305,base.br,base.state_br_go,5206305,Cristianópolis
city_5206404,base.br,base.state_br_go,5206404,Crixás
city_5206503,base.br,base.state_br_go,5206503,Cromínia
city_5206602,base.br,base.state_br_go,5206602,Cumari
city_5206701,base.br,base.state_br_go,5206701,Damianópolis
city_5206800,base.br,base.state_br_go,5206800,Damolândia
city_5206909,base.br,base.state_br_go,5206909,Davinópolis
city_5207105,base.br,base.state_br_go,5207105,Diorama
city_5208301,base.br,base.state_br_go,5208301,Divinópolis de Goiás
city_5207253,base.br,base.state_br_go,5207253,Doverlândia
city_5207352,base.br,base.state_br_go,5207352,Edealina
city_5207402,base.br,base.state_br_go,5207402,Edéia
city_5207501,base.br,base.state_br_go,5207501,Estrela do Norte
city_5207535,base.br,base.state_br_go,5207535,Faina
city_5207600,base.br,base.state_br_go,5207600,Fazenda Nova
city_5207808,base.br,base.state_br_go,5207808,Firminópolis
city_5207907,base.br,base.state_br_go,5207907,Flores de Goiás
city_5208004,base.br,base.state_br_go,5208004,Formosa
city_5208103,base.br,base.state_br_go,5208103,Formoso
city_5208152,base.br,base.state_br_go,5208152,Gameleira de Goiás
city_5208400,base.br,base.state_br_go,5208400,Goianápolis
city_5208509,base.br,base.state_br_go,5208509,Goiandira
city_5208608,base.br,base.state_br_go,5208608,Goianésia
city_5208707,base.br,base.state_br_go,5208707,Goiânia
city_5208806,base.br,base.state_br_go,5208806,Goianira
city_5208905,base.br,base.state_br_go,5208905,Goiás
city_5209101,base.br,base.state_br_go,5209101,Goiatuba
city_5209150,base.br,base.state_br_go,5209150,Gouvelândia
city_5209200,base.br,base.state_br_go,5209200,Guapó
city_5209291,base.br,base.state_br_go,5209291,Guaraíta
city_5209408,base.br,base.state_br_go,5209408,Guarani de Goiás
city_5209457,base.br,base.state_br_go,5209457,Guarinos
city_5209606,base.br,base.state_br_go,5209606,Heitoraí
city_5209705,base.br,base.state_br_go,5209705,Hidrolândia
city_5209804,base.br,base.state_br_go,5209804,Hidrolina
city_5209903,base.br,base.state_br_go,5209903,Iaciara
city_5209937,base.br,base.state_br_go,5209937,Inaciolândia
city_5209952,base.br,base.state_br_go,5209952,Indiara
city_5210000,base.br,base.state_br_go,5210000,Inhumas
city_5210109,base.br,base.state_br_go,5210109,Ipameri
city_5210158,base.br,base.state_br_go,5210158,Ipiranga de Goiás
city_5210208,base.br,base.state_br_go,5210208,Iporá
city_5210307,base.br,base.state_br_go,5210307,Israelândia
city_5210406,base.br,base.state_br_go,5210406,Itaberaí
city_5210562,base.br,base.state_br_go,5210562,Itaguari
city_5210604,base.br,base.state_br_go,5210604,Itaguaru
city_5210802,base.br,base.state_br_go,5210802,Itajá
city_5210901,base.br,base.state_br_go,5210901,Itapaci
city_5211008,base.br,base.state_br_go,5211008,Itapirapuã
city_5211206,base.br,base.state_br_go,5211206,Itapuranga
city_5211305,base.br,base.state_br_go,5211305,Itarumã
city_5211404,base.br,base.state_br_go,5211404,Itauçu
city_5211503,base.br,base.state_br_go,5211503,Itumbiara
city_5211602,base.br,base.state_br_go,5211602,Ivolândia
city_5211701,base.br,base.state_br_go,5211701,Jandaia
city_5211800,base.br,base.state_br_go,5211800,Jaraguá
city_5211909,base.br,base.state_br_go,5211909,Jataí
city_5212006,base.br,base.state_br_go,5212006,Jaupaci
city_5212055,base.br,base.state_br_go,5212055,Jesúpolis
city_5212105,base.br,base.state_br_go,5212105,Joviânia
city_5212204,base.br,base.state_br_go,5212204,Jussara
city_5212253,base.br,base.state_br_go,5212253,Lagoa Santa
city_5212303,base.br,base.state_br_go,5212303,Leopoldo de Bulhões
city_5212501,base.br,base.state_br_go,5212501,Luziânia
city_5212600,base.br,base.state_br_go,5212600,Mairipotaba
city_5212709,base.br,base.state_br_go,5212709,Mambaí
city_5212808,base.br,base.state_br_go,5212808,Mara Rosa
city_5212907,base.br,base.state_br_go,5212907,Marzagão
city_5212956,base.br,base.state_br_go,5212956,Matrinchã
city_5213004,base.br,base.state_br_go,5213004,Maurilândia
city_5213053,base.br,base.state_br_go,5213053,Mimoso de Goiás
city_5213087,base.br,base.state_br_go,5213087,Minaçu
city_5213103,base.br,base.state_br_go,5213103,Mineiros
city_5213400,base.br,base.state_br_go,5213400,Moiporá
city_5213509,base.br,base.state_br_go,5213509,Monte Alegre de Goiás
city_5213707,base.br,base.state_br_go,5213707,Montes Claros de Goiás
city_5213756,base.br,base.state_br_go,5213756,Montividiu
city_5213772,base.br,base.state_br_go,5213772,Montividiu do Norte
city_5213806,base.br,base.state_br_go,5213806,Morrinhos
city_5213855,base.br,base.state_br_go,5213855,Morro Agudo de Goiás
city_5213905,base.br,base.state_br_go,5213905,Mossâmedes
city_5214002,base.br,base.state_br_go,5214002,Mozarlândia
city_5214051,base.br,base.state_br_go,5214051,Mundo Novo
city_5214101,base.br,base.state_br_go,5214101,Mutunópolis
city_5214408,base.br,base.state_br_go,5214408,Nazário
city_5214507,base.br,base.state_br_go,5214507,Nerópolis
city_5214606,base.br,base.state_br_go,5214606,Niquelândia
city_5214705,base.br,base.state_br_go,5214705,Nova América
city_5214804,base.br,base.state_br_go,5214804,Nova Aurora
city_5214838,base.br,base.state_br_go,5214838,Nova Crixás
city_5214861,base.br,base.state_br_go,5214861,Nova Glória
city_5214879,base.br,base.state_br_go,5214879,Nova Iguaçu de Goiás
city_5214903,base.br,base.state_br_go,5214903,Nova Roma
city_5215009,base.br,base.state_br_go,5215009,Nova Veneza
city_5215207,base.br,base.state_br_go,5215207,Novo Brasil
city_5215231,base.br,base.state_br_go,5215231,Novo Gama
city_5215256,base.br,base.state_br_go,5215256,Novo Planalto
city_5215306,base.br,base.state_br_go,5215306,Orizona
city_5215405,base.br,base.state_br_go,5215405,Ouro Verde de Goiás
city_5215504,base.br,base.state_br_go,5215504,Ouvidor
city_5215603,base.br,base.state_br_go,5215603,Padre Bernardo
city_5215652,base.br,base.state_br_go,5215652,Palestina de Goiás
city_5215702,base.br,base.state_br_go,5215702,Palmeiras de Goiás
city_5215801,base.br,base.state_br_go,5215801,Palmelo
city_5215900,base.br,base.state_br_go,5215900,Palminópolis
city_5216007,base.br,base.state_br_go,5216007,Panamá
city_5216304,base.br,base.state_br_go,5216304,Paranaiguara
city_5216403,base.br,base.state_br_go,5216403,Paraúna
city_5216452,base.br,base.state_br_go,5216452,Perolândia
city_5216809,base.br,base.state_br_go,5216809,Petrolina de Goiás
city_5216908,base.br,base.state_br_go,5216908,Pilar de Goiás
city_5217104,base.br,base.state_br_go,5217104,Piracanjuba
city_5217203,base.br,base.state_br_go,5217203,Piranhas
city_5217302,base.br,base.state_br_go,5217302,Pirenópolis
city_5217401,base.br,base.state_br_go,5217401,Pires do Rio
city_5217609,base.br,base.state_br_go,5217609,Planaltina
city_5217708,base.br,base.state_br_go,5217708,Pontalina
city_5218003,base.br,base.state_br_go,5218003,Porangatu
city_5218052,base.br,base.state_br_go,5218052,Porteirão
city_5218102,base.br,base.state_br_go,5218102,Portelândia
city_5218300,base.br,base.state_br_go,5218300,Posse
city_5218391,base.br,base.state_br_go,5218391,Professor Jamil
city_5218508,base.br,base.state_br_go,5218508,Quirinópolis
city_5218607,base.br,base.state_br_go,5218607,Rialma
city_5218706,base.br,base.state_br_go,5218706,Rianápolis
city_5218789,base.br,base.state_br_go,5218789,Rio Quente
city_5218805,base.br,base.state_br_go,5218805,Rio Verde
city_5218904,base.br,base.state_br_go,5218904,Rubiataba
city_5219001,base.br,base.state_br_go,5219001,Sanclerlândia
city_5219100,base.br,base.state_br_go,5219100,Santa Bárbara de Goiás
city_5219209,base.br,base.state_br_go,5219209,Santa Cruz de Goiás
city_5219258,base.br,base.state_br_go,5219258,Santa Fé de Goiás
city_5219308,base.br,base.state_br_go,5219308,Santa Helena de Goiás
city_5219357,base.br,base.state_br_go,5219357,Santa Isabel
city_5219407,base.br,base.state_br_go,5219407,Santa Rita do Araguaia
city_5219456,base.br,base.state_br_go,5219456,Santa Rita do Novo Destino
city_5219506,base.br,base.state_br_go,5219506,Santa Rosa de Goiás
city_5219605,base.br,base.state_br_go,5219605,Santa Tereza de Goiás
city_5219704,base.br,base.state_br_go,5219704,Santa Terezinha de Goiás
city_5219712,base.br,base.state_br_go,5219712,Santo Antônio da Barra
city_5219738,base.br,base.state_br_go,5219738,Santo Antônio de Goiás
city_5219753,base.br,base.state_br_go,5219753,Santo Antônio do Descoberto
city_5219803,base.br,base.state_br_go,5219803,São Domingos
city_5219902,base.br,base.state_br_go,5219902,São Francisco de Goiás
city_5220058,base.br,base.state_br_go,5220058,São João da Paraúna
city_5220009,base.br,base.state_br_go,5220009,São João d'Aliança
city_5220108,base.br,base.state_br_go,5220108,São Luís de Montes Belos
city_5220157,base.br,base.state_br_go,5220157,São Luiz do Norte
city_5220207,base.br,base.state_br_go,5220207,São Miguel do Araguaia
city_5220264,base.br,base.state_br_go,5220264,São Miguel do Passa Quatro
city_5220280,base.br,base.state_br_go,5220280,São Patrício
city_5220405,base.br,base.state_br_go,5220405,São Simão
city_5220454,base.br,base.state_br_go,5220454,Senador Canedo
city_5220504,base.br,base.state_br_go,5220504,Serranópolis
city_5220603,base.br,base.state_br_go,5220603,Silvânia
city_5220686,base.br,base.state_br_go,5220686,Simolândia
city_5220702,base.br,base.state_br_go,5220702,Sítio d'Abadia
city_5221007,base.br,base.state_br_go,5221007,Taquaral de Goiás
city_5221080,base.br,base.state_br_go,5221080,Teresina de Goiás
city_5221197,base.br,base.state_br_go,5221197,Terezópolis de Goiás
city_5221304,base.br,base.state_br_go,5221304,Três Ranchos
city_5221403,base.br,base.state_br_go,5221403,Trindade
city_5221452,base.br,base.state_br_go,5221452,Trombas
city_5221502,base.br,base.state_br_go,5221502,Turvânia
city_5221551,base.br,base.state_br_go,5221551,Turvelândia
city_5221577,base.br,base.state_br_go,5221577,Uirapuru
city_5221601,base.br,base.state_br_go,5221601,Uruaçu
city_5221700,base.br,base.state_br_go,5221700,Uruana
city_5221809,base.br,base.state_br_go,5221809,Urutaí
city_5221858,base.br,base.state_br_go,5221858,Valparaíso de Goiás
city_5221908,base.br,base.state_br_go,5221908,Varjão
city_5222005,base.br,base.state_br_go,5222005,Vianópolis
city_5222054,base.br,base.state_br_go,5222054,Vicentinópolis
city_5222203,base.br,base.state_br_go,5222203,Vila Boa
city_5222302,base.br,base.state_br_go,5222302,Vila Propício
city_5300108,base.br,base.state_br_df,5300108,Brasília